Employee_ID,Age,Experience,Monthly_Bonus,Department,Education,Promoted
50001,56.0,26.0,8270.0,Web,Bachelor,1
50002,38.0,15.0,4705.0,,Master,0
50003,36.0,15.0,6916.0,Software,Bachelor,0
50004,43.0,21.0,4976.0,Data,Bachelor,0
50005,54.0,24.0,7571.0,Cloud,Bachelor,0
50006,57.0,29.0,13997.0,AI,Master,1
50007,32.0,10.0,11758.0,Software,Master,0
50008,31.0,7.0,3705.0,AI,Bachelor,0
50009,42.0,17.0,9326.0,Cloud,Bachelor,0
50010,44.0,18.0,7524.0,Cloud,Bachelor,1
50011,31.0,10.0,3647.0,AI,Bachelor,0
50012,35.0,8.0,10101.0,AI,Master,0
50013,58.0,30.0,2028.0,Data,PhD,0
50014,51.0,20.0,5931.0,Software,Master,0
50015,55.0,24.0,6024.0,AI,Bachelor,1
50016,42.0,16.0,8304.0,Cloud,Bachelor,0
50017,36.0,5.0,3963.0,Web,Master,0
50018,29.0,5.0,8489.0,Data,PhD,0
50019,47.0,23.0,3991.0,Software,Master,0
50020,41.0,12.0,11965.0,AI,Bachelor,0
50021,37.0,13.0,,Software,Master,0
50022,30.0,8.0,9070.0,Web,PhD,0
50023,41.0,13.0,2000.0,Web,Master,0
50024,22.0,0.0,14761.0,Software,Bachelor,0
50025,23.0,0.0,2495.0,Data,Bachelor,0
50026,25.0,0.0,8170.0,Software,Master,0
50027,55.0,26.0,13795.0,Cloud,Bachelor,0
50028,34.0,13.0,7156.0,AI,Master,0
50029,25.0,0.0,5778.0,Software,PhD,0
50030,21.0,0.0,9133.0,AI,Bachelor,0
50031,58.0,30.0,3948.0,Data,Master,0
50032,51.0,28.0,6479.0,Software,Master,0
50033,27.0,4.0,6965.0,Web,Master,0
50034,53.0,28.0,9734.0,AI,Bachelor,1
50035,44.0,18.0,6074.0,Data,Master,1
50036,21.0,0.0,7080.0,Software,Master,0
50037,26.0,3.0,3733.0,Software,Bachelor,0
50038,42.0,13.0,7884.0,Data,PhD,1
50039,49.0,24.0,10680.0,Web,Bachelor,0
50040,38.0,10.0,4919.0,AI,Master,0
50041,26.0,3.0,11068.0,Software,PhD,0
50042,37.0,15.0,13219.0,Web,Master,0
50043,55.0,27.0,10404.0,AI,Bachelor,1
50044,23.0,0.0,,Data,Bachelor,0
50045,46.0,22.0,13767.0,AI,Master,0
50046,58.0,30.0,11220.0,,Bachelor,0
50047,45.0,21.0,7700.0,Data,Bachelor,1
50048,32.0,2.0,9703.0,Data,Master,0
50049,30.0,0.0,9424.0,Web,Master,0
50050,58.0,30.0,10800.0,AI,Master,1
50051,47.0,24.0,4411.0,Cloud,Bachelor,0
50052,37.0,16.0,3290.0,Software,Bachelor,0
50053,25.0,0.0,5610.0,Web,PhD,0
50054,29.0,5.0,,Web,Bachelor,0
50055,39.0,14.0,10524.0,Web,Bachelor,0
50056,31.0,3.0,14060.0,Software,Bachelor,0
50057,31.0,2.0,6033.0,Cloud,Master,0
50058,30.0,0.0,7802.0,Software,Master,0
50059,28.0,5.0,7777.0,AI,Bachelor,1
50060,53.0,28.0,9549.0,Software,Bachelor,0
50061,40.0,16.0,10429.0,AI,Bachelor,0
50062,54.0,30.0,9745.0,Data,Master,0
50063,47.0,20.0,4434.0,,PhD,0
50064,53.0,30.0,6485.0,Software,Master,1
50065,47.0,19.0,6329.0,Web,Bachelor,0
50066,,8.0,9090.0,Web,Bachelor,0
50067,32.0,7.0,9603.0,Data,PhD,0
50068,32.0,10.0,10671.0,Data,Master,1
50069,29.0,2.0,6841.0,Web,Master,1
50070,42.0,20.0,7211.0,Cloud,PhD,0
50071,59.0,30.0,4951.0,Software,Master,0
50072,49.0,28.0,11349.0,Software,Master,1
50073,52.0,28.0,9913.0,AI,Bachelor,0
50074,49.0,27.0,8593.0,Web,Bachelor,0
50075,35.0,8.0,12503.0,Data,Bachelor,0
50076,54.0,27.0,8072.0,Web,PhD,0
50077,31.0,3.0,8478.0,Software,Master,0
50078,51.0,29.0,8788.0,Software,Bachelor,0
50079,22.0,0.0,10119.0,AI,Bachelor,0
50080,41.0,19.0,11794.0,Software,Bachelor,0
50081,47.0,24.0,8449.0,AI,Master,0
50082,48.0,23.0,7445.0,Data,Bachelor,0
50083,25.0,2.0,11025.0,Data,Bachelor,1
50084,51.0,29.0,9232.0,Data,Master,0
50085,22.0,0.0,4295.0,AI,Bachelor,0
50086,28.0,0.0,4796.0,AI,Bachelor,0
50087,23.0,0.0,10618.0,AI,Master,0
50088,60.0,30.0,12371.0,Software,Bachelor,1
50089,41.0,19.0,10014.0,Data,Master,0
50090,42.0,21.0,7925.0,Web,Master,0
50091,39.0,10.0,7850.0,Software,Bachelor,0
50092,46.0,19.0,6811.0,Data,Master,0
50093,29.0,5.0,4854.0,AI,Bachelor,0
50094,47.0,17.0,5780.0,Data,PhD,0
50095,37.0,15.0,8086.0,AI,Bachelor,0
50096,49.0,22.0,5402.0,Data,Master,0
50097,43.0,22.0,11679.0,Software,Bachelor,1
50098,24.0,0.0,8525.0,Web,PhD,0
50099,39.0,12.0,7976.0,Data,Bachelor,0
50100,24.0,2.0,3092.0,Web,Master,0
50101,50.0,20.0,8153.0,Data,Bachelor,0
50102,32.0,8.0,6622.0,Software,Bachelor,0
50103,60.0,30.0,10460.0,Software,Bachelor,1
50104,26.0,0.0,3734.0,Web,Master,0
50105,43.0,19.0,2447.0,AI,Bachelor,0
50106,50.0,20.0,7451.0,Software,Master,0
50107,40.0,11.0,7375.0,Software,Bachelor,1
50108,39.0,16.0,7157.0,Data,Bachelor,0
50109,50.0,27.0,10804.0,Data,Bachelor,1
50110,28.0,0.0,6073.0,Data,Bachelor,0
50111,51.0,27.0,7565.0,Software,Master,0
50112,37.0,9.0,10601.0,Software,Master,0
50113,22.0,0.0,15172.0,AI,Bachelor,0
50114,28.0,0.0,12348.0,AI,Master,0
50115,39.0,13.0,7422.0,Web,Master,0
50116,50.0,23.0,8583.0,AI,Bachelor,0
50117,49.0,24.0,11850.0,AI,Master,1
50118,37.0,11.0,12772.0,Data,Bachelor,0
50119,42.0,18.0,9697.0,AI,Bachelor,0
50120,55.0,30.0,9407.0,Software,Bachelor,0
50121,57.0,28.0,3883.0,Software,Master,1
50122,49.0,21.0,5934.0,Cloud,,0
50123,44.0,16.0,11018.0,Web,Bachelor,0
50124,39.0,10.0,8711.0,Data,Bachelor,0
50125,41.0,11.0,7314.0,AI,PhD,1
50126,43.0,12.0,6464.0,AI,Master,1
50127,57.0,30.0,9119.0,Software,Bachelor,1
50128,60.0,30.0,6484.0,Web,Master,0
50129,56.0,28.0,9244.0,Data,Master,0
50130,49.0,20.0,2000.0,Software,Master,0
50131,21.0,0.0,12140.0,Data,Master,0
50132,38.0,13.0,7224.0,AI,Bachelor,0
50133,51.0,22.0,9031.0,Web,Bachelor,0
50134,36.0,6.0,9671.0,Data,Bachelor,1
50135,47.0,26.0,14458.0,Web,Bachelor,0
50136,55.0,25.0,6062.0,Software,Bachelor,0
50137,40.0,16.0,7083.0,Data,Master,0
50138,46.0,19.0,6271.0,AI,Master,0
50139,45.0,18.0,9840.0,Web,Master,1
50140,48.0,18.0,5237.0,Web,,1
50141,31.0,5.0,9551.0,Software,PhD,0
50142,27.0,2.0,11564.0,Web,Bachelor,1
50143,31.0,10.0,11814.0,Data,Bachelor,0
50144,38.0,17.0,7583.0,Data,Bachelor,1
50145,58.0,30.0,11775.0,AI,Bachelor,1
50146,21.0,0.0,6656.0,AI,Master,1
50147,50.0,28.0,6156.0,Software,Bachelor,0
50148,42.0,21.0,14161.0,Software,Master,0
50149,49.0,20.0,14694.0,Data,Bachelor,0
50150,21.0,0.0,5511.0,Software,Master,0
50151,23.0,0.0,2897.0,Software,Bachelor,0
50152,47.0,24.0,6106.0,Data,Bachelor,0
50153,29.0,0.0,9090.0,Cloud,PhD,0
50154,26.0,2.0,8653.0,Web,Master,0
50155,36.0,9.0,11294.0,Data,Master,1
50156,23.0,0.0,6305.0,Data,Master,0
50157,,25.0,12741.0,Data,Bachelor,0
50158,27.0,0.0,14345.0,AI,PhD,0
50159,31.0,8.0,5975.0,Software,Bachelor,0
50160,37.0,16.0,14790.0,Data,Master,1
50161,45.0,14.0,7576.0,Data,Master,0
50162,40.0,14.0,6531.0,Software,Bachelor,0
50163,46.0,15.0,9688.0,Software,Bachelor,0
50164,31.0,4.0,8931.0,Data,Bachelor,0
50165,45.0,23.0,8054.0,Cloud,Bachelor,0
50166,45.0,21.0,11545.0,Cloud,Bachelor,0
50167,29.0,7.0,5866.0,Cloud,PhD,0
50168,45.0,20.0,9579.0,Data,Master,0
50169,32.0,8.0,5521.0,Web,Bachelor,0
50170,,6.0,9555.0,Software,Bachelor,0
50171,45.0,19.0,,AI,Bachelor,1
50172,36.0,13.0,7811.0,Data,PhD,0
50173,43.0,21.0,9681.0,AI,Bachelor,0
50174,58.0,28.0,8324.0,AI,Master,1
50175,57.0,30.0,10055.0,Web,Master,1
50176,40.0,16.0,2000.0,Cloud,Master,0
50177,29.0,1.0,3958.0,Cloud,Bachelor,0
50178,53.0,30.0,9388.0,AI,Master,0
50179,33.0,11.0,9333.0,Cloud,Bachelor,0
50180,48.0,20.0,11977.0,AI,PhD,1
50181,25.0,2.0,,AI,Bachelor,0
50182,47.0,19.0,4846.0,Software,Bachelor,0
50183,39.0,13.0,6725.0,AI,Bachelor,0
50184,56.0,25.0,2346.0,,Bachelor,0
50185,28.0,7.0,9140.0,Software,Bachelor,0
50186,22.0,0.0,5148.0,Data,Bachelor,0
50187,40.0,15.0,,Data,Master,0
50188,43.0,16.0,9814.0,Cloud,Bachelor,1
50189,36.0,15.0,4415.0,Web,Bachelor,0
50190,56.0,30.0,11846.0,Software,Master,0
50191,52.0,29.0,6978.0,Software,Bachelor,1
50192,43.0,16.0,9656.0,Data,Bachelor,0
50193,35.0,7.0,10076.0,Software,Bachelor,0
50194,21.0,0.0,10879.0,Software,Bachelor,0
50195,25.0,1.0,5730.0,Web,Bachelor,0
50196,58.0,30.0,8287.0,Web,PhD,0
50197,49.0,23.0,4997.0,AI,Bachelor,0
50198,50.0,19.0,8436.0,Web,Bachelor,0
50199,46.0,17.0,11385.0,Data,Master,0
50200,36.0,10.0,10394.0,Cloud,Master,0
50201,52.0,27.0,9107.0,Data,Master,0
50202,28.0,3.0,9463.0,Software,Bachelor,0
50203,53.0,24.0,4430.0,Web,Bachelor,0
50204,21.0,0.0,2000.0,Web,Bachelor,0
50205,25.0,0.0,10987.0,AI,Bachelor,0
50206,58.0,30.0,2000.0,AI,Master,0
50207,50.0,26.0,10288.0,AI,Master,0
50208,54.0,28.0,7541.0,Software,Bachelor,1
50209,46.0,22.0,6460.0,Software,Bachelor,0
50210,26.0,0.0,6201.0,Web,Master,0
50211,29.0,1.0,7307.0,Software,Bachelor,0
50212,27.0,0.0,10513.0,Data,Master,0
50213,34.0,9.0,5091.0,Data,Bachelor,0
50214,,24.0,5033.0,Software,Master,0
50215,38.0,10.0,6795.0,Cloud,Bachelor,0
50216,26.0,0.0,12383.0,Data,PhD,0
50217,39.0,8.0,10653.0,,Bachelor,0
50218,43.0,12.0,7347.0,Cloud,Master,0
50219,25.0,4.0,2638.0,Data,Bachelor,1
50220,35.0,12.0,10238.0,Software,Bachelor,0
50221,54.0,26.0,13772.0,Cloud,Bachelor,1
50222,44.0,22.0,9371.0,Cloud,Bachelor,0
50223,56.0,30.0,2000.0,Software,Bachelor,1
50224,46.0,24.0,8559.0,Cloud,PhD,0
50225,45.0,21.0,11429.0,Software,Bachelor,0
50226,33.0,4.0,6495.0,Software,Master,0
50227,37.0,12.0,7989.0,Software,Master,0
50228,33.0,3.0,8055.0,Web,Bachelor,0
50229,47.0,26.0,7225.0,Software,Master,0
50230,28.0,0.0,9285.0,Data,Bachelor,0
50231,53.0,27.0,12520.0,AI,Master,1
50232,59.0,30.0,10529.0,Data,Master,0
50233,31.0,1.0,,Software,Bachelor,0
50234,38.0,17.0,8384.0,AI,Master,1
50235,50.0,29.0,8911.0,Web,Bachelor,0
50236,23.0,0.0,3687.0,Software,Master,0
50237,54.0,29.0,11064.0,Software,Bachelor,0
50238,40.0,15.0,7666.0,Cloud,Master,0
50239,34.0,4.0,8791.0,Web,Master,0
50240,47.0,25.0,10476.0,Cloud,Bachelor,0
50241,46.0,24.0,8065.0,Web,Master,0
50242,56.0,30.0,13523.0,Data,Master,0
50243,29.0,5.0,10603.0,Software,Bachelor,0
50244,34.0,8.0,8570.0,Web,Master,0
50245,60.0,30.0,5464.0,Data,Master,0
50246,52.0,26.0,4265.0,Software,Bachelor,1
50247,35.0,4.0,12196.0,Web,Master,0
50248,47.0,25.0,13154.0,Cloud,Master,0
50249,42.0,18.0,8496.0,Data,Bachelor,0
50250,58.0,27.0,11755.0,Software,Master,0
50251,21.0,0.0,2000.0,AI,Bachelor,0
50252,34.0,9.0,6469.0,Data,Bachelor,0
50253,38.0,15.0,9832.0,Data,PhD,0
50254,29.0,2.0,11595.0,Web,Master,0
50255,30.0,8.0,8451.0,Software,Master,0
50256,21.0,0.0,7788.0,Cloud,Bachelor,0
50257,57.0,29.0,7996.0,Software,Bachelor,0
50258,43.0,12.0,9226.0,AI,Master,0
50259,36.0,15.0,5921.0,Data,Bachelor,0
50260,44.0,15.0,6926.0,Cloud,Bachelor,0
50261,35.0,10.0,6460.0,AI,Bachelor,0
50262,36.0,10.0,9921.0,Web,,0
50263,37.0,6.0,8070.0,Cloud,Master,0
50264,56.0,29.0,4778.0,AI,Master,0
50265,,27.0,3426.0,Data,Bachelor,0
50266,30.0,3.0,9057.0,AI,Master,0
50267,24.0,0.0,3998.0,Software,Bachelor,0
50268,,28.0,9399.0,Software,Master,0
50269,26.0,0.0,14740.0,Data,Bachelor,0
50270,57.0,26.0,2813.0,Data,Master,1
50271,24.0,2.0,8724.0,Data,Master,0
50272,38.0,17.0,9223.0,Web,PhD,0
50273,44.0,17.0,7831.0,Cloud,Master,0
50274,22.0,0.0,9112.0,Software,Bachelor,0
50275,22.0,0.0,11756.0,AI,Master,0
50276,44.0,17.0,6863.0,Software,Bachelor,0
50277,40.0,15.0,8170.0,Data,Bachelor,0
50278,47.0,21.0,11440.0,Software,Master,0
50279,36.0,13.0,8401.0,Data,Bachelor,0
50280,58.0,30.0,3785.0,AI,Bachelor,0
50281,29.0,6.0,9038.0,Web,PhD,0
50282,55.0,30.0,10007.0,Data,Bachelor,1
50283,38.0,10.0,5748.0,Data,Bachelor,0
50284,39.0,12.0,6213.0,Data,Bachelor,0
50285,34.0,10.0,7207.0,AI,Master,0
50286,47.0,17.0,6595.0,Data,Master,0
50287,28.0,0.0,6491.0,Software,Master,0
50288,29.0,1.0,6989.0,Software,Bachelor,0
50289,54.0,30.0,8416.0,Web,Bachelor,1
50290,47.0,26.0,9004.0,Web,Bachelor,0
50291,43.0,15.0,8935.0,Cloud,Master,0
50292,52.0,21.0,9414.0,Data,Master,1
50293,30.0,1.0,12167.0,AI,PhD,0
50294,42.0,17.0,8614.0,Cloud,Bachelor,0
50295,,30.0,5043.0,Software,Bachelor,1
50296,34.0,7.0,7720.0,Software,Bachelor,0
50297,31.0,9.0,2718.0,Cloud,Bachelor,0
50298,22.0,1.0,10602.0,AI,Bachelor,0
50299,55.0,30.0,13775.0,AI,Bachelor,1
50300,38.0,12.0,5721.0,Web,Bachelor,0
50301,26.0,0.0,11733.0,AI,Master,0
50302,33.0,10.0,10246.0,Cloud,Bachelor,0
50303,23.0,0.0,7399.0,Software,Bachelor,0
50304,57.0,30.0,7704.0,Data,Bachelor,0
50305,50.0,20.0,6527.0,Data,Bachelor,0
50306,28.0,6.0,8368.0,Cloud,Bachelor,0
50307,58.0,29.0,6736.0,Software,Bachelor,0
50308,21.0,0.0,13515.0,Data,Master,0
50309,48.0,17.0,5515.0,Web,Bachelor,0
50310,32.0,2.0,11146.0,Cloud,Master,0
50311,47.0,24.0,11866.0,Software,PhD,0
50312,39.0,14.0,4090.0,AI,Bachelor,0
50313,59.0,30.0,6868.0,Web,Bachelor,0
50314,31.0,0.0,13326.0,Data,Bachelor,0
50315,50.0,26.0,9493.0,Software,Bachelor,1
50316,50.0,23.0,10575.0,Data,Master,1
50317,29.0,5.0,10360.0,Web,Master,0
50318,34.0,12.0,6618.0,AI,Master,0
50319,51.0,22.0,8036.0,Web,Bachelor,0
50320,28.0,0.0,2000.0,Cloud,Master,0
50321,30.0,0.0,10707.0,Web,Master,0
50322,28.0,3.0,10293.0,Software,Bachelor,0
50323,22.0,0.0,10339.0,AI,Bachelor,0
50324,53.0,30.0,9946.0,Data,Master,1
50325,46.0,15.0,10440.0,Data,Bachelor,0
50326,25.0,3.0,4337.0,Software,Master,0
50327,21.0,0.0,3277.0,Web,Bachelor,0
50328,,14.0,6430.0,Data,Master,1
50329,47.0,25.0,5047.0,AI,Master,0
50330,41.0,16.0,11419.0,AI,Bachelor,0
50331,29.0,0.0,6388.0,Cloud,Master,0
50332,32.0,4.0,9102.0,Data,Master,0
50333,46.0,17.0,4772.0,AI,Master,1
50334,54.0,30.0,11742.0,Web,Master,0
50335,47.0,18.0,11586.0,Web,Bachelor,1
50336,47.0,20.0,2000.0,Cloud,Bachelor,0
50337,58.0,27.0,9381.0,Web,Bachelor,0
50338,54.0,27.0,7058.0,AI,Master,0
50339,31.0,8.0,8114.0,Web,Bachelor,0
50340,33.0,4.0,7874.0,Software,Bachelor,0
50341,45.0,21.0,6145.0,Web,Bachelor,0
50342,50.0,22.0,11753.0,Data,Master,0
50343,39.0,13.0,7008.0,Data,Master,0
50344,41.0,15.0,3524.0,Data,Master,0
50345,45.0,15.0,7902.0,AI,Bachelor,0
50346,50.0,21.0,8497.0,Data,Master,0
50347,23.0,0.0,2674.0,Data,Master,0
50348,51.0,28.0,7419.0,Cloud,Bachelor,0
50349,30.0,7.0,7807.0,Data,Bachelor,0
50350,,6.0,8575.0,AI,Master,0
50351,25.0,3.0,9486.0,AI,Master,1
50352,45.0,15.0,6336.0,AI,Master,0
50353,44.0,19.0,10211.0,Web,Bachelor,0
50354,55.0,30.0,8866.0,Data,Master,1
50355,22.0,0.0,4794.0,AI,Bachelor,0
50356,24.0,1.0,7257.0,Cloud,Bachelor,0
50357,46.0,22.0,9319.0,Data,Master,0
50358,57.0,26.0,6977.0,Web,Bachelor,0
50359,51.0,20.0,8792.0,Software,Master,0
50360,32.0,2.0,4050.0,Data,Master,1
50361,58.0,27.0,4729.0,Cloud,Master,1
50362,51.0,20.0,11396.0,Web,Master,0
50363,54.0,30.0,9042.0,,Bachelor,0
50364,28.0,0.0,7320.0,Web,Bachelor,0
50365,53.0,30.0,8530.0,AI,Bachelor,1
50366,60.0,30.0,10362.0,AI,Master,1
50367,56.0,25.0,9778.0,AI,Bachelor,0
50368,43.0,14.0,8811.0,Cloud,Master,1
50369,56.0,26.0,6472.0,AI,Bachelor,0
50370,22.0,0.0,2448.0,Software,Bachelor,0
50371,22.0,0.0,7713.0,Web,Bachelor,0
50372,36.0,10.0,7344.0,Software,Bachelor,0
50373,47.0,18.0,12606.0,Cloud,Bachelor,0
50374,46.0,25.0,9168.0,AI,Bachelor,0
50375,30.0,7.0,11720.0,Cloud,Master,0
50376,48.0,17.0,6442.0,Data,Master,0
50377,38.0,16.0,9365.0,Data,Bachelor,0
50378,34.0,13.0,8946.0,Software,Bachelor,0
50379,38.0,8.0,5822.0,Data,Bachelor,0
50380,59.0,30.0,6522.0,Software,Bachelor,0
50381,35.0,8.0,5983.0,Data,Master,0
50382,37.0,12.0,11608.0,AI,Master,0
50383,31.0,3.0,9839.0,AI,Master,0
50384,28.0,5.0,4486.0,AI,Bachelor,0
50385,46.0,24.0,3979.0,Data,Bachelor,0
50386,53.0,29.0,9338.0,Software,Master,0
50387,45.0,19.0,6748.0,Software,Master,0
50388,58.0,30.0,8177.0,Cloud,Master,0
50389,25.0,0.0,11787.0,Web,Master,0
50390,49.0,26.0,11179.0,AI,Bachelor,1
50391,41.0,14.0,10466.0,Web,Bachelor,0
50392,30.0,2.0,6645.0,Data,Bachelor,0
50393,25.0,4.0,8519.0,Software,Bachelor,0
50394,33.0,3.0,10490.0,Software,Bachelor,0
50395,29.0,0.0,8124.0,Web,Master,0
50396,50.0,22.0,5759.0,Data,Bachelor,0
50397,47.0,23.0,4774.0,Software,Bachelor,0
50398,22.0,0.0,9136.0,Data,Bachelor,0
50399,21.0,0.0,5657.0,Web,Master,0
50400,32.0,5.0,7313.0,Data,Bachelor,0
50401,49.0,27.0,6044.0,AI,Master,0
50402,40.0,10.0,10604.0,Data,Master,0
50403,,0.0,11369.0,Web,Bachelor,0
50404,27.0,2.0,14006.0,Data,Master,0
50405,60.0,30.0,4324.0,Software,Bachelor,1
50406,55.0,24.0,9691.0,Web,Master,0
50407,46.0,15.0,10113.0,Software,Master,0
50408,53.0,27.0,3865.0,Web,Bachelor,0
50409,50.0,25.0,11978.0,AI,Master,1
50410,50.0,20.0,14077.0,Data,Bachelor,0
50411,40.0,10.0,11822.0,Data,Bachelor,0
50412,34.0,5.0,7242.0,Web,Bachelor,0
50413,57.0,30.0,4149.0,Software,Master,0
50414,55.0,24.0,8303.0,Data,Bachelor,0
50415,32.0,1.0,11899.0,AI,Master,0
50416,52.0,30.0,9688.0,Software,Bachelor,1
50417,38.0,14.0,7958.0,AI,Bachelor,0
50418,40.0,19.0,12817.0,Cloud,Master,0
50419,32.0,9.0,10510.0,Data,Bachelor,0
50420,29.0,4.0,11409.0,AI,Master,0
50421,26.0,0.0,5729.0,Cloud,Bachelor,0
50422,23.0,0.0,11092.0,AI,Master,0
50423,22.0,0.0,7253.0,Web,Bachelor,0
50424,44.0,15.0,9190.0,Cloud,Bachelor,0
50425,45.0,20.0,7403.0,Web,Master,0
50426,23.0,0.0,9032.0,Cloud,Master,1
50427,52.0,22.0,7364.0,Software,Master,0
50428,43.0,17.0,8905.0,AI,Master,0
50429,44.0,16.0,2000.0,Data,Bachelor,1
50430,21.0,0.0,4207.0,Software,PhD,0
50431,39.0,18.0,13787.0,Web,Master,0
50432,51.0,23.0,6357.0,Web,Bachelor,0
50433,34.0,13.0,6514.0,Data,Bachelor,0
50434,56.0,30.0,7792.0,AI,Bachelor,0
50435,47.0,24.0,2000.0,AI,PhD,0
50436,54.0,25.0,9224.0,Software,Master,0
50437,37.0,9.0,,Data,,0
50438,54.0,24.0,9135.0,Data,Bachelor,1
50439,58.0,30.0,14987.0,AI,Bachelor,1
50440,48.0,19.0,6909.0,Cloud,Master,0
50441,37.0,11.0,5409.0,Software,Bachelor,0
50442,54.0,30.0,12275.0,Data,Bachelor,1
50443,28.0,7.0,6627.0,Cloud,Master,0
50444,29.0,2.0,11519.0,Cloud,Bachelor,0
50445,58.0,30.0,10159.0,Software,Master,0
50446,50.0,26.0,10189.0,Software,PhD,1
50447,21.0,0.0,8308.0,Software,Master,0
50448,49.0,28.0,4865.0,Software,Master,0
50449,47.0,20.0,3232.0,AI,Bachelor,0
50450,42.0,20.0,7518.0,AI,Bachelor,0
50451,26.0,0.0,3808.0,Web,Master,0
50452,39.0,12.0,6765.0,Software,Bachelor,0
50453,43.0,19.0,4830.0,Software,Master,1
50454,49.0,27.0,6597.0,Web,Bachelor,0
50455,53.0,30.0,7425.0,Web,Bachelor,0
50456,21.0,0.0,9463.0,Data,Master,0
50457,38.0,15.0,6772.0,Data,Master,0
50458,28.0,0.0,8897.0,Cloud,Bachelor,0
50459,41.0,19.0,10651.0,Data,Bachelor,0
50460,35.0,9.0,6912.0,Software,Bachelor,0
50461,34.0,11.0,11070.0,Data,Bachelor,0
50462,56.0,28.0,10440.0,AI,Bachelor,0
50463,,8.0,3171.0,Software,Master,0
50464,41.0,16.0,7709.0,Software,Master,0
50465,36.0,10.0,12841.0,Web,Bachelor,1
50466,35.0,11.0,11182.0,Cloud,Bachelor,0
50467,38.0,15.0,5759.0,AI,PhD,0
50468,34.0,4.0,14023.0,Data,Bachelor,0
50469,33.0,5.0,6246.0,Data,Bachelor,1
50470,35.0,4.0,5123.0,Data,Master,0
50471,,30.0,11584.0,Data,Master,0
50472,58.0,28.0,5284.0,Data,Bachelor,0
50473,35.0,10.0,6867.0,AI,Master,0
50474,22.0,0.0,7182.0,Cloud,Bachelor,0
50475,35.0,8.0,10846.0,Web,Master,0
50476,36.0,15.0,8713.0,Data,Bachelor,0
50477,33.0,8.0,10093.0,Software,Bachelor,0
50478,55.0,26.0,7910.0,AI,Bachelor,0
50479,54.0,23.0,2844.0,Cloud,PhD,1
50480,56.0,28.0,9214.0,Data,Bachelor,0
50481,60.0,30.0,6523.0,AI,Master,1
50482,22.0,0.0,8479.0,Software,Master,0
50483,53.0,25.0,6977.0,Software,Master,1
50484,34.0,12.0,10652.0,Data,Master,0
50485,48.0,24.0,7551.0,AI,Master,1
50486,22.0,0.0,3091.0,Software,PhD,0
50487,59.0,30.0,5471.0,Software,Master,0
50488,33.0,12.0,5966.0,Cloud,Bachelor,0
50489,22.0,0.0,5419.0,Web,Bachelor,0
50490,35.0,10.0,15362.0,Cloud,Bachelor,0
50491,58.0,30.0,5125.0,Cloud,Master,0
50492,28.0,7.0,6342.0,AI,PhD,1
50493,32.0,4.0,5540.0,AI,Master,1
50494,60.0,30.0,3260.0,Data,PhD,1
50495,41.0,10.0,9091.0,Web,Master,0
50496,21.0,0.0,6756.0,Web,Bachelor,0
50497,41.0,10.0,11846.0,AI,Bachelor,0
50498,30.0,8.0,12381.0,Web,Bachelor,0
50499,50.0,24.0,6140.0,AI,Master,1
50500,47.0,19.0,2000.0,AI,Bachelor,0
50501,48.0,17.0,6363.0,Web,Bachelor,0
50502,41.0,11.0,10136.0,Software,Bachelor,0
50503,49.0,24.0,6789.0,Cloud,,0
50504,44.0,20.0,6648.0,Web,Bachelor,0
50505,49.0,18.0,8529.0,Cloud,Master,1
50506,21.0,0.0,7846.0,AI,Bachelor,0
50507,26.0,2.0,5637.0,Web,Master,0
50508,35.0,9.0,9885.0,Cloud,Bachelor,0
50509,25.0,3.0,5077.0,Cloud,Bachelor,0
50510,41.0,10.0,11711.0,Software,Master,0
50511,58.0,28.0,13442.0,AI,Master,1
50512,24.0,,11966.0,AI,Bachelor,0
50513,57.0,30.0,5276.0,Data,PhD,0
50514,33.0,4.0,4892.0,Data,Master,0
50515,35.0,9.0,10095.0,Software,Master,0
50516,42.0,20.0,8528.0,Web,Bachelor,0
50517,44.0,14.0,4923.0,Software,Master,0
50518,39.0,11.0,7792.0,Data,Bachelor,0
50519,42.0,17.0,6870.0,Software,Master,1
50520,42.0,21.0,7735.0,Web,Master,0
50521,35.0,12.0,8984.0,Cloud,Bachelor,0
50522,27.0,0.0,6598.0,Software,Bachelor,0
50523,54.0,24.0,,Software,Master,0
50524,43.0,15.0,2000.0,Web,Master,0
50525,26.0,0.0,12057.0,Data,Bachelor,0
50526,54.0,24.0,5027.0,AI,Bachelor,0
50527,40.0,13.0,13256.0,Cloud,Bachelor,1
50528,29.0,0.0,7888.0,Web,Master,0
50529,32.0,9.0,9080.0,Software,Bachelor,0
50530,40.0,10.0,6954.0,Cloud,Bachelor,0
50531,25.0,1.0,8129.0,Data,Master,0
50532,33.0,11.0,10238.0,Web,Master,0
50533,56.0,27.0,2000.0,Software,Bachelor,0
50534,28.0,7.0,12715.0,Data,Bachelor,0
50535,23.0,1.0,10758.0,Data,PhD,0
50536,58.0,30.0,3738.0,Web,Bachelor,0
50537,59.0,29.0,11273.0,Data,Master,1
50538,37.0,9.0,5362.0,Software,Bachelor,0
50539,40.0,11.0,7545.0,Web,Bachelor,0
50540,21.0,0.0,8243.0,Data,Bachelor,0
50541,34.0,3.0,5205.0,Data,Master,0
50542,30.0,0.0,6404.0,AI,Bachelor,1
50543,50.0,25.0,6187.0,Web,Bachelor,0
50544,26.0,1.0,5705.0,Web,Master,0
50545,51.0,25.0,2624.0,Data,Bachelor,0
50546,27.0,6.0,12751.0,Software,Bachelor,0
50547,37.0,11.0,10478.0,Web,Bachelor,0
50548,38.0,16.0,6170.0,Data,Bachelor,0
50549,27.0,0.0,5696.0,Software,Bachelor,0
50550,36.0,7.0,11891.0,Web,Bachelor,0
50551,58.0,28.0,10515.0,,Master,0
50552,46.0,16.0,6720.0,AI,Master,0
50553,55.0,30.0,7126.0,AI,Bachelor,0
50554,50.0,19.0,9417.0,Software,Bachelor,0
50555,56.0,30.0,9518.0,Data,Master,0
50556,31.0,8.0,8248.0,Web,Master,0
50557,41.0,12.0,8984.0,Software,Master,1
50558,28.0,7.0,7188.0,Cloud,Bachelor,0
50559,34.0,8.0,4525.0,Web,Master,0
50560,32.0,5.0,9264.0,Web,Bachelor,0
50561,53.0,30.0,10124.0,Cloud,Bachelor,0
50562,35.0,12.0,8320.0,Web,Master,0
50563,34.0,9.0,6523.0,Data,Master,0
50564,31.0,9.0,6274.0,AI,Bachelor,0
50565,45.0,15.0,6431.0,AI,Master,0
50566,31.0,8.0,10323.0,Data,PhD,0
50567,48.0,17.0,7432.0,Cloud,Bachelor,1
50568,58.0,30.0,12115.0,Software,Master,0
50569,37.0,16.0,7576.0,Data,Bachelor,0
50570,24.0,0.0,4805.0,,Master,0
50571,44.0,14.0,9732.0,AI,Bachelor,0
50572,53.0,30.0,7827.0,AI,Master,1
50573,57.0,30.0,4138.0,Web,Master,1
50574,39.0,9.0,9532.0,Data,Bachelor,0
50575,25.0,0.0,9706.0,AI,Bachelor,0
50576,43.0,17.0,11866.0,Web,Master,1
50577,24.0,2.0,9480.0,Software,,0
50578,53.0,25.0,6380.0,Cloud,Bachelor,0
50579,23.0,0.0,9333.0,Data,Bachelor,0
50580,39.0,11.0,6171.0,Software,Bachelor,0
50581,56.0,30.0,10893.0,AI,Bachelor,0
50582,55.0,30.0,12454.0,Web,Bachelor,0
50583,56.0,29.0,8033.0,Web,Bachelor,1
50584,31.0,8.0,2562.0,Software,Master,0
50585,48.0,18.0,7933.0,Software,,0
50586,47.0,24.0,8823.0,Software,Bachelor,1
50587,36.0,8.0,8827.0,Software,Bachelor,0
50588,23.0,0.0,5507.0,Cloud,Master,0
50589,50.0,29.0,11561.0,Cloud,Bachelor,0
50590,38.0,14.0,11572.0,Web,Bachelor,0
50591,24.0,0.0,2000.0,Software,Master,0
50592,29.0,0.0,8278.0,Web,Bachelor,1
50593,21.0,0.0,10479.0,Data,Bachelor,0
50594,52.0,25.0,11019.0,Cloud,Bachelor,0
50595,31.0,4.0,9170.0,Software,Bachelor,0
50596,53.0,22.0,10985.0,Web,Master,0
50597,27.0,0.0,5751.0,Web,Bachelor,0
50598,55.0,26.0,5656.0,Web,Bachelor,0
50599,53.0,25.0,6503.0,Data,Master,1
50600,42.0,11.0,9793.0,AI,Master,0
50601,24.0,0.0,11665.0,Data,Bachelor,0
50602,37.0,13.0,7880.0,Web,Bachelor,0
50603,38.0,12.0,7643.0,AI,Bachelor,0
50604,39.0,10.0,8577.0,Software,Bachelor,0
50605,57.0,30.0,5969.0,Software,Bachelor,1
50606,47.0,26.0,8958.0,Software,Bachelor,0
50607,50.0,19.0,8812.0,Software,Master,1
50608,55.0,26.0,10153.0,AI,Bachelor,1
50609,59.0,30.0,6671.0,Web,PhD,1
50610,33.0,6.0,10528.0,Software,Bachelor,0
50611,32.0,7.0,7715.0,AI,Master,0
50612,59.0,30.0,6846.0,Web,Bachelor,1
50613,25.0,0.0,5349.0,Web,Bachelor,0
50614,40.0,9.0,10243.0,Web,Bachelor,0
50615,42.0,14.0,7749.0,Software,Master,0
50616,44.0,17.0,7975.0,Web,Bachelor,0
50617,22.0,1.0,8238.0,Data,Bachelor,0
50618,22.0,1.0,3326.0,Web,Master,0
50619,51.0,25.0,8058.0,Data,Bachelor,1
50620,29.0,4.0,7734.0,Web,Bachelor,0
50621,32.0,11.0,11337.0,Cloud,Bachelor,1
50622,45.0,19.0,10176.0,Data,,0
50623,31.0,8.0,9773.0,Web,Bachelor,0
50624,51.0,26.0,14507.0,Software,Master,0
50625,54.0,30.0,7107.0,AI,Master,0
50626,33.0,10.0,6070.0,AI,Master,0
50627,37.0,8.0,7890.0,Data,Bachelor,0
50628,43.0,17.0,6406.0,Data,Master,0
50629,42.0,18.0,5845.0,AI,Master,1
50630,28.0,5.0,14668.0,Cloud,PhD,0
50631,44.0,16.0,13324.0,Data,Master,0
50632,24.0,0.0,7876.0,Data,Master,0
50633,55.0,30.0,7269.0,AI,Bachelor,0
50634,46.0,15.0,4191.0,AI,Master,0
50635,36.0,12.0,8513.0,AI,Master,0
50636,43.0,18.0,6412.0,Data,Bachelor,0
50637,51.0,26.0,4686.0,Cloud,PhD,0
50638,45.0,17.0,7717.0,Data,Master,0
50639,60.0,,7639.0,Data,Bachelor,0
50640,25.0,1.0,6518.0,AI,Bachelor,0
50641,30.0,3.0,3734.0,Data,Master,0
50642,37.0,16.0,9088.0,Data,Master,0
50643,34.0,6.0,5584.0,AI,Bachelor,0
50644,45.0,16.0,5096.0,Web,Bachelor,0
50645,52.0,27.0,10066.0,Data,Master,0
50646,57.0,30.0,3569.0,AI,Bachelor,0
50647,56.0,26.0,5621.0,Data,Bachelor,0
50648,28.0,6.0,9362.0,Software,Bachelor,0
50649,33.0,5.0,9559.0,AI,Bachelor,0
50650,54.0,24.0,8238.0,Web,Bachelor,0
50651,59.0,30.0,3170.0,Web,,0
50652,52.0,24.0,5923.0,Web,Bachelor,0
50653,55.0,25.0,8889.0,Software,Master,0
50654,23.0,0.0,5069.0,AI,Bachelor,0
50655,21.0,0.0,4154.0,Data,Master,0
50656,48.0,22.0,5852.0,Web,Bachelor,0
50657,33.0,9.0,4743.0,AI,Master,0
50658,57.0,30.0,8013.0,Software,Bachelor,0
50659,,0.0,5481.0,Data,Bachelor,0
50660,44.0,17.0,7180.0,Cloud,,0
50661,58.0,28.0,6166.0,AI,Master,0
50662,38.0,8.0,11102.0,Data,Bachelor,0
50663,54.0,29.0,10465.0,,Bachelor,1
50664,48.0,25.0,6844.0,Data,Master,1
50665,43.0,22.0,3298.0,Cloud,Master,0
50666,38.0,14.0,9174.0,AI,Master,1
50667,23.0,2.0,13388.0,Software,Bachelor,1
50668,42.0,16.0,6906.0,Data,Master,0
50669,30.0,1.0,6774.0,AI,Bachelor,0
50670,49.0,28.0,4844.0,Software,Bachelor,0
50671,21.0,0.0,11012.0,Web,Master,0
50672,33.0,5.0,10375.0,Data,Bachelor,0
50673,43.0,19.0,8721.0,Data,Master,1
50674,29.0,6.0,13268.0,,Bachelor,0
50675,22.0,0.0,3562.0,AI,Master,0
50676,34.0,11.0,2000.0,Software,Master,0
50677,36.0,6.0,10851.0,AI,Master,0
50678,28.0,2.0,8982.0,AI,Bachelor,0
50679,26.0,2.0,9067.0,Data,Bachelor,0
50680,55.0,25.0,8988.0,Software,PhD,1
50681,35.0,11.0,6808.0,Software,Master,0
50682,37.0,11.0,2823.0,Software,Bachelor,0
50683,57.0,30.0,6134.0,Web,Bachelor,0
50684,22.0,0.0,9263.0,Data,Bachelor,0
50685,41.0,17.0,11540.0,Data,Bachelor,0
50686,49.0,27.0,7364.0,Data,Bachelor,0
50687,33.0,,12032.0,Web,Bachelor,0
50688,56.0,27.0,8560.0,AI,Bachelor,1
50689,56.0,27.0,4719.0,Web,Master,0
50690,51.0,23.0,5348.0,Software,Bachelor,0
50691,44.0,21.0,2000.0,Cloud,Bachelor,0
50692,49.0,21.0,9123.0,AI,Bachelor,0
50693,52.0,25.0,5964.0,Data,Bachelor,0
50694,33.0,12.0,7055.0,Cloud,Master,0
50695,32.0,11.0,12297.0,Software,Master,0
50696,30.0,4.0,2000.0,Software,Master,0
50697,25.0,0.0,4612.0,Data,Bachelor,0
50698,47.0,23.0,6317.0,AI,Bachelor,0
50699,33.0,8.0,5820.0,Cloud,Master,0
50700,38.0,7.0,11594.0,Software,Master,0
50701,55.0,24.0,10813.0,Web,Master,1
50702,22.0,0.0,8966.0,Data,Bachelor,0
50703,35.0,7.0,7079.0,Web,Master,0
50704,23.0,0.0,8111.0,,Master,1
50705,41.0,14.0,5822.0,Software,Master,0
50706,40.0,11.0,10968.0,Data,Master,0
50707,41.0,15.0,11539.0,Software,Bachelor,1
50708,44.0,15.0,10771.0,Software,Bachelor,0
50709,39.0,18.0,4571.0,Data,Bachelor,0
50710,38.0,7.0,10092.0,Web,Master,0
50711,29.0,4.0,7445.0,AI,Master,0
50712,57.0,30.0,12970.0,AI,Master,1
50713,57.0,30.0,10739.0,Data,Bachelor,1
50714,22.0,0.0,7934.0,Web,Master,0
50715,38.0,9.0,5822.0,AI,Bachelor,0
50716,39.0,9.0,8610.0,Software,Master,0
50717,36.0,13.0,5884.0,Software,Bachelor,0
50718,27.0,1.0,,Data,Master,1
50719,53.0,30.0,9473.0,Cloud,Bachelor,0
50720,50.0,20.0,7593.0,AI,PhD,1
50721,27.0,5.0,7270.0,Cloud,Bachelor,0
50722,28.0,5.0,2700.0,Cloud,Master,0
50723,40.0,14.0,2837.0,Web,Master,0
50724,31.0,0.0,3424.0,Data,Master,0
50725,51.0,24.0,3117.0,Data,PhD,0
50726,44.0,20.0,9272.0,Web,Bachelor,0
50727,40.0,19.0,9676.0,Data,Bachelor,0
50728,52.0,30.0,7541.0,Data,Bachelor,0
50729,21.0,0.0,2886.0,Web,Bachelor,0
50730,24.0,1.0,4929.0,Cloud,Bachelor,0
50731,28.0,5.0,6947.0,Data,Bachelor,0
50732,35.0,10.0,7474.0,Data,Master,1
50733,58.0,30.0,6876.0,Web,Master,1
50734,47.0,18.0,15147.0,AI,Bachelor,0
50735,29.0,,8395.0,Data,Master,0
50736,33.0,3.0,10470.0,Data,Master,0
50737,51.0,30.0,13329.0,Web,Bachelor,1
50738,24.0,1.0,3483.0,Cloud,Bachelor,0
50739,50.0,27.0,3269.0,Data,Master,0
50740,43.0,14.0,9757.0,Web,Bachelor,0
50741,24.0,1.0,4395.0,Web,Bachelor,0
50742,39.0,10.0,9379.0,AI,Bachelor,0
50743,25.0,0.0,10920.0,Web,Bachelor,0
50744,26.0,0.0,6476.0,Web,Bachelor,0
50745,25.0,0.0,8202.0,Software,Bachelor,0
50746,43.0,19.0,7963.0,Cloud,Bachelor,0
50747,45.0,15.0,12311.0,Software,Master,0
50748,41.0,15.0,7783.0,,Bachelor,0
50749,43.0,19.0,7251.0,Data,Master,0
50750,34.0,8.0,8637.0,AI,Bachelor,0
50751,46.0,18.0,8145.0,Data,Bachelor,0
50752,44.0,13.0,8067.0,Software,Bachelor,0
50753,31.0,,7793.0,Web,Master,0
50754,59.0,30.0,12110.0,Software,PhD,1
50755,55.0,28.0,6296.0,Software,Bachelor,0
50756,22.0,0.0,8463.0,Data,Master,0
50757,59.0,30.0,7261.0,,Bachelor,0
50758,52.0,28.0,9001.0,Cloud,Master,0
50759,42.0,13.0,2593.0,Software,Master,0
50760,58.0,30.0,10693.0,AI,Master,1
50761,55.0,30.0,5829.0,AI,Bachelor,0
50762,57.0,29.0,8126.0,Web,Master,1
50763,53.0,28.0,14707.0,Data,Master,1
50764,29.0,8.0,4416.0,Data,Bachelor,0
50765,24.0,0.0,8688.0,Web,Master,0
50766,26.0,0.0,6739.0,Cloud,Bachelor,0
50767,34.0,8.0,7087.0,,Master,0
50768,55.0,26.0,6980.0,Software,Bachelor,0
50769,56.0,28.0,6763.0,AI,Master,0
50770,43.0,12.0,12713.0,Web,Bachelor,1
50771,36.0,9.0,5508.0,AI,Bachelor,0
50772,47.0,24.0,13411.0,Web,Bachelor,1
50773,,18.0,8980.0,Data,Bachelor,0
50774,39.0,15.0,5434.0,Web,Master,0
50775,41.0,15.0,3601.0,Web,Bachelor,0
50776,41.0,11.0,10810.0,AI,Bachelor,1
50777,43.0,17.0,7945.0,AI,Master,0
50778,45.0,23.0,10434.0,AI,Master,0
50779,60.0,29.0,13409.0,Cloud,Bachelor,0
50780,43.0,18.0,5791.0,Web,Bachelor,0
50781,24.0,2.0,7038.0,Data,Bachelor,0
50782,55.0,30.0,7081.0,AI,Bachelor,1
50783,40.0,15.0,3936.0,AI,Master,0
50784,44.0,14.0,7561.0,Web,Bachelor,0
50785,24.0,0.0,3935.0,AI,Master,0
50786,27.0,3.0,5580.0,AI,Bachelor,0
50787,27.0,0.0,5838.0,Web,Bachelor,0
50788,60.0,30.0,5726.0,AI,PhD,1
50789,28.0,5.0,7879.0,Data,Bachelor,0
50790,27.0,6.0,10730.0,Cloud,Bachelor,0
50791,47.0,,8713.0,Data,Bachelor,0
50792,54.0,26.0,2000.0,Data,,1
50793,60.0,30.0,10787.0,Web,Master,0
50794,25.0,0.0,6499.0,Data,Master,0
50795,42.0,18.0,5861.0,AI,Master,0
50796,36.0,14.0,10043.0,AI,Master,1
50797,48.0,21.0,4503.0,Web,Bachelor,0
50798,23.0,0.0,4899.0,AI,PhD,0
50799,25.0,0.0,7043.0,Data,Master,0
50800,50.0,21.0,11740.0,Cloud,Bachelor,0
50801,31.0,10.0,7809.0,AI,Bachelor,0
50802,33.0,3.0,11264.0,AI,Bachelor,0
50803,35.0,10.0,8386.0,Data,Bachelor,0
50804,37.0,8.0,8567.0,Web,Master,0
50805,23.0,0.0,5295.0,Cloud,Master,0
50806,28.0,4.0,7243.0,Data,Master,0
50807,41.0,10.0,5726.0,Web,Bachelor,0
50808,40.0,12.0,6869.0,Data,Master,0
50809,30.0,0.0,10606.0,Data,PhD,0
50810,49.0,23.0,9514.0,Web,Master,1
50811,60.0,30.0,8231.0,AI,Bachelor,0
50812,44.0,13.0,10267.0,Data,Bachelor,0
50813,51.0,24.0,5409.0,Software,Bachelor,1
50814,56.0,30.0,15467.0,AI,Bachelor,1
50815,53.0,23.0,12209.0,Software,Master,0
50816,23.0,0.0,8662.0,Web,Master,0
50817,41.0,,7331.0,Cloud,Bachelor,0
50818,42.0,21.0,8965.0,Data,Bachelor,0
50819,40.0,16.0,6434.0,Web,Master,1
50820,30.0,8.0,6895.0,Web,PhD,0
50821,44.0,19.0,4840.0,Software,Bachelor,0
50822,37.0,11.0,7202.0,Web,Bachelor,0
50823,,5.0,7338.0,AI,Bachelor,0
50824,41.0,15.0,12940.0,Software,Master,0
50825,24.0,3.0,8715.0,Software,,0
50826,30.0,6.0,4627.0,Data,Master,0
50827,58.0,30.0,6604.0,Data,Bachelor,0
50828,52.0,29.0,9234.0,Software,Master,0
50829,53.0,26.0,9561.0,Data,Bachelor,0
50830,41.0,15.0,,Cloud,Bachelor,0
50831,56.0,30.0,12351.0,Web,Master,0
50832,24.0,0.0,9648.0,Software,Bachelor,0
50833,26.0,2.0,8070.0,Web,PhD,0
50834,29.0,0.0,4344.0,Software,Bachelor,0
50835,29.0,3.0,10278.0,Data,Master,0
50836,31.0,0.0,8241.0,Web,,0
50837,57.0,30.0,6955.0,Software,Bachelor,0
50838,31.0,3.0,6633.0,Cloud,Bachelor,0
50839,55.0,30.0,10072.0,Cloud,Bachelor,0
50840,48.0,21.0,9890.0,Cloud,Bachelor,0
50841,40.0,10.0,5595.0,Cloud,Bachelor,0
50842,54.0,27.0,13325.0,,Master,1
50843,38.0,11.0,9413.0,Web,Bachelor,0
50844,52.0,21.0,3247.0,Cloud,Bachelor,0
50845,22.0,1.0,14761.0,Software,Bachelor,0
50846,35.0,5.0,8043.0,Web,Bachelor,0
50847,23.0,0.0,6508.0,Cloud,Bachelor,0
50848,32.0,11.0,6796.0,Web,Bachelor,0
50849,49.0,20.0,10661.0,Web,Bachelor,1
50850,40.0,16.0,6243.0,Software,Master,0
50851,35.0,10.0,7169.0,AI,Bachelor,0
50852,58.0,30.0,2196.0,Software,Bachelor,1
50853,42.0,19.0,8077.0,,Master,0
50854,34.0,11.0,7030.0,AI,Bachelor,0
50855,27.0,0.0,7377.0,Data,Master,0
50856,58.0,29.0,11915.0,Data,Bachelor,0
50857,31.0,1.0,8371.0,AI,Bachelor,0
50858,38.0,16.0,8171.0,Software,Bachelor,0
50859,30.0,3.0,7492.0,Software,PhD,0
50860,56.0,30.0,7028.0,AI,Master,0
50861,47.0,21.0,7158.0,Data,Master,0
50862,59.0,30.0,12167.0,Cloud,Bachelor,1
50863,36.0,5.0,11971.0,Web,Bachelor,0
50864,26.0,0.0,7913.0,Data,Master,0
50865,58.0,30.0,9746.0,Data,Bachelor,1
50866,35.0,8.0,12986.0,Software,Bachelor,0
50867,35.0,10.0,9194.0,Web,Bachelor,0
50868,34.0,12.0,7884.0,AI,PhD,0
50869,56.0,30.0,8518.0,Web,Master,0
50870,48.0,17.0,5372.0,Cloud,Bachelor,0
50871,60.0,30.0,10426.0,Data,Bachelor,0
50872,48.0,21.0,5737.0,Data,Bachelor,0
50873,40.0,15.0,4321.0,Data,Master,0
50874,39.0,16.0,10893.0,Data,Master,0
50875,29.0,6.0,3810.0,AI,Bachelor,0
50876,21.0,0.0,6461.0,Web,Bachelor,0
50877,56.0,28.0,3364.0,AI,Bachelor,0
50878,25.0,0.0,3098.0,Web,Master,0
50879,36.0,5.0,10431.0,Web,Bachelor,0
50880,44.0,22.0,4327.0,Software,Bachelor,1
50881,39.0,12.0,9990.0,Software,Master,0
50882,46.0,21.0,5870.0,AI,Bachelor,0
50883,53.0,30.0,6948.0,AI,Bachelor,0
50884,49.0,27.0,8629.0,Data,Master,0
50885,21.0,0.0,11813.0,Web,Master,1
50886,35.0,11.0,8830.0,AI,Bachelor,0
50887,31.0,9.0,5582.0,Data,Bachelor,0
50888,22.0,1.0,9554.0,Web,Bachelor,0
50889,60.0,30.0,10253.0,Software,Master,1
50890,34.0,8.0,12075.0,AI,Master,0
50891,26.0,2.0,6758.0,AI,Bachelor,0
50892,33.0,12.0,6209.0,Web,Bachelor,0
50893,55.0,28.0,4727.0,AI,Bachelor,0
50894,21.0,0.0,5455.0,Software,,0
50895,37.0,,11591.0,Web,Bachelor,0
50896,33.0,7.0,11895.0,Data,Bachelor,0
50897,22.0,0.0,4591.0,Software,PhD,0
50898,57.0,30.0,10254.0,AI,Master,1
50899,33.0,3.0,2000.0,Web,Master,0
50900,53.0,30.0,7398.0,Web,Bachelor,1
50901,25.0,0.0,3423.0,Web,Master,0
50902,24.0,0.0,5262.0,Software,Master,0
50903,59.0,30.0,12883.0,Software,Master,0
50904,23.0,0.0,8914.0,Software,Bachelor,0
50905,50.0,28.0,8249.0,Data,Bachelor,0
50906,24.0,0.0,11499.0,AI,Bachelor,0
50907,36.0,12.0,5890.0,AI,Bachelor,0
50908,46.0,16.0,10098.0,Data,PhD,0
50909,25.0,0.0,9592.0,Software,Bachelor,0
50910,54.0,23.0,11324.0,Data,Bachelor,0
50911,50.0,20.0,8691.0,Cloud,Bachelor,0
50912,44.0,22.0,6390.0,Data,Bachelor,0
50913,26.0,,8507.0,Cloud,Master,0
50914,26.0,1.0,3630.0,Data,Master,0
50915,31.0,10.0,11283.0,AI,Bachelor,0
50916,30.0,2.0,11379.0,Web,Master,0
50917,42.0,17.0,8398.0,Cloud,Bachelor,0
50918,21.0,0.0,7457.0,Data,Bachelor,0
50919,59.0,30.0,10104.0,AI,Bachelor,0
50920,53.0,24.0,10585.0,Software,Master,0
50921,33.0,3.0,9267.0,AI,Master,1
50922,52.0,24.0,3183.0,Data,Bachelor,0
50923,56.0,30.0,12181.0,AI,Bachelor,1
50924,25.0,4.0,8975.0,AI,Master,0
50925,35.0,14.0,5410.0,AI,Bachelor,0
50926,44.0,17.0,6932.0,Software,Bachelor,0
50927,21.0,0.0,5343.0,Software,Bachelor,0
50928,29.0,3.0,10154.0,Web,Bachelor,0
50929,39.0,10.0,5743.0,Data,PhD,0
50930,37.0,13.0,9557.0,Data,Bachelor,1
50931,33.0,6.0,8060.0,Data,Master,0
50932,26.0,0.0,8619.0,AI,Master,0
50933,55.0,25.0,10855.0,AI,Master,0
50934,39.0,14.0,9307.0,Web,Bachelor,0
50935,55.0,30.0,9656.0,Software,Bachelor,0
50936,28.0,5.0,5251.0,Web,Master,0
50937,32.0,4.0,6067.0,AI,Master,0
50938,29.0,7.0,2512.0,Data,Master,0
50939,59.0,30.0,11722.0,Web,Master,0
50940,33.0,2.0,5002.0,Web,PhD,0
50941,25.0,0.0,6204.0,AI,PhD,0
50942,23.0,0.0,4947.0,AI,Bachelor,0
50943,41.0,18.0,6153.0,Cloud,Bachelor,1
50944,51.0,30.0,12185.0,AI,Master,0
50945,54.0,25.0,3828.0,AI,Bachelor,0
50946,60.0,30.0,7205.0,AI,Master,0
50947,28.0,0.0,4845.0,AI,Bachelor,0
50948,47.0,16.0,7201.0,Web,Master,0
50949,50.0,21.0,8399.0,Web,Master,0
50950,26.0,0.0,9047.0,Web,Master,0
50951,29.0,2.0,7304.0,AI,Master,0
50952,37.0,6.0,8803.0,Software,PhD,0
50953,32.0,7.0,5895.0,Software,Master,0
50954,41.0,12.0,14743.0,Web,Bachelor,0
50955,26.0,0.0,9974.0,Data,Master,0
50956,27.0,1.0,9771.0,Web,Bachelor,0
50957,39.0,10.0,4682.0,Software,Bachelor,0
50958,54.0,29.0,5076.0,AI,Master,0
50959,56.0,28.0,8165.0,Cloud,Bachelor,0
50960,31.0,2.0,9944.0,AI,Master,1
50961,47.0,16.0,12023.0,Web,PhD,0
50962,52.0,25.0,7490.0,Cloud,Master,0
50963,44.0,13.0,2823.0,Data,Bachelor,0
50964,32.0,4.0,9817.0,Software,Bachelor,0
50965,43.0,16.0,4333.0,Cloud,Bachelor,0
50966,28.0,3.0,8990.0,Data,Master,0
50967,58.0,28.0,9711.0,Cloud,Bachelor,1
50968,52.0,24.0,10944.0,AI,Master,1
50969,49.0,20.0,10855.0,Software,PhD,1
50970,49.0,25.0,6917.0,Cloud,Bachelor,0
50971,44.0,18.0,10293.0,Software,Master,0
50972,34.0,5.0,7987.0,AI,Bachelor,0
50973,31.0,7.0,13747.0,Software,Master,0
50974,37.0,13.0,6699.0,Data,Bachelor,0
50975,41.0,19.0,7724.0,Software,Bachelor,0
50976,51.0,26.0,13170.0,,Master,0
50977,48.0,25.0,5109.0,Cloud,Bachelor,0
50978,38.0,11.0,10645.0,Data,Master,0
50979,41.0,16.0,3263.0,Cloud,Bachelor,0
50980,41.0,10.0,10526.0,Web,Bachelor,0
50981,44.0,23.0,4205.0,Web,Bachelor,0
50982,57.0,28.0,13554.0,Software,Bachelor,1
50983,41.0,20.0,10680.0,Cloud,Bachelor,0
50984,35.0,9.0,9904.0,Data,PhD,0
50985,45.0,15.0,12189.0,Data,Bachelor,0
50986,21.0,0.0,4664.0,AI,Bachelor,0
50987,39.0,18.0,9519.0,Software,Bachelor,0
50988,38.0,7.0,8432.0,AI,Master,0
50989,56.0,25.0,8535.0,Data,Master,0
50990,43.0,22.0,5308.0,Software,Bachelor,0
50991,32.0,8.0,8727.0,Web,Master,0
50992,60.0,30.0,11080.0,Data,Master,0
50993,37.0,10.0,6798.0,Cloud,Master,0
50994,60.0,30.0,3933.0,Data,Bachelor,1
50995,51.0,24.0,2000.0,Software,PhD,0
50996,25.0,0.0,11973.0,Data,PhD,0
50997,42.0,17.0,4255.0,Data,Bachelor,0
50998,28.0,0.0,8507.0,Web,Bachelor,0
50999,37.0,6.0,14404.0,Software,Bachelor,0
51000,51.0,29.0,8599.0,AI,Bachelor,1
51001,46.0,23.0,11746.0,Web,Bachelor,0
51002,49.0,27.0,9054.0,Software,Bachelor,0
51003,39.0,18.0,9519.0,Web,Master,1
51004,33.0,9.0,10248.0,Web,Bachelor,0
51005,57.0,30.0,7595.0,Data,PhD,0
51006,47.0,20.0,9873.0,Web,Master,1
51007,40.0,15.0,10246.0,Software,Master,0
51008,41.0,13.0,5233.0,AI,Master,0
51009,52.0,24.0,9513.0,AI,Master,0
51010,34.0,4.0,9652.0,Software,,0
51011,36.0,15.0,9805.0,Software,Bachelor,0
51012,50.0,26.0,8086.0,Software,Bachelor,0
51013,38.0,11.0,7156.0,Software,PhD,0
51014,49.0,22.0,5824.0,Data,Master,0
51015,41.0,20.0,6253.0,Cloud,Bachelor,0
51016,57.0,30.0,9079.0,Software,Master,0
51017,39.0,12.0,10256.0,Web,Master,0
51018,53.0,30.0,5372.0,AI,Bachelor,0
51019,46.0,25.0,5049.0,AI,Bachelor,0
51020,55.0,27.0,10460.0,Data,Master,0
51021,31.0,3.0,12780.0,Data,Bachelor,0
51022,46.0,25.0,6802.0,Data,Master,1
51023,23.0,0.0,9416.0,Software,Bachelor,0
51024,28.0,0.0,12650.0,Cloud,Bachelor,0
51025,40.0,10.0,4257.0,Software,Master,0
51026,31.0,0.0,10465.0,AI,Bachelor,0
51027,29.0,7.0,10170.0,AI,Master,0
51028,49.0,28.0,11552.0,Web,Master,0
51029,28.0,4.0,9124.0,Web,Master,0
51030,52.0,30.0,11477.0,Data,Bachelor,0
51031,47.0,22.0,5417.0,Software,Bachelor,0
51032,40.0,14.0,4767.0,Data,Master,0
51033,31.0,3.0,9374.0,Data,Master,0
51034,24.0,1.0,6012.0,Software,Master,0
51035,23.0,0.0,9829.0,Data,Bachelor,0
51036,41.0,14.0,11552.0,,PhD,0
51037,30.0,2.0,7904.0,Software,Master,0
51038,34.0,11.0,10633.0,Web,Master,0
51039,54.0,27.0,8139.0,Data,PhD,0
51040,54.0,30.0,7170.0,Software,Master,1
51041,30.0,9.0,,Web,Master,0
51042,55.0,30.0,9813.0,Data,Bachelor,0
51043,47.0,17.0,14113.0,AI,Bachelor,0
51044,44.0,16.0,6105.0,AI,Master,1
51045,35.0,11.0,5184.0,Cloud,Master,0
51046,43.0,14.0,7484.0,Data,Bachelor,0
51047,41.0,13.0,3165.0,Data,Bachelor,0
51048,58.0,30.0,10168.0,AI,Bachelor,1
51049,35.0,4.0,13152.0,Software,Bachelor,0
51050,27.0,0.0,4334.0,Data,Bachelor,0
51051,21.0,0.0,,Web,Bachelor,0
51052,35.0,14.0,4284.0,Software,Master,0
51053,23.0,0.0,8623.0,Software,Bachelor,0
51054,39.0,16.0,8155.0,Data,Master,0
51055,43.0,21.0,12274.0,AI,Bachelor,0
51056,50.0,26.0,8529.0,AI,Master,0
51057,45.0,16.0,11423.0,Cloud,PhD,0
51058,60.0,29.0,5635.0,Web,Master,0
51059,27.0,3.0,10690.0,AI,Bachelor,0
51060,48.0,21.0,7502.0,Web,Bachelor,0
51061,48.0,20.0,3495.0,,Master,1
51062,54.0,26.0,7332.0,AI,Master,1
51063,53.0,29.0,7572.0,Software,Master,0
51064,42.0,18.0,6081.0,Cloud,Master,0
51065,26.0,5.0,8401.0,AI,Master,0
51066,47.0,21.0,5464.0,AI,Bachelor,0
51067,43.0,19.0,9104.0,Cloud,Master,0
51068,60.0,30.0,3906.0,Web,Master,0
51069,58.0,30.0,12059.0,Software,Master,1
51070,44.0,15.0,8022.0,AI,Bachelor,0
51071,55.0,30.0,6755.0,Software,Master,0
51072,32.0,8.0,6750.0,Data,Master,0
51073,57.0,28.0,8248.0,Software,Bachelor,0
51074,21.0,0.0,6309.0,Web,Master,0
51075,28.0,3.0,7764.0,Cloud,Master,0
51076,48.0,23.0,6539.0,Cloud,Bachelor,0
51077,40.0,12.0,10560.0,Web,Bachelor,0
51078,38.0,16.0,7743.0,AI,Master,0
51079,38.0,7.0,10993.0,Web,Bachelor,0
51080,31.0,4.0,5367.0,AI,Bachelor,0
51081,51.0,28.0,9517.0,Software,Bachelor,0
51082,29.0,0.0,15427.0,Web,Master,0
51083,53.0,24.0,6548.0,Software,Master,0
51084,57.0,30.0,6042.0,Data,Bachelor,0
51085,26.0,0.0,5384.0,AI,Bachelor,0
51086,42.0,14.0,6025.0,Software,Master,0
51087,38.0,16.0,2812.0,Cloud,Bachelor,0
51088,46.0,24.0,13163.0,AI,Master,0
51089,53.0,27.0,8871.0,Software,Master,1
51090,60.0,30.0,7617.0,Data,Master,0
51091,57.0,26.0,9723.0,Data,Bachelor,0
51092,21.0,0.0,13832.0,Web,Master,0
51093,45.0,14.0,4858.0,Data,Bachelor,0
51094,29.0,0.0,8648.0,Data,Bachelor,0
51095,56.0,26.0,9787.0,AI,Master,1
51096,30.0,5.0,7455.0,AI,PhD,1
51097,34.0,12.0,15928.0,Web,Master,0
51098,44.0,18.0,3834.0,Software,Bachelor,0
51099,41.0,12.0,6267.0,AI,Bachelor,0
51100,27.0,2.0,5095.0,Data,Bachelor,0
51101,44.0,20.0,8769.0,Software,Bachelor,0
51102,47.0,22.0,8882.0,AI,Master,1
51103,33.0,3.0,13739.0,Web,Master,0
51104,22.0,0.0,4092.0,Data,Bachelor,0
51105,34.0,7.0,11069.0,Cloud,Bachelor,0
51106,53.0,30.0,9509.0,AI,Bachelor,0
51107,50.0,25.0,10687.0,Web,Bachelor,1
51108,23.0,0.0,6840.0,AI,Master,0
51109,39.0,18.0,6782.0,AI,Bachelor,1
51110,29.0,0.0,10342.0,Software,Master,0
51111,39.0,13.0,5086.0,Data,Bachelor,0
51112,45.0,23.0,5958.0,Software,Master,0
51113,30.0,8.0,10532.0,Cloud,Master,1
51114,29.0,1.0,6971.0,Web,Master,0
51115,40.0,16.0,11926.0,Web,Bachelor,0
51116,53.0,28.0,7244.0,Software,Bachelor,0
51117,53.0,30.0,8793.0,Web,Bachelor,0
51118,38.0,13.0,4186.0,Cloud,Bachelor,0
51119,43.0,16.0,9540.0,Web,Master,0
51120,31.0,6.0,2000.0,Data,Bachelor,0
51121,47.0,21.0,4199.0,Data,Bachelor,1
51122,58.0,30.0,11055.0,AI,Bachelor,0
51123,30.0,7.0,7960.0,Data,Bachelor,0
51124,28.0,3.0,10210.0,Data,Master,0
51125,55.0,24.0,3664.0,Software,Bachelor,0
51126,57.0,26.0,9436.0,Cloud,Master,0
51127,40.0,13.0,9235.0,Cloud,Bachelor,0
51128,34.0,8.0,6607.0,Software,Bachelor,0
51129,26.0,0.0,5779.0,Data,Bachelor,0
51130,33.0,3.0,9294.0,Cloud,Master,1
51131,28.0,4.0,10290.0,AI,Master,0
51132,21.0,0.0,9251.0,AI,Master,0
51133,26.0,0.0,7735.0,Web,Bachelor,0
51134,57.0,30.0,9266.0,Software,Bachelor,0
51135,42.0,11.0,8128.0,AI,PhD,0
51136,45.0,23.0,3357.0,AI,PhD,1
51137,60.0,30.0,10074.0,Data,Master,1
51138,39.0,12.0,7584.0,Data,Bachelor,0
51139,32.0,1.0,7528.0,Data,Bachelor,0
51140,48.0,21.0,11186.0,Web,Bachelor,1
51141,55.0,30.0,6274.0,Web,Bachelor,0
51142,34.0,5.0,8190.0,AI,PhD,0
51143,53.0,28.0,5681.0,Web,Bachelor,0
51144,28.0,2.0,2000.0,Software,Bachelor,0
51145,30.0,6.0,6469.0,AI,Bachelor,0
51146,37.0,7.0,3444.0,AI,Bachelor,0
51147,49.0,21.0,2538.0,Web,Bachelor,0
51148,27.0,0.0,10036.0,Data,Bachelor,0
51149,59.0,30.0,12727.0,Cloud,Bachelor,0
51150,38.0,11.0,6748.0,AI,Master,0
51151,31.0,2.0,10677.0,Cloud,Master,0
51152,43.0,12.0,7458.0,,Bachelor,0
51153,,10.0,4600.0,Cloud,Bachelor,0
51154,29.0,0.0,8434.0,,Master,0
51155,59.0,30.0,10212.0,AI,Bachelor,0
51156,43.0,19.0,14712.0,AI,Bachelor,0
51157,25.0,0.0,7285.0,Software,Master,0
51158,32.0,10.0,13374.0,Data,Bachelor,0
51159,31.0,10.0,9973.0,Data,Bachelor,0
51160,30.0,1.0,6199.0,Data,Bachelor,0
51161,31.0,4.0,12502.0,Software,Bachelor,0
51162,59.0,,8793.0,Software,Master,0
51163,53.0,30.0,6468.0,AI,Bachelor,0
51164,59.0,30.0,7947.0,Cloud,Bachelor,0
51165,35.0,4.0,10616.0,Data,PhD,0
51166,43.0,16.0,6336.0,AI,Bachelor,1
51167,44.0,14.0,4540.0,AI,Master,0
51168,38.0,14.0,9124.0,Data,Bachelor,0
51169,31.0,6.0,7872.0,Web,Master,0
51170,30.0,8.0,5521.0,Data,Bachelor,0
51171,45.0,24.0,4891.0,Web,Master,1
51172,44.0,21.0,11373.0,Software,Bachelor,0
51173,46.0,17.0,,AI,Bachelor,0
51174,49.0,28.0,5695.0,Data,Bachelor,0
51175,22.0,0.0,2000.0,Data,Bachelor,0
51176,34.0,7.0,6084.0,Web,Master,0
51177,43.0,17.0,8979.0,Web,Bachelor,0
51178,48.0,20.0,8760.0,Web,Bachelor,0
51179,60.0,30.0,3866.0,Cloud,Master,0
51180,57.0,26.0,14419.0,Data,,0
51181,36.0,11.0,2417.0,Data,Bachelor,0
51182,38.0,13.0,8122.0,Cloud,Bachelor,0
51183,40.0,17.0,2000.0,Data,Bachelor,0
51184,60.0,30.0,6376.0,Software,Master,0
51185,22.0,0.0,8143.0,AI,Bachelor,0
51186,30.0,2.0,10431.0,Software,Bachelor,0
51187,42.0,17.0,12194.0,Software,Bachelor,1
51188,37.0,12.0,5737.0,Web,PhD,0
51189,24.0,1.0,3416.0,Data,Bachelor,0
51190,39.0,10.0,8791.0,AI,PhD,0
51191,23.0,0.0,9224.0,Data,Bachelor,0
51192,21.0,0.0,6731.0,AI,Master,0
51193,35.0,12.0,11807.0,Software,Master,0
51194,44.0,21.0,7384.0,Software,Bachelor,0
51195,48.0,24.0,11424.0,Data,Bachelor,0
51196,52.0,28.0,3306.0,Cloud,Master,0
51197,55.0,28.0,7752.0,,Master,0
51198,50.0,20.0,11276.0,AI,PhD,0
51199,23.0,0.0,6274.0,Data,PhD,0
51200,43.0,18.0,13419.0,Data,Bachelor,0
51201,33.0,11.0,8340.0,Software,Bachelor,0
51202,44.0,20.0,15016.0,Software,Master,0
51203,35.0,14.0,8118.0,Data,Master,0
51204,24.0,1.0,5418.0,Software,,1
51205,29.0,0.0,6063.0,Data,Bachelor,1
51206,32.0,8.0,8565.0,Web,PhD,0
51207,56.0,30.0,6454.0,Software,PhD,0
51208,42.0,12.0,2959.0,Web,Master,0
51209,36.0,6.0,6385.0,Software,,0
51210,52.0,24.0,8984.0,AI,Bachelor,0
51211,50.0,24.0,6896.0,AI,Master,1
51212,55.0,30.0,5994.0,AI,Bachelor,0
51213,50.0,,14276.0,AI,Bachelor,1
51214,45.0,16.0,7710.0,AI,Master,1
51215,33.0,12.0,10803.0,Web,Master,0
51216,23.0,0.0,6348.0,Data,Bachelor,0
51217,53.0,27.0,5833.0,Data,Master,0
51218,52.0,21.0,11206.0,Cloud,Master,1
51219,52.0,22.0,8479.0,Web,Bachelor,0
51220,60.0,30.0,5783.0,Software,Master,0
51221,24.0,3.0,2000.0,Web,Bachelor,0
51222,23.0,0.0,6774.0,AI,Bachelor,0
51223,48.0,17.0,12449.0,Cloud,Bachelor,0
51224,29.0,6.0,11358.0,Web,Bachelor,0
51225,31.0,4.0,9800.0,AI,Master,0
51226,45.0,14.0,7674.0,Web,Bachelor,0
51227,39.0,8.0,7927.0,Web,Bachelor,0
51228,37.0,10.0,7867.0,Data,Bachelor,0
51229,48.0,20.0,3025.0,Cloud,PhD,0
51230,49.0,25.0,5473.0,Web,Bachelor,0
51231,21.0,0.0,7791.0,AI,Bachelor,0
51232,58.0,30.0,11422.0,Cloud,Bachelor,1
51233,35.0,6.0,10856.0,AI,Bachelor,0
51234,50.0,27.0,8460.0,Data,Bachelor,0
51235,49.0,22.0,6793.0,AI,Master,0
51236,38.0,11.0,7109.0,Cloud,Master,0
51237,32.0,2.0,2000.0,Software,Master,0
51238,55.0,25.0,11123.0,Cloud,Master,1
51239,39.0,14.0,7453.0,Web,Bachelor,0
51240,39.0,9.0,8576.0,Web,Master,0
51241,51.0,24.0,8950.0,Web,Bachelor,0
51242,31.0,6.0,7666.0,Cloud,Master,0
51243,25.0,0.0,11609.0,Cloud,Master,0
51244,54.0,30.0,11651.0,Software,Bachelor,0
51245,44.0,18.0,13557.0,Data,Bachelor,1
51246,36.0,7.0,9594.0,Web,Bachelor,0
51247,50.0,26.0,5674.0,Web,Bachelor,0
51248,58.0,30.0,8441.0,Data,Master,0
51249,41.0,10.0,9729.0,AI,Master,0
51250,38.0,8.0,9612.0,AI,Master,0
51251,37.0,6.0,10871.0,Software,PhD,0
51252,55.0,29.0,13219.0,AI,Bachelor,1
51253,59.0,30.0,8163.0,Software,Bachelor,0
51254,34.0,6.0,6870.0,Web,Master,0
51255,39.0,15.0,17250.0,Web,Master,0
51256,44.0,17.0,5655.0,Web,Master,0
51257,52.0,23.0,7168.0,Cloud,Master,0
51258,49.0,22.0,9682.0,Web,Bachelor,1
51259,21.0,0.0,13133.0,AI,PhD,0
51260,27.0,3.0,8864.0,Web,Master,0
51261,45.0,22.0,4906.0,Software,Master,0
51262,30.0,4.0,10625.0,Data,Bachelor,0
51263,58.0,30.0,8892.0,Software,Master,1
51264,39.0,8.0,6460.0,Software,Bachelor,0
51265,45.0,17.0,5579.0,Data,Master,0
51266,39.0,11.0,7597.0,Web,Master,0
51267,45.0,14.0,7017.0,Data,Bachelor,0
51268,38.0,8.0,6665.0,AI,Bachelor,0
51269,40.0,9.0,9211.0,AI,Bachelor,0
51270,33.0,3.0,6168.0,AI,Bachelor,1
51271,47.0,22.0,6676.0,Cloud,Bachelor,0
51272,50.0,24.0,9424.0,Cloud,Bachelor,0
51273,49.0,18.0,4330.0,Software,Master,0
51274,34.0,9.0,7196.0,Cloud,Bachelor,0
51275,33.0,7.0,11085.0,Data,Master,0
51276,58.0,30.0,7258.0,Cloud,Bachelor,1
51277,33.0,7.0,11477.0,Cloud,Bachelor,0
51278,40.0,12.0,5837.0,Web,Bachelor,0
51279,36.0,13.0,5813.0,Data,Bachelor,0
51280,24.0,0.0,4083.0,Software,Bachelor,0
51281,39.0,18.0,5219.0,Software,Master,0
51282,52.0,28.0,9794.0,AI,Bachelor,0
51283,34.0,4.0,6450.0,Software,Master,0
51284,24.0,3.0,4784.0,Data,Bachelor,0
51285,37.0,6.0,8220.0,Cloud,Master,0
51286,22.0,0.0,6882.0,Data,Bachelor,0
51287,47.0,25.0,7063.0,Data,Bachelor,0
51288,50.0,23.0,8446.0,Cloud,Master,0
51289,59.0,30.0,10667.0,Web,Master,0
51290,58.0,27.0,8171.0,Software,PhD,0
51291,47.0,26.0,9587.0,Data,Bachelor,0
51292,38.0,7.0,9387.0,AI,Bachelor,0
51293,46.0,22.0,10201.0,Software,Master,0
51294,40.0,13.0,5627.0,Cloud,Bachelor,0
51295,29.0,8.0,4160.0,Cloud,Bachelor,0
51296,40.0,13.0,5621.0,Cloud,Bachelor,0
51297,57.0,30.0,9070.0,Software,Master,1
51298,33.0,6.0,13087.0,Software,Bachelor,0
51299,46.0,17.0,8839.0,Web,Master,0
51300,47.0,16.0,4648.0,AI,Bachelor,0
51301,29.0,5.0,8994.0,AI,Bachelor,0
51302,32.0,2.0,7209.0,AI,Bachelor,0
51303,53.0,30.0,2000.0,Data,Master,0
51304,32.0,6.0,5546.0,AI,PhD,0
51305,55.0,30.0,3138.0,Cloud,PhD,1
51306,,21.0,10335.0,Data,Bachelor,0
51307,55.0,30.0,6325.0,Data,Bachelor,1
51308,60.0,30.0,14013.0,Cloud,Bachelor,1
51309,51.0,22.0,7736.0,Data,Master,0
51310,56.0,29.0,9913.0,AI,Bachelor,0
51311,24.0,0.0,6353.0,Web,Master,0
51312,50.0,21.0,9494.0,Data,Bachelor,1
51313,31.0,8.0,7847.0,Software,Bachelor,0
51314,49.0,21.0,7975.0,Software,Master,0
51315,34.0,3.0,8413.0,AI,PhD,0
51316,24.0,0.0,5483.0,AI,Master,1
51317,29.0,3.0,9437.0,Software,Bachelor,0
51318,48.0,23.0,11640.0,AI,Bachelor,1
51319,58.0,30.0,7909.0,,Bachelor,0
51320,32.0,3.0,7739.0,Cloud,Bachelor,0
51321,57.0,27.0,8596.0,,Bachelor,1
51322,24.0,0.0,7239.0,AI,Bachelor,0
51323,56.0,26.0,3522.0,Cloud,PhD,0
51324,36.0,10.0,7901.0,Software,Bachelor,0
51325,32.0,6.0,6648.0,AI,Bachelor,0
51326,35.0,8.0,8052.0,Web,Master,0
51327,26.0,0.0,9014.0,AI,Bachelor,0
51328,30.0,6.0,10548.0,Data,Bachelor,0
51329,24.0,0.0,7121.0,Cloud,Master,0
51330,27.0,,2124.0,Software,Master,0
51331,35.0,9.0,13108.0,Software,Master,0
51332,42.0,20.0,6022.0,AI,Bachelor,1
51333,56.0,26.0,15536.0,Data,PhD,0
51334,50.0,23.0,7161.0,AI,Master,0
51335,40.0,9.0,11745.0,Software,Master,0
51336,48.0,19.0,2873.0,AI,Bachelor,0
51337,60.0,30.0,7429.0,Cloud,Bachelor,1
51338,40.0,17.0,8694.0,Data,Bachelor,0
51339,21.0,0.0,11732.0,AI,Master,0
51340,58.0,30.0,4148.0,Software,Bachelor,0
51341,55.0,24.0,5808.0,Data,Bachelor,0
51342,56.0,30.0,5087.0,Software,Master,0
51343,50.0,22.0,5810.0,Software,Master,0
51344,59.0,29.0,11690.0,Data,Bachelor,0
51345,27.0,4.0,8935.0,Cloud,Bachelor,0
51346,37.0,12.0,7349.0,Data,Bachelor,0
51347,37.0,14.0,8235.0,Software,Bachelor,0
51348,54.0,23.0,5090.0,Web,Bachelor,0
51349,53.0,29.0,14121.0,Software,Bachelor,0
51350,27.0,0.0,8962.0,Data,Master,0
51351,35.0,10.0,5285.0,Web,Master,0
51352,51.0,28.0,10293.0,Data,Master,0
51353,35.0,12.0,7958.0,Web,Master,0
51354,22.0,0.0,13515.0,Cloud,Bachelor,0
51355,52.0,30.0,8396.0,Cloud,Bachelor,1
51356,26.0,,11760.0,Software,Bachelor,0
51357,24.0,0.0,13423.0,Data,Master,0
51358,35.0,6.0,10371.0,Web,Bachelor,0
51359,55.0,30.0,,Data,Bachelor,0
51360,39.0,13.0,11408.0,AI,Bachelor,0
51361,57.0,26.0,6597.0,Software,Bachelor,0
51362,60.0,30.0,3900.0,AI,Master,0
51363,37.0,11.0,18000.0,Data,Master,1
51364,29.0,4.0,10585.0,AI,Master,0
51365,41.0,16.0,10038.0,AI,,0
51366,33.0,9.0,8349.0,Web,Master,0
51367,31.0,1.0,2735.0,AI,Bachelor,0
51368,52.0,25.0,7393.0,Web,Master,1
51369,58.0,30.0,6008.0,AI,Bachelor,0
51370,54.0,27.0,4381.0,Data,Master,0
51371,25.0,0.0,6518.0,Cloud,Bachelor,0
51372,28.0,0.0,2000.0,Cloud,Master,0
51373,60.0,30.0,5758.0,Web,Master,0
51374,21.0,0.0,13319.0,Web,Bachelor,0
51375,50.0,25.0,6785.0,Software,Bachelor,0
51376,31.0,0.0,5903.0,Data,Bachelor,0
51377,41.0,19.0,12802.0,AI,Bachelor,0
51378,26.0,0.0,9300.0,AI,Bachelor,0
51379,46.0,25.0,6061.0,Data,Bachelor,0
51380,34.0,8.0,,Data,Bachelor,0
51381,39.0,16.0,9922.0,Software,Bachelor,0
51382,28.0,0.0,11168.0,Software,Master,0
51383,43.0,14.0,5653.0,Software,Bachelor,1
51384,27.0,0.0,7485.0,AI,Bachelor,0
51385,21.0,0.0,7628.0,Cloud,Bachelor,0
51386,24.0,0.0,7117.0,AI,Master,0
51387,57.0,30.0,4742.0,Web,Master,0
51388,44.0,20.0,7685.0,Data,Bachelor,0
51389,34.0,7.0,5618.0,Software,Master,0
51390,35.0,4.0,9385.0,Software,Master,0
51391,27.0,0.0,10485.0,Data,Master,0
51392,23.0,0.0,3411.0,Cloud,Bachelor,0
51393,52.0,21.0,11809.0,Web,Bachelor,0
51394,28.0,6.0,5845.0,AI,Master,0
51395,21.0,0.0,4586.0,,Master,0
51396,43.0,17.0,9392.0,Web,Master,0
51397,33.0,8.0,5939.0,AI,Bachelor,0
51398,22.0,0.0,6462.0,Cloud,Master,0
51399,48.0,25.0,9184.0,Web,Master,0
51400,21.0,0.0,8429.0,AI,Master,0
51401,29.0,7.0,2000.0,Web,Bachelor,0
51402,50.0,26.0,10779.0,Cloud,Master,0
51403,26.0,0.0,10163.0,Cloud,Bachelor,0
51404,29.0,0.0,6053.0,Software,Bachelor,0
51405,40.0,12.0,3638.0,AI,Master,0
51406,35.0,7.0,9012.0,Software,Bachelor,0
51407,50.0,27.0,10826.0,Software,Bachelor,0
51408,51.0,23.0,9527.0,Data,Bachelor,0
51409,53.0,23.0,8781.0,Software,Bachelor,1
51410,33.0,7.0,8241.0,Cloud,Bachelor,0
51411,35.0,4.0,12759.0,Data,Master,0
51412,32.0,9.0,9481.0,Data,Master,0
51413,39.0,18.0,5517.0,Software,Bachelor,0
51414,50.0,29.0,9753.0,Software,Master,0
51415,,22.0,7823.0,Data,Bachelor,1
51416,59.0,28.0,11323.0,Software,Master,1
51417,22.0,0.0,13046.0,Cloud,PhD,0
51418,56.0,30.0,9948.0,Data,Master,0
51419,37.0,14.0,2000.0,Web,Bachelor,0
51420,59.0,30.0,5302.0,Software,Master,0
51421,46.0,15.0,7319.0,Web,Bachelor,0
51422,43.0,,11438.0,Data,Bachelor,0
51423,60.0,30.0,5410.0,Data,Bachelor,0
51424,,3.0,5783.0,AI,Bachelor,0
51425,35.0,7.0,,Software,Master,0
51426,42.0,12.0,11069.0,Software,Bachelor,0
51427,26.0,4.0,2000.0,AI,Master,0
51428,23.0,0.0,13538.0,Software,Bachelor,0
51429,45.0,19.0,8486.0,AI,Master,0
51430,53.0,29.0,11156.0,AI,Bachelor,1
51431,22.0,0.0,5259.0,Web,Master,0
51432,23.0,0.0,10537.0,AI,Bachelor,0
51433,27.0,2.0,9168.0,Cloud,Bachelor,0
51434,22.0,0.0,5948.0,AI,Bachelor,0
51435,26.0,4.0,8643.0,Web,Master,0
51436,31.0,7.0,7270.0,AI,Master,0
51437,47.0,24.0,5320.0,Software,Bachelor,0
51438,35.0,11.0,9488.0,Data,Bachelor,0
51439,52.0,27.0,7151.0,Web,Bachelor,0
51440,46.0,23.0,11211.0,Software,Master,0
51441,50.0,26.0,7166.0,Web,Master,0
51442,28.0,4.0,7089.0,Cloud,Master,0
51443,38.0,7.0,9547.0,Data,Bachelor,1
51444,60.0,30.0,11198.0,Software,PhD,0
51445,33.0,8.0,11152.0,Data,Master,0
51446,21.0,0.0,10728.0,AI,Master,1
51447,48.0,21.0,8355.0,Data,Bachelor,1
51448,60.0,30.0,8686.0,Cloud,Master,0
51449,40.0,13.0,16299.0,Web,Master,0
51450,40.0,14.0,7712.0,AI,Bachelor,0
51451,26.0,0.0,12428.0,AI,Bachelor,0
51452,37.0,8.0,3423.0,Cloud,Master,0
51453,33.0,7.0,10644.0,AI,Master,1
51454,34.0,3.0,3743.0,Data,Master,0
51455,43.0,14.0,10466.0,Software,Master,0
51456,35.0,7.0,8514.0,Data,Bachelor,0
51457,25.0,0.0,11059.0,AI,Bachelor,0
51458,23.0,1.0,10299.0,Software,Bachelor,0
51459,45.0,16.0,8253.0,Cloud,Bachelor,1
51460,45.0,22.0,7194.0,Web,Bachelor,0
51461,23.0,0.0,10047.0,Data,Master,0
51462,23.0,0.0,4753.0,Data,Master,0
51463,33.0,5.0,9354.0,Cloud,Master,0
51464,28.0,0.0,11543.0,Data,Bachelor,0
51465,24.0,0.0,4262.0,Data,Master,0
51466,23.0,0.0,12077.0,Data,Bachelor,0
51467,21.0,0.0,11902.0,AI,Bachelor,0
51468,27.0,3.0,7638.0,Software,Master,0
51469,51.0,24.0,6050.0,AI,Bachelor,0
51470,37.0,10.0,11598.0,Data,Bachelor,0
51471,55.0,30.0,9408.0,Web,Master,0
51472,59.0,28.0,7895.0,Software,Bachelor,1
51473,30.0,9.0,7178.0,Software,Bachelor,0
51474,47.0,24.0,10636.0,Software,Master,0
51475,48.0,25.0,9270.0,Data,Master,0
51476,25.0,0.0,6977.0,Software,Bachelor,0
51477,27.0,1.0,6723.0,Software,Bachelor,0
51478,57.0,30.0,,Software,PhD,0
51479,41.0,19.0,5532.0,AI,Master,0
51480,35.0,13.0,2000.0,Data,Bachelor,0
51481,56.0,30.0,8175.0,Cloud,Master,1
51482,35.0,11.0,4746.0,Web,Bachelor,0
51483,43.0,14.0,8159.0,Data,Bachelor,0
51484,51.0,28.0,9354.0,Data,Master,0
51485,46.0,18.0,6234.0,AI,Bachelor,0
51486,55.0,30.0,11599.0,Data,Bachelor,0
51487,53.0,30.0,8725.0,Web,Master,1
51488,32.0,5.0,7699.0,Software,Master,0
51489,22.0,0.0,12491.0,Software,Master,0
51490,29.0,3.0,11305.0,Data,Bachelor,0
51491,42.0,14.0,11250.0,AI,Bachelor,0
51492,32.0,2.0,8827.0,Web,Bachelor,0
51493,28.0,0.0,8163.0,Web,Bachelor,0
51494,26.0,0.0,5701.0,Software,PhD,0
51495,57.0,30.0,10142.0,Data,Bachelor,0
51496,36.0,10.0,8465.0,Cloud,Bachelor,0
51497,42.0,20.0,5734.0,AI,PhD,1
51498,33.0,2.0,4587.0,Data,Bachelor,0
51499,21.0,0.0,11071.0,AI,Bachelor,0
51500,35.0,12.0,6802.0,Software,Bachelor,0
51501,34.0,11.0,2185.0,Cloud,Master,0
51502,23.0,0.0,8852.0,Web,Master,0
51503,40.0,17.0,11578.0,Data,Master,1
51504,52.0,28.0,5490.0,Data,Bachelor,0
51505,21.0,0.0,3973.0,Data,Bachelor,0
51506,53.0,27.0,9912.0,Data,Bachelor,0
51507,45.0,21.0,13522.0,Cloud,Master,1
51508,31.0,1.0,4553.0,Web,Bachelor,0
51509,30.0,6.0,8071.0,Web,Bachelor,0
51510,54.0,23.0,11563.0,Data,Bachelor,0
51511,37.0,11.0,10800.0,Data,Bachelor,0
51512,56.0,29.0,13432.0,Web,Master,0
51513,38.0,15.0,6684.0,,Bachelor,0
51514,47.0,18.0,5177.0,AI,Master,0
51515,44.0,14.0,8835.0,Web,Master,0
51516,53.0,27.0,6904.0,Software,Master,0
51517,31.0,4.0,6211.0,Software,Master,0
51518,58.0,27.0,10831.0,AI,Bachelor,0
51519,42.0,15.0,8984.0,Cloud,Bachelor,0
51520,34.0,,8031.0,Cloud,Bachelor,0
51521,50.0,20.0,9587.0,Data,Master,1
51522,22.0,0.0,9953.0,Cloud,Bachelor,0
51523,26.0,3.0,8276.0,Software,Bachelor,0
51524,46.0,25.0,11150.0,Software,Bachelor,1
51525,59.0,30.0,5140.0,Web,Master,0
51526,36.0,8.0,7180.0,Web,Bachelor,0
51527,28.0,6.0,8439.0,Cloud,Bachelor,0
51528,39.0,12.0,9111.0,Web,Master,0
51529,47.0,24.0,12078.0,AI,Master,0
51530,46.0,25.0,8500.0,Software,Bachelor,0
51531,44.0,15.0,12148.0,AI,Master,1
51532,59.0,29.0,9784.0,Data,Bachelor,0
51533,29.0,8.0,7846.0,Data,Bachelor,0
51534,46.0,24.0,9545.0,Data,Master,0
51535,48.0,18.0,8949.0,AI,,0
51536,46.0,20.0,9423.0,Web,Bachelor,0
51537,58.0,30.0,2138.0,Web,Bachelor,0
51538,31.0,1.0,6027.0,Software,Bachelor,0
51539,42.0,18.0,5934.0,Data,Master,0
51540,36.0,6.0,7268.0,Software,Bachelor,0
51541,33.0,10.0,5928.0,Cloud,Bachelor,0
51542,32.0,1.0,6743.0,Cloud,PhD,0
51543,58.0,30.0,11447.0,Web,Master,1
51544,50.0,29.0,10073.0,Software,Master,1
51545,54.0,28.0,6054.0,AI,PhD,0
51546,57.0,28.0,8188.0,Software,Master,0
51547,43.0,13.0,6627.0,Software,Master,0
51548,25.0,0.0,9992.0,Software,Bachelor,0
51549,39.0,11.0,10337.0,Software,Bachelor,0
51550,47.0,22.0,9119.0,AI,Bachelor,0
51551,56.0,30.0,6887.0,Web,Master,0
51552,53.0,30.0,9630.0,AI,Master,0
51553,28.0,0.0,3781.0,Data,Bachelor,0
51554,47.0,23.0,12374.0,Data,PhD,1
51555,40.0,11.0,2000.0,AI,Bachelor,0
51556,51.0,24.0,5480.0,AI,Bachelor,0
51557,46.0,18.0,5144.0,Software,Master,0
51558,55.0,24.0,6051.0,Software,Bachelor,0
51559,26.0,0.0,6750.0,AI,Master,0
51560,22.0,0.0,16711.0,Web,Master,0
51561,58.0,30.0,13410.0,Web,Master,1
51562,51.0,23.0,12325.0,AI,Master,0
51563,52.0,28.0,6646.0,AI,Bachelor,0
51564,55.0,28.0,11703.0,AI,Bachelor,1
51565,42.0,13.0,5323.0,AI,Master,1
51566,56.0,30.0,9197.0,Data,Bachelor,1
51567,25.0,0.0,7834.0,AI,Master,0
51568,21.0,0.0,8018.0,AI,Bachelor,0
51569,40.0,15.0,6392.0,Software,Bachelor,1
51570,39.0,17.0,6707.0,Data,Master,0
51571,58.0,30.0,5872.0,Data,Bachelor,0
51572,45.0,21.0,2000.0,Data,Master,0
51573,46.0,17.0,12028.0,AI,Bachelor,1
51574,21.0,0.0,7064.0,Cloud,Bachelor,0
51575,52.0,29.0,5822.0,Cloud,Master,1
51576,56.0,30.0,12457.0,Data,Bachelor,0
51577,44.0,23.0,3963.0,AI,Master,1
51578,23.0,0.0,9628.0,Data,PhD,0
51579,43.0,14.0,8557.0,Software,Master,0
51580,24.0,0.0,7193.0,Web,Bachelor,0
51581,59.0,29.0,5826.0,AI,Master,1
51582,39.0,13.0,7281.0,,Bachelor,0
51583,39.0,15.0,5677.0,Software,Master,0
51584,21.0,0.0,7411.0,Web,Bachelor,0
51585,37.0,15.0,10498.0,Software,Master,0
51586,48.0,21.0,8442.0,Data,Master,1
51587,33.0,11.0,11204.0,Data,Master,0
51588,60.0,30.0,8813.0,AI,Master,1
51589,43.0,20.0,11961.0,Software,Master,0
51590,40.0,14.0,14598.0,Web,Master,1
51591,40.0,12.0,8152.0,Software,Bachelor,0
51592,42.0,14.0,6564.0,Web,Bachelor,0
51593,35.0,14.0,4635.0,Cloud,Bachelor,0
51594,37.0,7.0,5488.0,AI,Master,0
51595,42.0,14.0,11756.0,Software,Master,0
51596,55.0,30.0,11411.0,AI,Bachelor,0
51597,23.0,0.0,7505.0,Cloud,Bachelor,0
51598,22.0,0.0,13619.0,AI,PhD,0
51599,48.0,22.0,12276.0,Data,Master,0
51600,45.0,16.0,5262.0,AI,Master,0
51601,49.0,28.0,6409.0,Web,Bachelor,0
51602,53.0,27.0,2512.0,Web,Bachelor,0
51603,38.0,16.0,11707.0,Data,Bachelor,0
51604,60.0,30.0,11141.0,Software,Master,1
51605,41.0,16.0,5425.0,Web,Bachelor,0
51606,38.0,16.0,5710.0,Software,Bachelor,0
51607,31.0,0.0,11038.0,Cloud,Bachelor,0
51608,34.0,6.0,6486.0,Software,Master,0
51609,29.0,6.0,11190.0,Software,Master,0
51610,57.0,29.0,7713.0,Cloud,Bachelor,0
51611,24.0,0.0,3627.0,AI,Bachelor,0
51612,33.0,3.0,2000.0,Web,Master,1
51613,42.0,17.0,12007.0,Web,Master,0
51614,38.0,17.0,4688.0,Data,Bachelor,0
51615,43.0,14.0,8311.0,AI,Bachelor,0
51616,56.0,30.0,12382.0,Data,Bachelor,0
51617,32.0,5.0,8697.0,Web,Bachelor,1
51618,36.0,6.0,7754.0,Web,Master,0
51619,38.0,7.0,2508.0,Web,Master,0
51620,27.0,0.0,6236.0,Software,Bachelor,0
51621,31.0,1.0,10597.0,AI,Bachelor,0
51622,34.0,6.0,10188.0,Cloud,Bachelor,0
51623,49.0,18.0,8269.0,Data,Master,0
51624,34.0,11.0,5117.0,Software,Bachelor,0
51625,48.0,27.0,11263.0,Data,PhD,0
51626,27.0,6.0,4880.0,AI,Bachelor,0
51627,58.0,27.0,9493.0,Web,Master,0
51628,31.0,5.0,11843.0,Software,Bachelor,0
51629,30.0,0.0,11116.0,Web,Bachelor,0
51630,46.0,16.0,7530.0,Software,Master,0
51631,48.0,27.0,10907.0,Data,Master,0
51632,59.0,30.0,5921.0,Data,Bachelor,0
51633,60.0,30.0,8679.0,Data,PhD,0
51634,21.0,0.0,8011.0,AI,Master,0
51635,23.0,0.0,5751.0,Web,Bachelor,0
51636,36.0,9.0,7458.0,Cloud,Bachelor,0
51637,42.0,13.0,5806.0,Data,Bachelor,0
51638,53.0,24.0,6931.0,Web,Master,0
51639,27.0,2.0,2000.0,AI,Master,0
51640,26.0,0.0,8632.0,Data,Master,0
51641,57.0,30.0,5099.0,Web,Bachelor,0
51642,32.0,8.0,10196.0,Cloud,Bachelor,0
51643,48.0,19.0,7488.0,Data,Bachelor,0
51644,39.0,8.0,7272.0,Data,Master,0
51645,47.0,18.0,5958.0,Web,Bachelor,0
51646,23.0,0.0,7231.0,Software,Bachelor,0
51647,56.0,30.0,6531.0,Web,Bachelor,1
51648,28.0,0.0,7074.0,AI,Bachelor,0
51649,22.0,0.0,12035.0,Cloud,Master,0
51650,49.0,18.0,14804.0,AI,Master,1
51651,52.0,24.0,7718.0,Web,Master,0
51652,42.0,16.0,13105.0,Cloud,Master,0
51653,43.0,22.0,11146.0,Data,Bachelor,0
51654,24.0,2.0,10475.0,Data,Bachelor,0
51655,43.0,21.0,8069.0,AI,Bachelor,0
51656,24.0,0.0,6934.0,AI,Bachelor,0
51657,24.0,3.0,10904.0,Web,Master,1
51658,22.0,0.0,7019.0,Data,Bachelor,0
51659,39.0,8.0,11287.0,Data,Bachelor,0
51660,24.0,1.0,9779.0,Data,Bachelor,0
51661,41.0,14.0,11164.0,Web,Bachelor,0
51662,30.0,5.0,2000.0,Web,PhD,0
51663,37.0,11.0,6551.0,Data,Bachelor,0
51664,31.0,5.0,10085.0,Data,Master,0
51665,52.0,26.0,8703.0,Software,Bachelor,0
51666,45.0,16.0,11408.0,AI,Master,0
51667,21.0,0.0,7541.0,Web,Master,0
51668,27.0,5.0,6423.0,Data,PhD,0
51669,53.0,23.0,2000.0,Cloud,Bachelor,0
51670,28.0,7.0,9279.0,Cloud,Master,0
51671,40.0,13.0,9027.0,Software,Master,0
51672,27.0,0.0,6391.0,Cloud,Master,0
51673,52.0,26.0,8348.0,AI,Bachelor,1
51674,41.0,18.0,4442.0,Data,Master,0
51675,48.0,22.0,9341.0,Software,Bachelor,0
51676,47.0,22.0,8132.0,AI,Master,1
51677,39.0,10.0,9645.0,Software,Master,0
51678,22.0,0.0,,AI,Bachelor,0
51679,60.0,30.0,8942.0,Web,Master,0
51680,30.0,5.0,6395.0,Software,Master,0
51681,48.0,20.0,12483.0,Software,Bachelor,0
51682,59.0,30.0,9501.0,Web,Master,0
51683,43.0,14.0,6170.0,Web,Master,0
51684,50.0,19.0,10201.0,AI,Bachelor,0
51685,38.0,14.0,8779.0,Data,Master,0
51686,42.0,12.0,2000.0,Data,Bachelor,0
51687,52.0,24.0,8792.0,Software,Bachelor,0
51688,49.0,26.0,13457.0,Web,Master,1
51689,41.0,15.0,14085.0,AI,Bachelor,1
51690,22.0,0.0,10278.0,Data,Bachelor,0
51691,60.0,30.0,10656.0,AI,Master,1
51692,21.0,0.0,5330.0,Web,Bachelor,0
51693,32.0,10.0,6479.0,Web,Bachelor,0
51694,35.0,12.0,2000.0,Software,Bachelor,0
51695,24.0,0.0,6564.0,AI,Master,0
51696,39.0,14.0,12173.0,Web,Master,0
51697,25.0,2.0,12869.0,Software,Bachelor,0
51698,58.0,,4031.0,Data,PhD,1
51699,49.0,23.0,9272.0,Cloud,Bachelor,1
51700,22.0,0.0,7913.0,Web,Bachelor,0
51701,27.0,6.0,6156.0,Software,Bachelor,0
51702,51.0,28.0,3710.0,AI,Bachelor,0
51703,47.0,22.0,9496.0,Software,Master,1
51704,43.0,16.0,10706.0,AI,Bachelor,0
51705,54.0,23.0,11020.0,AI,Master,1
51706,47.0,22.0,8939.0,Cloud,Bachelor,0
51707,53.0,30.0,2751.0,Cloud,Bachelor,0
51708,33.0,12.0,13360.0,AI,Master,0
51709,37.0,11.0,6091.0,AI,Master,0
51710,54.0,30.0,7052.0,Software,Bachelor,0
51711,58.0,30.0,10760.0,Web,Bachelor,0
51712,54.0,30.0,4669.0,Cloud,Bachelor,0
51713,37.0,11.0,7609.0,Web,Bachelor,0
51714,35.0,8.0,7286.0,Web,Master,0
51715,26.0,2.0,10964.0,AI,Bachelor,0
51716,44.0,13.0,2353.0,Software,PhD,0
51717,53.0,27.0,9055.0,AI,Master,0
51718,30.0,0.0,7855.0,AI,Bachelor,0
51719,43.0,22.0,10762.0,Data,Master,0
51720,22.0,0.0,2000.0,Cloud,Bachelor,0
51721,32.0,5.0,3107.0,Web,Bachelor,0
51722,34.0,5.0,5643.0,Data,Bachelor,0
51723,49.0,18.0,11062.0,Data,Bachelor,0
51724,21.0,0.0,10822.0,Cloud,Master,0
51725,32.0,4.0,7596.0,AI,Bachelor,0
51726,31.0,9.0,9025.0,Web,Bachelor,0
51727,47.0,25.0,7509.0,Software,PhD,0
51728,57.0,30.0,10082.0,Data,Bachelor,1
51729,23.0,2.0,3446.0,Software,PhD,1
51730,30.0,5.0,9730.0,AI,Master,0
51731,31.0,5.0,12954.0,Data,Bachelor,0
51732,51.0,27.0,8721.0,Software,Master,1
51733,40.0,12.0,7213.0,Data,Master,0
51734,33.0,5.0,8797.0,AI,Bachelor,0
51735,21.0,0.0,11288.0,Cloud,Bachelor,0
51736,54.0,30.0,9992.0,AI,Master,1
51737,24.0,0.0,10441.0,Software,Master,0
51738,59.0,30.0,8642.0,Data,PhD,0
51739,47.0,20.0,5480.0,Web,Master,0
51740,24.0,0.0,3996.0,AI,Bachelor,0
51741,43.0,19.0,10665.0,AI,Bachelor,0
51742,54.0,30.0,10855.0,AI,Master,0
51743,45.0,16.0,9922.0,Software,Master,0
51744,54.0,27.0,5441.0,Data,Master,0
51745,40.0,14.0,3614.0,Data,Bachelor,0
51746,30.0,2.0,8850.0,Web,Bachelor,0
51747,48.0,27.0,5647.0,Data,Master,0
51748,26.0,0.0,10894.0,Data,Master,0
51749,54.0,29.0,4721.0,Software,Bachelor,0
51750,60.0,29.0,7969.0,Data,Bachelor,0
51751,49.0,21.0,8318.0,AI,Master,0
51752,36.0,8.0,7956.0,Software,Bachelor,0
51753,34.0,11.0,7260.0,Web,Bachelor,0
51754,44.0,22.0,10672.0,Data,Master,0
51755,44.0,19.0,5712.0,Data,Bachelor,0
51756,35.0,5.0,10184.0,Web,Bachelor,0
51757,21.0,0.0,9689.0,Web,Bachelor,0
51758,22.0,0.0,10010.0,Data,Master,0
51759,54.0,23.0,6575.0,AI,Bachelor,1
51760,55.0,28.0,6368.0,AI,Bachelor,0
51761,24.0,0.0,9346.0,AI,Bachelor,0
51762,43.0,17.0,11007.0,Web,Bachelor,1
51763,59.0,28.0,4525.0,Web,Bachelor,0
51764,24.0,0.0,8121.0,Cloud,Master,0
51765,49.0,18.0,5587.0,AI,Master,0
51766,49.0,26.0,10107.0,AI,Bachelor,1
51767,27.0,1.0,5758.0,Web,Bachelor,0
51768,47.0,25.0,8376.0,Data,Master,0
51769,60.0,30.0,4303.0,Web,Bachelor,0
51770,22.0,0.0,5053.0,Cloud,PhD,0
51771,45.0,24.0,12366.0,AI,Master,0
51772,59.0,30.0,2071.0,Data,Master,0
51773,47.0,19.0,4859.0,Software,Bachelor,0
51774,43.0,18.0,8769.0,Web,Master,0
51775,21.0,0.0,6730.0,Data,Bachelor,0
51776,56.0,29.0,9068.0,Web,Bachelor,0
51777,43.0,13.0,7164.0,AI,Master,0
51778,60.0,30.0,6796.0,Software,Master,0
51779,52.0,26.0,13881.0,Data,Bachelor,0
51780,26.0,2.0,4351.0,Data,PhD,0
51781,31.0,2.0,10686.0,AI,Bachelor,0
51782,37.0,9.0,11287.0,Data,Master,0
51783,42.0,18.0,11402.0,AI,Bachelor,1
51784,56.0,26.0,9608.0,AI,Bachelor,0
51785,60.0,30.0,2000.0,Data,Bachelor,0
51786,41.0,11.0,3870.0,Web,Bachelor,0
51787,23.0,0.0,6320.0,Cloud,PhD,0
51788,22.0,0.0,8330.0,,Bachelor,0
51789,26.0,5.0,7632.0,AI,Bachelor,0
51790,32.0,8.0,5545.0,Cloud,Bachelor,0
51791,31.0,6.0,9384.0,Data,Bachelor,0
51792,22.0,0.0,7640.0,AI,,0
51793,57.0,30.0,10828.0,Cloud,Master,0
51794,48.0,21.0,12176.0,Web,Bachelor,1
51795,59.0,30.0,6288.0,Software,Master,0
51796,27.0,5.0,10766.0,Data,Bachelor,0
51797,43.0,18.0,14539.0,Software,Master,1
51798,49.0,26.0,9592.0,AI,Bachelor,0
51799,21.0,0.0,3532.0,AI,Master,0
51800,57.0,,2000.0,Data,Master,0
51801,56.0,30.0,3213.0,AI,Bachelor,0
51802,41.0,11.0,8431.0,AI,Bachelor,0
51803,52.0,27.0,6661.0,Software,Master,1
51804,43.0,14.0,14328.0,Data,Bachelor,0
51805,41.0,13.0,9868.0,Software,Master,0
51806,36.0,9.0,11065.0,Data,Master,0
51807,21.0,0.0,7514.0,AI,Bachelor,0
51808,26.0,0.0,2098.0,Software,PhD,0
51809,42.0,18.0,9408.0,Software,Master,0
51810,35.0,6.0,,Data,Bachelor,0
51811,45.0,24.0,5983.0,Software,Bachelor,1
51812,53.0,22.0,13315.0,AI,Bachelor,1
51813,47.0,25.0,6685.0,Cloud,Bachelor,0
51814,54.0,29.0,7265.0,AI,Bachelor,0
51815,45.0,21.0,6293.0,Software,Bachelor,0
51816,50.0,26.0,4906.0,Data,Bachelor,0
51817,35.0,12.0,9512.0,Data,Master,0
51818,24.0,0.0,3055.0,Cloud,Bachelor,0
51819,39.0,16.0,9320.0,Software,Bachelor,0
51820,52.0,24.0,8415.0,Cloud,Master,0
51821,31.0,2.0,6967.0,Software,Bachelor,0
51822,60.0,30.0,8168.0,AI,Bachelor,0
51823,50.0,28.0,4176.0,Software,Master,0
51824,59.0,30.0,8527.0,AI,Bachelor,0
51825,46.0,,7092.0,Web,Master,0
51826,55.0,30.0,2000.0,Data,Bachelor,0
51827,44.0,16.0,2768.0,Web,Bachelor,0
51828,51.0,28.0,4614.0,,Bachelor,0
51829,42.0,16.0,5513.0,Web,Bachelor,1
51830,55.0,30.0,4286.0,Data,Bachelor,0
51831,55.0,30.0,10664.0,Web,Bachelor,0
51832,26.0,3.0,7461.0,Data,Bachelor,0
51833,37.0,6.0,6561.0,AI,Bachelor,0
51834,38.0,11.0,8855.0,AI,Master,0
51835,,27.0,5192.0,Web,Bachelor,1
51836,32.0,11.0,9260.0,Software,Bachelor,0
51837,45.0,19.0,7580.0,AI,Bachelor,1
51838,29.0,1.0,9022.0,Web,Bachelor,0
51839,60.0,30.0,5575.0,Data,Bachelor,1
51840,47.0,20.0,7919.0,Web,Bachelor,0
51841,38.0,16.0,10399.0,Data,Master,0
51842,47.0,18.0,9363.0,Web,Bachelor,0
51843,46.0,19.0,11122.0,Software,Master,1
51844,40.0,13.0,11679.0,Data,Bachelor,0
51845,35.0,6.0,8774.0,AI,Master,0
51846,37.0,15.0,7897.0,AI,Bachelor,0
51847,45.0,17.0,7918.0,Web,Master,0
51848,42.0,21.0,5353.0,Data,Bachelor,0
51849,29.0,2.0,7197.0,Data,Master,0
51850,31.0,8.0,6134.0,Cloud,Bachelor,1
51851,22.0,0.0,8126.0,Software,Master,0
51852,56.0,26.0,9595.0,AI,Bachelor,0
51853,52.0,27.0,2000.0,Web,Master,0
51854,32.0,6.0,8238.0,Data,PhD,0
51855,54.0,26.0,2893.0,AI,Bachelor,0
51856,29.0,5.0,3456.0,Software,Bachelor,0
51857,38.0,10.0,7430.0,Web,Master,0
51858,50.0,21.0,10292.0,Cloud,Bachelor,0
51859,44.0,20.0,13453.0,AI,Bachelor,0
51860,21.0,0.0,6110.0,Software,Bachelor,0
51861,33.0,9.0,,Software,Bachelor,0
51862,36.0,12.0,13705.0,Web,Bachelor,1
51863,56.0,30.0,5444.0,Software,Bachelor,0
51864,55.0,30.0,4698.0,Data,Bachelor,0
51865,33.0,10.0,7562.0,AI,Bachelor,0
51866,24.0,1.0,11809.0,Data,Bachelor,0
51867,60.0,30.0,8452.0,Web,Master,0
51868,38.0,9.0,4959.0,Software,Bachelor,0
51869,30.0,1.0,9499.0,Web,Bachelor,0
51870,28.0,6.0,7091.0,,Bachelor,0
51871,29.0,5.0,4271.0,Data,Master,0
51872,55.0,28.0,14544.0,Cloud,Bachelor,1
51873,37.0,7.0,2554.0,AI,Master,0
51874,52.0,24.0,12141.0,AI,Bachelor,1
51875,28.0,0.0,,Software,Master,0
51876,57.0,27.0,9800.0,Software,Master,0
51877,34.0,8.0,9498.0,Data,PhD,1
51878,45.0,24.0,4058.0,AI,PhD,0
51879,34.0,7.0,7350.0,Data,Bachelor,0
51880,24.0,0.0,5460.0,Software,Bachelor,0
51881,37.0,7.0,5907.0,AI,Bachelor,0
51882,28.0,0.0,8818.0,Software,Bachelor,0
51883,22.0,0.0,6365.0,Data,Bachelor,1
51884,33.0,7.0,5513.0,Software,Master,0
51885,57.0,30.0,10614.0,Cloud,Master,0
51886,52.0,24.0,8610.0,Web,Master,0
51887,45.0,15.0,5895.0,Cloud,Master,0
51888,24.0,2.0,5532.0,Web,Bachelor,0
51889,56.0,30.0,11615.0,Software,Master,0
51890,31.0,3.0,7829.0,Software,Bachelor,0
51891,37.0,8.0,12019.0,Data,Master,1
51892,46.0,24.0,12105.0,Software,Master,0
51893,21.0,0.0,9136.0,Cloud,Bachelor,0
51894,51.0,20.0,11255.0,Cloud,PhD,0
51895,36.0,5.0,6957.0,Web,Bachelor,0
51896,28.0,0.0,10853.0,Data,Bachelor,0
51897,31.0,10.0,10831.0,Web,Bachelor,1
51898,39.0,16.0,8472.0,Cloud,Master,0
51899,23.0,0.0,10569.0,Data,Bachelor,0
51900,58.0,30.0,8797.0,AI,Master,0
51901,24.0,0.0,8068.0,Web,Master,0
51902,41.0,16.0,6105.0,Data,Bachelor,0
51903,50.0,28.0,6450.0,Software,Bachelor,0
51904,29.0,2.0,5382.0,AI,Master,0
51905,40.0,9.0,9392.0,Web,Bachelor,0
51906,59.0,30.0,9352.0,Web,Bachelor,0
51907,43.0,15.0,11327.0,AI,Bachelor,0
51908,23.0,1.0,8418.0,Web,Bachelor,0
51909,24.0,0.0,12335.0,Data,Bachelor,0
51910,,13.0,9399.0,Web,Bachelor,0
51911,25.0,3.0,5527.0,Data,Master,1
51912,29.0,4.0,7346.0,,Bachelor,0
51913,42.0,17.0,8034.0,Web,Bachelor,1
51914,34.0,12.0,5439.0,Cloud,Bachelor,0
51915,60.0,30.0,11529.0,AI,Master,0
51916,23.0,0.0,3692.0,Web,Bachelor,0
51917,58.0,30.0,9339.0,Data,Bachelor,0
51918,38.0,15.0,7883.0,Software,Bachelor,0
51919,33.0,3.0,3570.0,AI,Bachelor,0
51920,33.0,6.0,2852.0,Web,Master,0
51921,51.0,30.0,9204.0,Cloud,Master,1
51922,44.0,19.0,12073.0,Cloud,Bachelor,0
51923,37.0,8.0,11011.0,Web,Bachelor,1
51924,32.0,1.0,15754.0,AI,Master,0
51925,34.0,6.0,10434.0,Data,Bachelor,0
51926,51.0,29.0,8945.0,AI,Bachelor,1
51927,60.0,30.0,9646.0,Data,Bachelor,0
51928,21.0,0.0,13819.0,Web,Bachelor,0
51929,50.0,25.0,9410.0,Software,Master,1
51930,54.0,30.0,4131.0,Data,Bachelor,0
51931,21.0,0.0,8796.0,Data,PhD,0
51932,53.0,29.0,6902.0,AI,Bachelor,0
51933,41.0,11.0,12794.0,Software,,1
51934,33.0,9.0,8039.0,AI,Bachelor,0
51935,22.0,0.0,3762.0,,Bachelor,0
51936,30.0,0.0,5950.0,Data,Bachelor,0
51937,57.0,29.0,2000.0,Cloud,Master,1
51938,23.0,0.0,10761.0,AI,Bachelor,0
51939,57.0,30.0,9683.0,Web,Bachelor,1
51940,48.0,26.0,6298.0,Cloud,Master,0
51941,60.0,30.0,6345.0,AI,Bachelor,0
51942,35.0,11.0,7681.0,Web,Bachelor,0
51943,34.0,4.0,8916.0,Software,Bachelor,0
51944,29.0,1.0,7186.0,Web,Bachelor,0
51945,29.0,8.0,9311.0,Software,Bachelor,0
51946,49.0,23.0,3682.0,Web,PhD,1
51947,58.0,,2000.0,AI,Bachelor,0
51948,26.0,3.0,8809.0,Data,Master,0
51949,56.0,29.0,6710.0,AI,PhD,0
51950,49.0,19.0,4907.0,Data,Bachelor,0
51951,32.0,6.0,12183.0,Software,Master,0
51952,29.0,6.0,7631.0,AI,Bachelor,0
51953,50.0,27.0,9164.0,Web,Bachelor,0
51954,31.0,6.0,7927.0,Software,Master,0
51955,52.0,25.0,6783.0,AI,Master,0
51956,31.0,6.0,6663.0,Software,Bachelor,0
51957,50.0,22.0,9347.0,Software,Bachelor,0
51958,57.0,26.0,3450.0,Web,Bachelor,0
51959,34.0,12.0,10599.0,Cloud,Bachelor,0
51960,22.0,0.0,4885.0,AI,Bachelor,0
51961,39.0,11.0,10453.0,Software,,0
51962,21.0,0.0,2000.0,Cloud,Bachelor,0
51963,42.0,15.0,10177.0,Web,Bachelor,0
51964,39.0,10.0,9896.0,Software,Master,0
51965,36.0,5.0,13209.0,Software,Bachelor,0
51966,53.0,30.0,4016.0,Web,Bachelor,0
51967,49.0,26.0,7724.0,Cloud,Bachelor,0
51968,49.0,18.0,10514.0,Web,Master,0
51969,58.0,27.0,8455.0,Cloud,Bachelor,0
51970,34.0,3.0,8575.0,Web,Master,0
51971,51.0,26.0,6481.0,AI,Master,1
51972,33.0,11.0,11806.0,AI,Bachelor,0
51973,59.0,30.0,7962.0,Software,Bachelor,1
51974,21.0,0.0,8853.0,Software,Master,0
51975,40.0,16.0,7389.0,Web,Master,0
51976,42.0,14.0,10531.0,Data,Master,0
51977,44.0,19.0,7871.0,Data,Master,1
51978,55.0,28.0,9200.0,Data,Master,0
51979,24.0,2.0,7106.0,Cloud,PhD,0
51980,25.0,0.0,4255.0,Software,Bachelor,0
51981,44.0,18.0,2088.0,AI,Bachelor,0
51982,50.0,24.0,13113.0,Software,Master,1
51983,37.0,7.0,11623.0,Data,Bachelor,0
51984,27.0,5.0,4804.0,AI,Bachelor,0
51985,44.0,20.0,6770.0,Web,Bachelor,1
51986,51.0,23.0,12300.0,Cloud,PhD,0
51987,27.0,5.0,5354.0,Cloud,Bachelor,0
51988,52.0,27.0,8433.0,Web,Bachelor,0
51989,23.0,1.0,3021.0,Software,Bachelor,1
51990,50.0,24.0,5958.0,Data,Master,0
51991,31.0,10.0,8311.0,Software,Master,0
51992,43.0,21.0,8952.0,Data,Bachelor,0
51993,38.0,10.0,6310.0,Web,Bachelor,0
51994,29.0,0.0,4954.0,Data,Master,0
51995,31.0,7.0,6029.0,Software,Master,0
51996,33.0,12.0,11886.0,Web,Bachelor,0
51997,32.0,7.0,4497.0,AI,Bachelor,1
51998,59.0,30.0,13569.0,Data,PhD,1
51999,38.0,13.0,4620.0,,PhD,0
52000,40.0,15.0,8191.0,Data,Master,0
52001,52.0,21.0,9090.0,Data,Master,0
52002,55.0,27.0,5385.0,AI,Bachelor,0
52003,22.0,0.0,10559.0,Software,Bachelor,0
52004,29.0,4.0,6521.0,Web,Bachelor,0
52005,56.0,26.0,5626.0,Web,Bachelor,1
52006,47.0,20.0,3422.0,Software,,0
52007,23.0,0.0,8973.0,Cloud,Bachelor,1
52008,26.0,0.0,9303.0,AI,Bachelor,0
52009,55.0,30.0,5378.0,Cloud,Master,0
52010,54.0,30.0,10184.0,Data,Bachelor,0
52011,59.0,28.0,12114.0,Data,Bachelor,1
52012,56.0,30.0,6226.0,Cloud,Bachelor,1
52013,55.0,30.0,10726.0,Software,Bachelor,1
52014,60.0,30.0,10048.0,Data,Bachelor,0
52015,52.0,22.0,11087.0,AI,Bachelor,1
52016,39.0,8.0,10730.0,AI,Bachelor,0
52017,50.0,27.0,11731.0,Software,Master,0
52018,27.0,2.0,11120.0,AI,Bachelor,0
52019,34.0,12.0,5864.0,Cloud,Master,0
52020,29.0,2.0,12344.0,AI,Bachelor,0
52021,53.0,22.0,7268.0,Data,Bachelor,0
52022,58.0,30.0,4905.0,Software,Bachelor,0
52023,53.0,28.0,11690.0,Web,Bachelor,0
52024,33.0,7.0,2000.0,Cloud,Bachelor,0
52025,48.0,25.0,8648.0,Software,PhD,0
52026,25.0,0.0,11831.0,AI,PhD,0
52027,59.0,30.0,9316.0,Data,Master,1
52028,37.0,13.0,3081.0,AI,Bachelor,0
52029,23.0,0.0,3506.0,Software,Bachelor,0
52030,21.0,0.0,3465.0,Software,Bachelor,0
52031,35.0,9.0,6347.0,Data,Master,0
52032,23.0,0.0,5500.0,Software,PhD,1
52033,48.0,18.0,9271.0,AI,Bachelor,0
52034,35.0,14.0,12413.0,Web,Bachelor,0
52035,43.0,20.0,10993.0,Software,Bachelor,1
52036,22.0,0.0,9161.0,Software,Master,0
52037,21.0,0.0,12401.0,Software,Master,0
52038,47.0,18.0,8715.0,Cloud,Master,0
52039,22.0,0.0,,AI,Master,0
52040,29.0,0.0,7296.0,Data,Bachelor,0
52041,51.0,27.0,8303.0,Cloud,Master,1
52042,53.0,29.0,7947.0,Software,Master,0
52043,51.0,22.0,9310.0,Software,Bachelor,0
52044,43.0,13.0,14660.0,Data,PhD,0
52045,23.0,0.0,12448.0,AI,Bachelor,0
52046,54.0,30.0,3282.0,Data,Bachelor,0
52047,36.0,12.0,7955.0,AI,Bachelor,0
52048,53.0,27.0,8146.0,Software,Bachelor,0
52049,58.0,30.0,7330.0,Cloud,Bachelor,0
52050,60.0,30.0,5774.0,Data,Bachelor,0
52051,46.0,19.0,5840.0,AI,Master,1
52052,41.0,19.0,6606.0,Web,Bachelor,0
52053,60.0,30.0,12404.0,Web,PhD,1
52054,53.0,26.0,11815.0,Data,Bachelor,0
52055,51.0,20.0,2000.0,AI,Master,0
52056,33.0,5.0,8327.0,AI,Master,0
52057,34.0,5.0,9165.0,AI,Master,0
52058,31.0,2.0,5526.0,Software,Master,0
52059,22.0,0.0,3403.0,Software,Bachelor,0
52060,24.0,0.0,11741.0,Data,Bachelor,0
52061,59.0,30.0,7666.0,AI,Master,0
52062,57.0,28.0,9521.0,AI,Bachelor,1
52063,28.0,4.0,4336.0,Web,Bachelor,0
52064,,2.0,6866.0,Software,Master,0
52065,32.0,9.0,4013.0,Web,Master,0
52066,36.0,9.0,8819.0,Data,Bachelor,0
52067,30.0,2.0,6394.0,AI,Bachelor,0
52068,22.0,0.0,10431.0,AI,Bachelor,0
52069,42.0,14.0,5652.0,AI,Master,1
52070,60.0,30.0,8921.0,AI,Master,1
52071,,5.0,7732.0,Web,Master,0
52072,44.0,17.0,8822.0,Data,Bachelor,1
52073,23.0,1.0,7121.0,Software,Master,0
52074,47.0,20.0,10813.0,Software,Bachelor,0
52075,34.0,7.0,9299.0,Data,Bachelor,0
52076,49.0,26.0,9405.0,Data,Bachelor,0
52077,55.0,29.0,,Cloud,PhD,1
52078,22.0,0.0,9033.0,Web,Bachelor,1
52079,25.0,4.0,12625.0,AI,Bachelor,0
52080,52.0,23.0,3114.0,Cloud,Bachelor,0
52081,38.0,16.0,10199.0,Web,Master,0
52082,27.0,0.0,3218.0,AI,Master,0
52083,55.0,26.0,9108.0,Cloud,Bachelor,0
52084,33.0,2.0,7188.0,Software,PhD,1
52085,35.0,4.0,8310.0,Cloud,Bachelor,0
52086,28.0,2.0,2511.0,Software,Master,0
52087,37.0,16.0,4331.0,Data,Master,0
52088,27.0,5.0,11869.0,Software,Bachelor,0
52089,25.0,0.0,4162.0,Web,Master,0
52090,57.0,30.0,7671.0,Data,Bachelor,0
52091,55.0,30.0,8261.0,Cloud,PhD,1
52092,38.0,10.0,11335.0,AI,Bachelor,0
52093,38.0,17.0,8803.0,Data,Bachelor,0
52094,34.0,8.0,6922.0,Data,Bachelor,0
52095,35.0,6.0,10230.0,AI,Bachelor,0
52096,46.0,20.0,10273.0,Data,Bachelor,1
52097,39.0,13.0,13182.0,Data,Master,0
52098,51.0,25.0,6889.0,AI,PhD,0
52099,22.0,0.0,10721.0,Web,Master,0
52100,32.0,2.0,17164.0,Cloud,Master,0
52101,37.0,12.0,11126.0,Cloud,Master,0
52102,39.0,18.0,11280.0,Cloud,Master,1
52103,53.0,28.0,10923.0,Web,Master,0
52104,45.0,20.0,6010.0,AI,Bachelor,0
52105,41.0,10.0,10712.0,Data,Master,0
52106,36.0,7.0,11166.0,Software,Bachelor,0
52107,27.0,0.0,9393.0,Software,Master,0
52108,46.0,25.0,11036.0,AI,PhD,0
52109,21.0,0.0,9601.0,Web,Master,0
52110,55.0,30.0,9987.0,Data,Bachelor,0
52111,37.0,16.0,9427.0,AI,Bachelor,1
52112,29.0,0.0,9840.0,Web,Master,0
52113,57.0,30.0,6171.0,Software,Bachelor,0
52114,37.0,6.0,7364.0,Software,Bachelor,0
52115,39.0,10.0,5973.0,AI,Master,0
52116,45.0,20.0,6299.0,Software,Master,0
52117,55.0,30.0,8936.0,AI,Master,0
52118,45.0,18.0,8348.0,Cloud,Bachelor,0
52119,29.0,5.0,10541.0,Cloud,Bachelor,0
52120,29.0,4.0,13472.0,Data,Bachelor,0
52121,49.0,28.0,11422.0,AI,Bachelor,1
52122,46.0,18.0,10591.0,Software,Bachelor,0
52123,48.0,19.0,14731.0,Data,Bachelor,1
52124,38.0,14.0,9199.0,Software,Bachelor,0
52125,39.0,10.0,6406.0,AI,Master,0
52126,48.0,24.0,13048.0,Web,Master,0
52127,44.0,23.0,10372.0,Web,Bachelor,0
52128,56.0,28.0,8913.0,AI,Bachelor,0
52129,43.0,14.0,11265.0,Data,Bachelor,0
52130,38.0,9.0,6011.0,Web,Master,0
52131,52.0,21.0,8796.0,Cloud,Master,0
52132,58.0,30.0,2661.0,Web,Bachelor,1
52133,49.0,26.0,10041.0,AI,Bachelor,1
52134,41.0,18.0,3559.0,AI,Bachelor,0
52135,42.0,21.0,6543.0,AI,PhD,0
52136,60.0,30.0,8179.0,Data,PhD,1
52137,28.0,7.0,10905.0,,Bachelor,0
52138,35.0,9.0,6998.0,Data,Master,0
52139,22.0,0.0,9552.0,Web,Bachelor,0
52140,27.0,1.0,6804.0,Cloud,Bachelor,0
52141,33.0,11.0,9438.0,,Bachelor,0
52142,53.0,27.0,9221.0,Cloud,Bachelor,1
52143,50.0,19.0,7011.0,AI,Bachelor,0
52144,53.0,30.0,12638.0,Data,Bachelor,0
52145,26.0,4.0,4769.0,Software,Bachelor,0
52146,32.0,1.0,8899.0,AI,Bachelor,0
52147,27.0,0.0,7472.0,Web,Master,0
52148,32.0,3.0,7345.0,AI,Bachelor,0
52149,54.0,27.0,9292.0,Cloud,Bachelor,1
52150,47.0,17.0,9341.0,AI,Bachelor,0
52151,54.0,23.0,9405.0,,Bachelor,0
52152,23.0,0.0,8366.0,Data,Master,0
52153,58.0,30.0,7546.0,AI,Bachelor,1
52154,51.0,29.0,8080.0,Software,Bachelor,0
52155,39.0,8.0,13854.0,Software,Bachelor,0
52156,23.0,0.0,9201.0,Web,Master,0
52157,55.0,24.0,10345.0,AI,Master,0
52158,58.0,30.0,6004.0,Software,Bachelor,0
52159,51.0,27.0,10551.0,Web,Master,1
52160,38.0,8.0,2038.0,AI,Master,0
52161,21.0,0.0,9010.0,AI,Master,0
52162,35.0,8.0,4001.0,AI,Master,0
52163,36.0,6.0,8077.0,AI,Bachelor,0
52164,24.0,0.0,11678.0,Software,Bachelor,0
52165,32.0,7.0,13929.0,AI,Master,0
52166,42.0,12.0,6510.0,AI,Bachelor,0
52167,58.0,30.0,7533.0,,Master,1
52168,57.0,28.0,7979.0,Software,Bachelor,0
52169,24.0,0.0,4021.0,Web,Bachelor,0
52170,29.0,5.0,4936.0,Software,Master,0
52171,44.0,13.0,15439.0,AI,Master,0
52172,53.0,27.0,8427.0,Data,Master,1
52173,51.0,27.0,8799.0,AI,Master,0
52174,34.0,11.0,9245.0,Data,Bachelor,0
52175,57.0,30.0,9563.0,Web,Bachelor,1
52176,43.0,20.0,7936.0,Data,Bachelor,0
52177,56.0,30.0,13119.0,Software,Master,0
52178,37.0,7.0,10110.0,Cloud,Bachelor,0
52179,44.0,18.0,8266.0,Cloud,Bachelor,0
52180,24.0,0.0,9801.0,Software,Bachelor,0
52181,25.0,0.0,6814.0,Software,Master,0
52182,48.0,22.0,3235.0,Software,Master,0
52183,37.0,9.0,3421.0,Cloud,Master,0
52184,46.0,16.0,3972.0,AI,Master,0
52185,43.0,17.0,6635.0,Data,Bachelor,0
52186,27.0,0.0,9774.0,Data,Bachelor,0
52187,43.0,22.0,9067.0,Data,Bachelor,0
52188,59.0,30.0,6551.0,Software,Master,1
52189,35.0,14.0,11020.0,Software,Bachelor,0
52190,43.0,18.0,8460.0,Software,Bachelor,0
52191,24.0,0.0,12364.0,Cloud,Bachelor,0
52192,34.0,4.0,10482.0,Software,Bachelor,0
52193,33.0,9.0,8313.0,Data,Master,0
52194,42.0,14.0,9005.0,AI,Bachelor,0
52195,60.0,30.0,5346.0,Cloud,Bachelor,0
52196,49.0,24.0,2000.0,Cloud,Master,0
52197,30.0,8.0,8839.0,Cloud,Master,0
52198,36.0,11.0,7737.0,Software,Bachelor,0
52199,52.0,23.0,4140.0,Software,Bachelor,0
52200,56.0,28.0,4675.0,Web,Bachelor,0
52201,38.0,8.0,7113.0,Software,Bachelor,0
52202,49.0,21.0,8827.0,Data,Master,0
52203,34.0,11.0,14635.0,Data,Master,0
52204,23.0,0.0,7271.0,Data,Bachelor,0
52205,57.0,29.0,13809.0,Cloud,Bachelor,1
52206,40.0,19.0,4452.0,Data,Master,1
52207,49.0,23.0,5800.0,AI,PhD,1
52208,31.0,10.0,12024.0,AI,Master,0
52209,23.0,0.0,11063.0,AI,Master,0
52210,34.0,10.0,8389.0,Software,Bachelor,0
52211,58.0,29.0,4950.0,AI,Bachelor,0
52212,35.0,8.0,9059.0,Web,Bachelor,0
52213,56.0,30.0,6982.0,Data,Bachelor,0
52214,31.0,5.0,7517.0,Software,Bachelor,0
52215,60.0,29.0,6827.0,Software,Bachelor,0
52216,58.0,30.0,12157.0,Software,Bachelor,1
52217,42.0,11.0,12991.0,AI,Master,0
52218,47.0,24.0,11752.0,Software,Master,1
52219,48.0,26.0,13644.0,Data,Master,1
52220,34.0,10.0,,Web,Master,0
52221,26.0,0.0,4731.0,AI,Master,0
52222,59.0,30.0,4106.0,Data,Master,0
52223,24.0,2.0,7020.0,AI,Bachelor,0
52224,22.0,0.0,7553.0,Software,Master,0
52225,21.0,0.0,9263.0,Cloud,Bachelor,0
52226,29.0,0.0,8265.0,Data,PhD,0
52227,56.0,25.0,7670.0,Data,Master,1
52228,25.0,1.0,13820.0,Data,PhD,0
52229,38.0,11.0,3938.0,Data,Bachelor,0
52230,42.0,16.0,6778.0,AI,Master,0
52231,55.0,30.0,15504.0,AI,Master,1
52232,45.0,24.0,8667.0,Web,Master,0
52233,49.0,,5885.0,AI,Master,0
52234,36.0,5.0,9346.0,Software,Master,0
52235,26.0,1.0,6314.0,Cloud,Bachelor,0
52236,54.0,30.0,10010.0,Software,Master,1
52237,59.0,30.0,6820.0,Data,Bachelor,0
52238,36.0,6.0,6381.0,Software,Bachelor,0
52239,54.0,23.0,7128.0,Software,Master,0
52240,58.0,30.0,2000.0,Data,Master,1
52241,53.0,28.0,8384.0,Software,Bachelor,0
52242,28.0,0.0,10848.0,Software,Master,0
52243,40.0,9.0,9776.0,Data,Bachelor,0
52244,48.0,27.0,6559.0,Web,Bachelor,0
52245,21.0,,11411.0,Web,Master,0
52246,28.0,3.0,6800.0,Data,Master,0
52247,59.0,30.0,4590.0,AI,Master,0
52248,43.0,22.0,7336.0,AI,Bachelor,0
52249,41.0,10.0,8125.0,Software,Bachelor,1
52250,57.0,30.0,11650.0,Web,Bachelor,0
52251,22.0,1.0,3822.0,AI,Master,0
52252,39.0,9.0,7692.0,AI,Bachelor,0
52253,39.0,15.0,9715.0,Web,Bachelor,0
52254,33.0,10.0,5819.0,AI,PhD,0
52255,24.0,0.0,11252.0,Data,Master,0
52256,59.0,30.0,6596.0,Data,Bachelor,0
52257,31.0,1.0,7131.0,AI,Bachelor,0
52258,56.0,30.0,3830.0,AI,Bachelor,0
52259,50.0,24.0,10480.0,Software,Master,1
52260,29.0,5.0,5581.0,Data,Bachelor,0
52261,38.0,13.0,5168.0,Data,Bachelor,0
52262,39.0,11.0,13031.0,Data,Bachelor,0
52263,25.0,0.0,4871.0,Cloud,Bachelor,0
52264,49.0,19.0,6301.0,AI,Master,0
52265,49.0,21.0,11042.0,AI,Bachelor,0
52266,58.0,30.0,10391.0,Software,Bachelor,0
52267,23.0,0.0,5225.0,Web,Master,0
52268,43.0,16.0,4376.0,Cloud,Bachelor,1
52269,50.0,23.0,8386.0,AI,Master,0
52270,39.0,12.0,8512.0,AI,Bachelor,0
52271,29.0,6.0,6017.0,Data,Bachelor,0
52272,55.0,25.0,8517.0,Cloud,Master,0
52273,40.0,17.0,8656.0,Software,Master,0
52274,21.0,0.0,4654.0,AI,Bachelor,0
52275,48.0,22.0,4748.0,Data,PhD,1
52276,32.0,3.0,8602.0,AI,Bachelor,0
52277,36.0,7.0,5283.0,Software,Bachelor,0
52278,60.0,30.0,7455.0,AI,Bachelor,1
52279,28.0,0.0,9727.0,Cloud,Master,0
52280,42.0,20.0,6397.0,Cloud,Bachelor,0
52281,35.0,11.0,6753.0,Web,Bachelor,0
52282,33.0,8.0,8539.0,Software,Bachelor,0
52283,50.0,21.0,8721.0,Data,Bachelor,0
52284,44.0,19.0,7470.0,AI,Master,0
52285,29.0,8.0,8828.0,Cloud,Bachelor,0
52286,30.0,7.0,9351.0,AI,Bachelor,0
52287,36.0,5.0,10972.0,Data,Bachelor,0
52288,46.0,25.0,8080.0,Web,PhD,0
52289,54.0,30.0,3616.0,Software,Bachelor,1
52290,25.0,2.0,7587.0,AI,Bachelor,0
52291,32.0,1.0,9243.0,Data,Bachelor,0
52292,36.0,15.0,10160.0,Data,Master,0
52293,29.0,8.0,8433.0,Software,Master,0
52294,29.0,5.0,8985.0,Web,,0
52295,31.0,2.0,8386.0,Web,Bachelor,0
52296,35.0,10.0,7539.0,Software,Master,0
52297,53.0,22.0,8135.0,AI,Master,0
52298,54.0,30.0,10195.0,Web,Master,0
52299,42.0,11.0,8321.0,Software,Bachelor,0
52300,29.0,5.0,10399.0,AI,Bachelor,0
52301,33.0,11.0,6562.0,Web,Master,0
52302,41.0,18.0,15267.0,Data,Bachelor,0
52303,50.0,,14242.0,Data,Bachelor,0
52304,36.0,8.0,9734.0,Software,Master,0
52305,50.0,29.0,8785.0,Cloud,Bachelor,0
52306,21.0,0.0,3083.0,AI,Bachelor,0
52307,52.0,30.0,7802.0,Web,Master,0
52308,27.0,,8821.0,Software,Bachelor,0
52309,41.0,12.0,11389.0,Data,Master,0
52310,42.0,16.0,5607.0,Web,Bachelor,0
52311,39.0,13.0,12159.0,Web,Bachelor,1
52312,21.0,0.0,12600.0,Cloud,Bachelor,0
52313,46.0,22.0,6750.0,Web,Master,0
52314,44.0,21.0,6099.0,Web,Bachelor,0
52315,47.0,17.0,7734.0,Web,Master,1
52316,58.0,29.0,8398.0,Data,Bachelor,0
52317,43.0,15.0,8136.0,AI,Bachelor,0
52318,26.0,0.0,14372.0,Cloud,Bachelor,0
52319,51.0,26.0,10267.0,Cloud,Master,1
52320,53.0,30.0,6307.0,Web,Master,1
52321,30.0,8.0,10148.0,Cloud,Master,0
52322,44.0,18.0,4865.0,Web,Bachelor,0
52323,26.0,1.0,4218.0,Web,Bachelor,0
52324,39.0,9.0,3869.0,Web,Master,0
52325,34.0,8.0,6073.0,AI,Bachelor,0
52326,38.0,8.0,9021.0,AI,Master,0
52327,25.0,0.0,11222.0,Data,Master,0
52328,53.0,30.0,8824.0,Software,Master,0
52329,23.0,0.0,10267.0,Software,Bachelor,0
52330,57.0,30.0,2787.0,Software,Bachelor,0
52331,39.0,8.0,8113.0,Software,Bachelor,0
52332,57.0,30.0,11136.0,Data,Master,1
52333,47.0,26.0,9081.0,Web,Master,0
52334,41.0,10.0,6210.0,Cloud,Bachelor,0
52335,49.0,,14790.0,Data,Bachelor,1
52336,23.0,2.0,10596.0,,Bachelor,0
52337,23.0,2.0,9244.0,AI,Bachelor,0
52338,46.0,16.0,10402.0,AI,Master,1
52339,48.0,21.0,7134.0,Software,PhD,0
52340,54.0,30.0,6802.0,Software,Master,1
52341,56.0,27.0,11746.0,Data,Bachelor,0
52342,57.0,30.0,7919.0,Data,Bachelor,0
52343,55.0,30.0,2844.0,AI,,0
52344,27.0,2.0,6375.0,Data,Master,0
52345,55.0,30.0,7800.0,Data,Master,1
52346,39.0,16.0,9971.0,Data,Bachelor,0
52347,25.0,1.0,12178.0,Web,Master,0
52348,41.0,20.0,4898.0,Software,Bachelor,0
52349,59.0,30.0,8384.0,AI,Master,0
52350,39.0,10.0,7477.0,AI,PhD,0
52351,32.0,7.0,5975.0,Cloud,Master,0
52352,37.0,13.0,10150.0,Data,Bachelor,0
52353,,24.0,11140.0,AI,Master,1
52354,21.0,0.0,8136.0,Software,Bachelor,0
52355,25.0,,5999.0,AI,Master,0
52356,47.0,22.0,11686.0,Cloud,Master,0
52357,36.0,11.0,6513.0,Web,Master,0
52358,32.0,7.0,4875.0,Software,Master,0
52359,31.0,1.0,7384.0,Software,Master,0
52360,40.0,17.0,11166.0,AI,Master,0
52361,42.0,19.0,10480.0,Cloud,Bachelor,0
52362,39.0,8.0,10432.0,AI,Bachelor,0
52363,54.0,24.0,2000.0,Data,Bachelor,0
52364,39.0,15.0,12089.0,Web,Bachelor,0
52365,55.0,28.0,8594.0,Cloud,Bachelor,0
52366,50.0,21.0,4908.0,Software,Master,0
52367,45.0,21.0,10507.0,Data,Bachelor,0
52368,31.0,9.0,6636.0,Software,Master,0
52369,43.0,21.0,11914.0,AI,Bachelor,1
52370,22.0,0.0,9357.0,AI,Master,0
52371,35.0,12.0,4301.0,AI,Master,0
52372,34.0,4.0,7846.0,Cloud,Bachelor,0
52373,22.0,0.0,9300.0,AI,Master,0
52374,56.0,27.0,13940.0,Software,Bachelor,1
52375,30.0,4.0,13114.0,Cloud,Master,0
52376,34.0,9.0,8906.0,AI,Master,0
52377,56.0,30.0,3868.0,Software,Bachelor,0
52378,57.0,28.0,4179.0,Cloud,Bachelor,0
52379,57.0,29.0,7901.0,Web,Bachelor,0
52380,26.0,0.0,6112.0,Web,Master,0
52381,49.0,28.0,6888.0,Data,Bachelor,0
52382,47.0,17.0,8061.0,Web,Bachelor,0
52383,35.0,5.0,10805.0,Cloud,Bachelor,0
52384,59.0,30.0,7641.0,Software,Bachelor,0
52385,30.0,7.0,5772.0,Data,Bachelor,0
52386,56.0,30.0,3299.0,Software,Master,1
52387,41.0,12.0,8314.0,Cloud,Bachelor,0
52388,45.0,15.0,10086.0,Software,PhD,0
52389,28.0,1.0,4479.0,Web,Bachelor,0
52390,43.0,18.0,4155.0,,Bachelor,0
52391,54.0,27.0,9155.0,Software,,0
52392,42.0,21.0,10153.0,AI,Master,0
52393,43.0,19.0,5859.0,AI,Bachelor,0
52394,41.0,16.0,6487.0,AI,Master,0
52395,23.0,2.0,10705.0,Web,Master,0
52396,25.0,0.0,9563.0,Data,PhD,0
52397,31.0,6.0,3004.0,Cloud,Bachelor,0
52398,55.0,28.0,,Web,Bachelor,0
52399,35.0,9.0,7238.0,Data,Bachelor,0
52400,33.0,2.0,10154.0,Web,Bachelor,0
52401,36.0,10.0,8353.0,Cloud,PhD,0
52402,36.0,9.0,8006.0,Web,Bachelor,0
52403,30.0,3.0,6401.0,AI,Bachelor,1
52404,35.0,6.0,8942.0,AI,Bachelor,0
52405,56.0,,7892.0,Software,Master,1
52406,41.0,13.0,9111.0,AI,Bachelor,0
52407,37.0,10.0,3990.0,Software,Master,1
52408,36.0,11.0,8792.0,Data,Bachelor,0
52409,45.0,23.0,5555.0,Cloud,Master,0
52410,41.0,12.0,8523.0,Data,Bachelor,0
52411,28.0,0.0,2530.0,Web,Bachelor,0
52412,49.0,23.0,13706.0,AI,Bachelor,1
52413,37.0,10.0,8897.0,Software,Bachelor,0
52414,56.0,30.0,9240.0,Software,Bachelor,0
52415,28.0,7.0,11341.0,Cloud,Master,1
52416,29.0,5.0,6709.0,Software,Bachelor,0
52417,47.0,21.0,10045.0,Software,Master,0
52418,35.0,6.0,8358.0,Web,Master,0
52419,49.0,20.0,9760.0,Data,PhD,0
52420,39.0,10.0,6683.0,Software,Bachelor,0
52421,55.0,30.0,4998.0,Web,Bachelor,1
52422,37.0,10.0,9728.0,Web,Master,0
52423,28.0,0.0,5922.0,Web,Master,0
52424,56.0,30.0,4743.0,Cloud,Bachelor,1
52425,43.0,18.0,6792.0,Data,Bachelor,0
52426,49.0,25.0,7856.0,AI,Bachelor,0
52427,35.0,10.0,5823.0,Data,Bachelor,0
52428,37.0,14.0,8274.0,AI,Bachelor,0
52429,55.0,30.0,5334.0,Web,Bachelor,0
52430,51.0,26.0,11320.0,Software,Master,0
52431,53.0,23.0,8685.0,AI,Bachelor,1
52432,37.0,14.0,13862.0,AI,Bachelor,0
52433,53.0,30.0,6921.0,Web,Bachelor,0
52434,29.0,4.0,6408.0,Web,Bachelor,0
52435,24.0,0.0,8329.0,Web,Bachelor,0
52436,30.0,5.0,8491.0,Cloud,Master,0
52437,56.0,30.0,9131.0,Web,Master,0
52438,55.0,29.0,11812.0,Data,Bachelor,1
52439,29.0,3.0,9003.0,Data,PhD,0
52440,47.0,22.0,9763.0,Software,Master,1
52441,48.0,26.0,6965.0,AI,Master,0
52442,48.0,,11151.0,,Bachelor,1
52443,35.0,13.0,10275.0,Web,PhD,0
52444,31.0,7.0,11382.0,AI,Master,0
52445,58.0,30.0,13303.0,Web,Master,0
52446,41.0,14.0,3734.0,Web,Master,0
52447,43.0,20.0,9682.0,Cloud,Bachelor,1
52448,54.0,23.0,11259.0,Data,Bachelor,0
52449,,21.0,6931.0,AI,Bachelor,1
52450,28.0,0.0,5782.0,AI,Bachelor,0
52451,26.0,0.0,3896.0,Web,Bachelor,0
52452,21.0,0.0,9247.0,Software,Bachelor,0
52453,53.0,22.0,5622.0,Data,Bachelor,0
52454,60.0,30.0,10473.0,Cloud,Master,0
52455,23.0,0.0,9119.0,Data,Bachelor,0
52456,54.0,30.0,8731.0,Data,Bachelor,1
52457,25.0,0.0,10105.0,Data,Master,0
52458,49.0,18.0,5916.0,AI,Bachelor,0
52459,45.0,18.0,4214.0,Cloud,Bachelor,0
52460,48.0,23.0,8994.0,Software,Master,0
52461,53.0,23.0,8408.0,Data,Bachelor,1
52462,55.0,29.0,7249.0,Cloud,Bachelor,0
52463,45.0,22.0,10030.0,Data,Master,1
52464,52.0,30.0,11934.0,AI,Master,1
52465,41.0,15.0,9026.0,Data,Master,0
52466,27.0,0.0,6288.0,AI,Bachelor,0
52467,42.0,21.0,8478.0,AI,Master,1
52468,39.0,14.0,10908.0,Data,Master,0
52469,27.0,3.0,8882.0,AI,Master,0
52470,31.0,4.0,8487.0,AI,PhD,0
52471,33.0,10.0,3834.0,Web,Bachelor,0
52472,26.0,0.0,6801.0,Cloud,Master,0
52473,41.0,16.0,7773.0,AI,Bachelor,0
52474,58.0,30.0,6941.0,Software,,0
52475,23.0,0.0,8202.0,Data,Bachelor,0
52476,38.0,9.0,5686.0,Data,Bachelor,0
52477,48.0,17.0,12840.0,Cloud,Bachelor,0
52478,39.0,17.0,7794.0,,Master,0
52479,46.0,15.0,2000.0,Web,Master,0
52480,22.0,0.0,12463.0,Software,PhD,0
52481,49.0,22.0,7597.0,Cloud,Bachelor,0
52482,52.0,27.0,16416.0,Software,Master,0
52483,40.0,9.0,5380.0,Software,Master,1
52484,58.0,30.0,3646.0,Software,Master,0
52485,42.0,21.0,4561.0,Software,Bachelor,0
52486,32.0,5.0,5691.0,AI,Bachelor,0
52487,22.0,0.0,5972.0,Software,Bachelor,0
52488,60.0,30.0,3337.0,Web,Bachelor,1
52489,57.0,26.0,8922.0,Cloud,Bachelor,0
52490,25.0,0.0,7019.0,Data,Bachelor,0
52491,23.0,0.0,13936.0,Software,Bachelor,0
52492,28.0,2.0,6204.0,Data,Bachelor,0
52493,29.0,5.0,8952.0,Software,Master,0
52494,24.0,1.0,5897.0,Software,PhD,0
52495,57.0,30.0,7857.0,Data,Bachelor,0
52496,30.0,5.0,5692.0,Cloud,Master,0
52497,55.0,28.0,7923.0,Software,Bachelor,1
52498,55.0,27.0,5626.0,AI,Master,1
52499,32.0,8.0,3587.0,AI,Master,0
52500,47.0,25.0,4462.0,Cloud,Bachelor,0
52501,49.0,19.0,11210.0,Software,PhD,0
52502,51.0,30.0,9324.0,Software,Bachelor,0
52503,51.0,24.0,8349.0,AI,Master,1
52504,51.0,27.0,5109.0,Cloud,Master,1
52505,58.0,28.0,9369.0,AI,Master,1
52506,28.0,7.0,7504.0,Web,,0
52507,22.0,0.0,13462.0,Software,Bachelor,0
52508,35.0,9.0,6883.0,Web,Bachelor,0
52509,43.0,21.0,10166.0,Data,Bachelor,0
52510,43.0,22.0,9686.0,Software,Bachelor,0
52511,21.0,0.0,8804.0,Cloud,Master,0
52512,28.0,5.0,6498.0,Data,Master,0
52513,28.0,4.0,3477.0,Software,Bachelor,0
52514,22.0,0.0,8086.0,Data,Bachelor,0
52515,52.0,22.0,6806.0,Data,Bachelor,0
52516,48.0,17.0,11156.0,Data,Bachelor,0
52517,43.0,17.0,4824.0,Data,Bachelor,0
52518,24.0,0.0,8028.0,AI,Bachelor,0
52519,44.0,18.0,9446.0,Software,Master,0
52520,25.0,1.0,9505.0,,Bachelor,0
52521,31.0,1.0,10288.0,Software,PhD,1
52522,54.0,30.0,7099.0,Data,Bachelor,0
52523,36.0,7.0,12734.0,Cloud,Bachelor,0
52524,59.0,29.0,6503.0,Cloud,Master,0
52525,58.0,28.0,12358.0,Cloud,Master,1
52526,43.0,21.0,10889.0,Data,Master,0
52527,39.0,12.0,9267.0,Software,Master,0
52528,53.0,27.0,5000.0,Cloud,Master,1
52529,60.0,30.0,10128.0,Data,Bachelor,0
52530,52.0,24.0,11303.0,Data,Master,0
52531,57.0,30.0,7150.0,Data,Bachelor,0
52532,59.0,30.0,9461.0,Data,Master,0
52533,43.0,21.0,7439.0,AI,Bachelor,0
52534,37.0,10.0,6950.0,Software,Bachelor,0
52535,57.0,29.0,14550.0,AI,Master,1
52536,43.0,19.0,2000.0,Web,Bachelor,0
52537,21.0,0.0,8063.0,Cloud,Bachelor,0
52538,54.0,24.0,8934.0,AI,Bachelor,1
52539,21.0,0.0,13549.0,Data,Master,0
52540,26.0,0.0,7281.0,Data,Master,0
52541,25.0,0.0,5691.0,Web,Bachelor,0
52542,40.0,12.0,13095.0,Web,Bachelor,0
52543,22.0,1.0,7512.0,AI,Bachelor,0
52544,55.0,28.0,9079.0,AI,Bachelor,0
52545,45.0,15.0,10740.0,Software,Master,0
52546,48.0,25.0,9694.0,Data,Master,0
52547,46.0,24.0,6236.0,Data,Master,0
52548,35.0,4.0,9343.0,Web,Master,0
52549,47.0,,2528.0,AI,Bachelor,0
52550,58.0,30.0,8366.0,AI,Bachelor,0
52551,54.0,29.0,8659.0,AI,Master,0
52552,21.0,0.0,8033.0,AI,Bachelor,0
52553,21.0,0.0,6337.0,Software,Bachelor,1
52554,22.0,0.0,6230.0,Data,Bachelor,0
52555,58.0,30.0,5791.0,Data,Bachelor,0
52556,34.0,13.0,7354.0,AI,,0
52557,37.0,16.0,7036.0,Cloud,Bachelor,0
52558,42.0,20.0,3393.0,AI,Bachelor,0
52559,26.0,0.0,6167.0,AI,Bachelor,0
52560,22.0,0.0,7110.0,Cloud,Bachelor,0
52561,36.0,12.0,7019.0,AI,Master,0
52562,56.0,30.0,5453.0,Software,Master,0
52563,39.0,14.0,,Cloud,Bachelor,0
52564,23.0,0.0,6256.0,AI,Master,0
52565,38.0,9.0,10219.0,Software,Master,1
52566,29.0,5.0,10832.0,Data,Bachelor,0
52567,32.0,11.0,17432.0,Data,Bachelor,0
52568,54.0,30.0,5271.0,Software,Bachelor,0
52569,60.0,30.0,9228.0,Data,Master,0
52570,41.0,17.0,8877.0,Data,Bachelor,0
52571,31.0,4.0,,Software,Bachelor,0
52572,36.0,13.0,7905.0,Web,Bachelor,0
52573,47.0,24.0,9968.0,AI,Master,0
52574,26.0,0.0,5562.0,AI,Bachelor,0
52575,54.0,30.0,7943.0,Web,PhD,0
52576,56.0,29.0,6117.0,Cloud,Bachelor,0
52577,54.0,23.0,7436.0,Software,Bachelor,1
52578,29.0,7.0,7605.0,Web,PhD,0
52579,38.0,10.0,5435.0,AI,Master,0
52580,32.0,5.0,6904.0,Web,Bachelor,0
52581,41.0,12.0,9686.0,Cloud,Bachelor,0
52582,,27.0,4864.0,Cloud,PhD,1
52583,24.0,3.0,7339.0,Data,Bachelor,0
52584,43.0,13.0,15171.0,Web,Bachelor,0
52585,39.0,18.0,6728.0,Cloud,Master,0
52586,58.0,28.0,12009.0,AI,Bachelor,0
52587,52.0,25.0,8359.0,Data,Master,0
52588,46.0,23.0,8328.0,Web,Bachelor,0
52589,51.0,21.0,6043.0,Web,Bachelor,0
52590,49.0,28.0,6907.0,Web,Bachelor,1
52591,54.0,27.0,2000.0,Web,Master,0
52592,48.0,24.0,12236.0,AI,Bachelor,1
52593,56.0,30.0,11071.0,AI,Master,0
52594,49.0,19.0,12229.0,AI,Bachelor,0
52595,28.0,2.0,8449.0,AI,Master,0
52596,21.0,0.0,4971.0,Cloud,Bachelor,0
52597,39.0,12.0,11649.0,AI,PhD,0
52598,49.0,25.0,10256.0,AI,Bachelor,0
52599,38.0,16.0,9096.0,Software,Bachelor,0
52600,58.0,30.0,12222.0,Data,Master,1
52601,48.0,,9793.0,AI,Bachelor,1
52602,36.0,14.0,6382.0,Software,PhD,1
52603,25.0,0.0,7006.0,Data,Master,0
52604,35.0,6.0,8183.0,Software,Master,1
52605,,1.0,9962.0,Web,,0
52606,23.0,0.0,10476.0,Data,Bachelor,1
52607,31.0,4.0,9749.0,AI,Bachelor,0
52608,35.0,8.0,2000.0,Cloud,PhD,0
52609,28.0,7.0,5095.0,AI,Master,0
52610,52.0,30.0,14961.0,Web,Master,1
52611,42.0,13.0,4946.0,Cloud,Bachelor,0
52612,53.0,23.0,3257.0,Web,Bachelor,0
52613,60.0,30.0,8147.0,AI,,0
52614,27.0,2.0,12698.0,Cloud,Bachelor,0
52615,28.0,5.0,4306.0,Data,Bachelor,0
52616,34.0,12.0,2751.0,Software,,0
52617,24.0,0.0,10436.0,Data,Master,0
52618,22.0,0.0,3409.0,Data,PhD,0
52619,49.0,25.0,7453.0,Web,Master,1
52620,21.0,0.0,3503.0,Cloud,Bachelor,0
52621,31.0,10.0,7682.0,Software,Master,0
52622,43.0,20.0,10611.0,Cloud,Bachelor,0
52623,52.0,27.0,9228.0,Web,PhD,0
52624,32.0,11.0,10650.0,Web,Master,0
52625,60.0,30.0,4739.0,Data,Bachelor,1
52626,47.0,23.0,3493.0,Web,Master,0
52627,28.0,0.0,7115.0,Web,Bachelor,0
52628,46.0,25.0,9474.0,Web,Bachelor,0
52629,43.0,16.0,6363.0,AI,Master,0
52630,34.0,11.0,8696.0,Web,Bachelor,1
52631,58.0,30.0,7267.0,Data,Bachelor,0
52632,48.0,20.0,10889.0,Web,Master,1
52633,60.0,30.0,8731.0,Web,Master,0
52634,57.0,30.0,4147.0,AI,Bachelor,1
52635,30.0,0.0,9493.0,Data,Bachelor,0
52636,31.0,9.0,10143.0,Software,Bachelor,0
52637,46.0,17.0,9167.0,AI,Bachelor,0
52638,23.0,0.0,5132.0,Software,Bachelor,0
52639,53.0,30.0,6350.0,AI,Bachelor,1
52640,26.0,1.0,12426.0,Software,Bachelor,0
52641,23.0,0.0,11486.0,Web,Master,0
52642,46.0,21.0,7191.0,Software,Master,0
52643,52.0,30.0,13957.0,,,0
52644,45.0,21.0,4096.0,Software,Bachelor,0
52645,49.0,21.0,4740.0,Data,Master,0
52646,51.0,23.0,7545.0,Data,PhD,1
52647,48.0,26.0,12419.0,Data,Master,0
52648,29.0,1.0,4544.0,Web,Bachelor,0
52649,46.0,22.0,3755.0,Data,Bachelor,0
52650,33.0,12.0,11387.0,Data,PhD,0
52651,41.0,16.0,3039.0,AI,PhD,0
52652,36.0,7.0,11156.0,AI,Master,0
52653,49.0,18.0,6893.0,Software,Bachelor,0
52654,44.0,17.0,8113.0,Cloud,Bachelor,0
52655,28.0,7.0,8057.0,Web,Master,0
52656,53.0,25.0,9541.0,Software,Bachelor,0
52657,29.0,2.0,5063.0,AI,Bachelor,0
52658,57.0,30.0,11521.0,Data,Bachelor,1
52659,32.0,2.0,6285.0,Software,Bachelor,0
52660,58.0,28.0,12843.0,AI,Bachelor,1
52661,23.0,0.0,10521.0,AI,Bachelor,0
52662,43.0,20.0,3797.0,AI,Bachelor,0
52663,29.0,3.0,9511.0,AI,Master,0
52664,35.0,11.0,10922.0,Data,Bachelor,0
52665,25.0,1.0,9907.0,Web,Master,0
52666,45.0,24.0,4886.0,Web,Bachelor,0
52667,52.0,22.0,11358.0,Software,Bachelor,0
52668,39.0,13.0,2000.0,AI,Bachelor,0
52669,33.0,9.0,10784.0,Cloud,Master,0
52670,53.0,27.0,8898.0,Web,Master,0
52671,38.0,16.0,12358.0,Data,PhD,0
52672,46.0,22.0,6386.0,Data,Bachelor,0
52673,34.0,3.0,7534.0,Data,PhD,0
52674,59.0,30.0,8175.0,Data,Bachelor,0
52675,45.0,15.0,11261.0,Data,Bachelor,1
52676,47.0,16.0,3832.0,Data,Bachelor,0
52677,46.0,19.0,8874.0,Data,Master,0
52678,32.0,2.0,6809.0,Software,Bachelor,0
52679,42.0,13.0,8902.0,Cloud,Bachelor,0
52680,51.0,26.0,,Data,Master,0
52681,29.0,0.0,12423.0,Web,Bachelor,0
52682,47.0,20.0,11335.0,Data,Master,0
52683,48.0,17.0,2475.0,Software,Master,0
52684,50.0,26.0,8118.0,AI,Bachelor,0
52685,35.0,6.0,9218.0,AI,Bachelor,0
52686,21.0,0.0,7718.0,Software,Bachelor,0
52687,25.0,0.0,12397.0,Web,Master,0
52688,44.0,14.0,9520.0,Data,Bachelor,0
52689,32.0,10.0,11897.0,Software,Bachelor,0
52690,27.0,0.0,8664.0,,Bachelor,0
52691,31.0,3.0,5071.0,Software,Master,0
52692,34.0,5.0,7389.0,AI,Master,0
52693,39.0,13.0,2904.0,Software,Master,0
52694,37.0,14.0,11587.0,Software,Master,0
52695,59.0,30.0,4050.0,Software,Bachelor,1
52696,30.0,3.0,11624.0,Data,Master,0
52697,57.0,30.0,13530.0,Software,Bachelor,0
52698,47.0,20.0,5978.0,Web,Bachelor,0
52699,28.0,5.0,11035.0,Web,Master,0
52700,51.0,28.0,9414.0,AI,Bachelor,1
52701,59.0,30.0,3983.0,Data,Bachelor,0
52702,49.0,26.0,12049.0,Software,Bachelor,0
52703,23.0,0.0,7779.0,Software,Master,0
52704,42.0,14.0,9121.0,Web,Master,0
52705,44.0,18.0,9001.0,Data,Bachelor,0
52706,43.0,21.0,6277.0,Data,Master,0
52707,45.0,14.0,8341.0,Data,Master,0
52708,23.0,0.0,12829.0,AI,Bachelor,0
52709,26.0,0.0,5947.0,Web,Bachelor,0
52710,32.0,4.0,10280.0,Cloud,Master,0
52711,51.0,21.0,9178.0,AI,Bachelor,0
52712,21.0,0.0,11564.0,AI,Bachelor,0
52713,36.0,9.0,3733.0,Cloud,Bachelor,0
52714,34.0,5.0,5874.0,AI,Bachelor,0
52715,44.0,14.0,7094.0,Software,Master,1
52716,51.0,30.0,7965.0,Cloud,Bachelor,0
52717,57.0,27.0,9384.0,Data,Master,1
52718,46.0,17.0,3914.0,Data,Bachelor,0
52719,51.0,20.0,11092.0,Cloud,Master,1
52720,34.0,5.0,6978.0,,PhD,0
52721,42.0,16.0,4717.0,AI,Master,0
52722,52.0,27.0,9450.0,AI,Bachelor,0
52723,55.0,25.0,9295.0,Web,Master,0
52724,48.0,25.0,9514.0,Software,Bachelor,1
52725,22.0,0.0,4145.0,Cloud,Master,0
52726,58.0,30.0,2817.0,Data,Bachelor,0
52727,38.0,9.0,7571.0,AI,Bachelor,0
52728,57.0,30.0,2989.0,Data,Master,1
52729,56.0,,8487.0,Software,Master,0
52730,33.0,9.0,3161.0,Web,Master,0
52731,60.0,30.0,9969.0,AI,Bachelor,0
52732,46.0,21.0,4336.0,AI,Bachelor,0
52733,41.0,16.0,6873.0,AI,Master,0
52734,32.0,8.0,9872.0,Web,Bachelor,0
52735,43.0,21.0,12501.0,Software,Bachelor,0
52736,25.0,2.0,4944.0,Data,Master,0
52737,46.0,25.0,8743.0,Software,Bachelor,0
52738,59.0,30.0,6482.0,Cloud,Bachelor,0
52739,29.0,2.0,9314.0,Cloud,Bachelor,0
52740,58.0,30.0,8756.0,Data,Bachelor,1
52741,49.0,18.0,5745.0,Software,Bachelor,0
52742,35.0,5.0,10447.0,Web,Bachelor,0
52743,,30.0,5057.0,Data,Master,0
52744,55.0,30.0,10015.0,Web,Master,0
52745,42.0,15.0,7340.0,AI,Master,0
52746,50.0,24.0,14086.0,AI,Bachelor,0
52747,26.0,2.0,3466.0,Data,Master,0
52748,24.0,0.0,11113.0,Software,Bachelor,0
52749,41.0,10.0,9933.0,Software,Bachelor,0
52750,53.0,25.0,8056.0,AI,Bachelor,0
52751,53.0,30.0,8460.0,Web,PhD,0
52752,21.0,0.0,8262.0,Software,Master,0
52753,27.0,0.0,5746.0,Software,Bachelor,0
52754,21.0,0.0,6731.0,Software,Bachelor,0
52755,45.0,17.0,3814.0,AI,Bachelor,0
52756,59.0,28.0,2000.0,Cloud,Bachelor,1
52757,39.0,16.0,9310.0,AI,PhD,0
52758,46.0,23.0,9124.0,Software,Master,1
52759,57.0,30.0,7941.0,Software,Bachelor,0
52760,23.0,0.0,7171.0,Data,Bachelor,0
52761,52.0,25.0,7922.0,Data,Master,0
52762,59.0,29.0,3796.0,Software,Bachelor,0
52763,44.0,23.0,11337.0,Web,Master,0
52764,25.0,4.0,9182.0,Data,PhD,0
52765,25.0,2.0,10600.0,Web,Bachelor,0
52766,52.0,28.0,2658.0,AI,PhD,0
52767,55.0,24.0,9206.0,Software,Bachelor,0
52768,48.0,22.0,8182.0,Data,,0
52769,28.0,4.0,9525.0,AI,Master,0
52770,40.0,13.0,3299.0,AI,Bachelor,0
52771,49.0,19.0,6684.0,Data,Master,0
52772,34.0,7.0,10601.0,Software,Master,0
52773,58.0,29.0,11018.0,AI,Bachelor,0
52774,54.0,29.0,3588.0,Web,Bachelor,0
52775,44.0,13.0,8285.0,Cloud,Master,0
52776,43.0,13.0,8395.0,Data,PhD,0
52777,45.0,21.0,11070.0,Data,Master,0
52778,25.0,1.0,2000.0,Data,Bachelor,0
52779,35.0,10.0,8957.0,AI,Bachelor,0
52780,47.0,25.0,4444.0,Web,Master,0
52781,58.0,28.0,7287.0,Software,Master,0
52782,51.0,20.0,6380.0,Cloud,PhD,0
52783,29.0,0.0,10640.0,Web,Bachelor,0
52784,35.0,8.0,11143.0,Software,PhD,1
52785,56.0,30.0,9064.0,Data,Master,1
52786,27.0,0.0,11874.0,Web,Bachelor,0
52787,22.0,1.0,12236.0,Cloud,Bachelor,0
52788,58.0,30.0,9511.0,Data,Bachelor,1
52789,52.0,29.0,9479.0,Software,Master,1
52790,40.0,13.0,5456.0,Data,PhD,0
52791,24.0,0.0,7290.0,Cloud,Bachelor,0
52792,50.0,26.0,13667.0,Cloud,Master,0
52793,23.0,2.0,10233.0,AI,Bachelor,0
52794,53.0,30.0,11782.0,Web,Bachelor,0
52795,55.0,29.0,9266.0,Web,Master,0
52796,29.0,0.0,5515.0,Data,Bachelor,0
52797,59.0,30.0,7248.0,Web,,0
52798,33.0,2.0,6982.0,Cloud,Bachelor,0
52799,28.0,7.0,5858.0,Cloud,Bachelor,0
52800,40.0,9.0,12093.0,Web,Bachelor,0
52801,26.0,0.0,13414.0,Web,,0
52802,50.0,25.0,2726.0,Cloud,Bachelor,0
52803,43.0,12.0,8521.0,Web,Bachelor,0
52804,38.0,15.0,,AI,Master,1
52805,43.0,17.0,10207.0,AI,PhD,0
52806,53.0,24.0,10152.0,AI,Bachelor,0
52807,27.0,3.0,7609.0,Web,Master,0
52808,35.0,4.0,9663.0,Web,Master,0
52809,27.0,0.0,8701.0,Web,PhD,1
52810,50.0,25.0,7305.0,Software,Bachelor,0
52811,,0.0,6402.0,Web,Bachelor,0
52812,38.0,13.0,12563.0,Web,Bachelor,0
52813,26.0,0.0,8054.0,AI,Master,0
52814,29.0,8.0,10039.0,AI,Bachelor,0
52815,21.0,0.0,10024.0,Data,Bachelor,0
52816,26.0,0.0,9069.0,Data,Bachelor,0
52817,51.0,20.0,7689.0,AI,Bachelor,1
52818,23.0,0.0,8875.0,Data,Bachelor,0
52819,31.0,5.0,7718.0,AI,Bachelor,0
52820,46.0,18.0,7242.0,Web,Bachelor,0
52821,27.0,0.0,8839.0,Software,Master,0
52822,49.0,21.0,11678.0,Data,Bachelor,0
52823,42.0,21.0,11560.0,Web,Bachelor,0
52824,55.0,26.0,14180.0,Cloud,Master,0
52825,50.0,26.0,6785.0,AI,Master,0
52826,31.0,8.0,8905.0,Web,Master,1
52827,52.0,23.0,2000.0,Web,Bachelor,0
52828,38.0,14.0,10427.0,AI,Master,0
52829,42.0,18.0,2000.0,Cloud,Master,0
52830,32.0,7.0,7903.0,AI,Master,0
52831,36.0,12.0,7839.0,Software,Bachelor,0
52832,29.0,7.0,4915.0,Web,Master,1
52833,42.0,21.0,12440.0,Cloud,Bachelor,0
52834,60.0,29.0,7365.0,Cloud,Bachelor,1
52835,29.0,8.0,6023.0,AI,Bachelor,0
52836,53.0,23.0,8301.0,Data,Bachelor,0
52837,47.0,19.0,15279.0,AI,Bachelor,0
52838,58.0,30.0,15124.0,Cloud,Bachelor,1
52839,29.0,3.0,8677.0,Software,Bachelor,0
52840,25.0,0.0,4972.0,Data,Master,0
52841,40.0,18.0,5939.0,Web,Bachelor,0
52842,21.0,0.0,6580.0,Cloud,Master,0
52843,55.0,30.0,7314.0,Cloud,Bachelor,0
52844,25.0,0.0,10487.0,Web,Master,0
52845,44.0,23.0,3337.0,,Bachelor,1
52846,23.0,0.0,7096.0,Software,Bachelor,0
52847,24.0,0.0,,Software,Master,0
52848,43.0,22.0,5476.0,Software,Master,0
52849,35.0,4.0,7162.0,Data,Master,0
52850,40.0,9.0,8544.0,Cloud,Bachelor,0
52851,45.0,17.0,9762.0,Web,Bachelor,0
52852,57.0,30.0,7356.0,Software,Bachelor,0
52853,22.0,0.0,11165.0,Web,Master,0
52854,58.0,30.0,4914.0,AI,Bachelor,0
52855,33.0,6.0,3236.0,Software,Master,0
52856,43.0,22.0,10827.0,AI,Master,0
52857,35.0,7.0,4471.0,,Bachelor,0
52858,42.0,,10435.0,Cloud,Master,0
52859,58.0,30.0,9203.0,Data,Master,1
52860,26.0,0.0,13659.0,Web,Master,0
52861,36.0,12.0,11767.0,Data,Bachelor,0
52862,54.0,23.0,7942.0,Web,Bachelor,0
52863,26.0,0.0,12801.0,Web,Bachelor,0
52864,31.0,3.0,8604.0,Web,Bachelor,0
52865,36.0,8.0,10407.0,Software,Master,0
52866,32.0,1.0,5834.0,Cloud,Master,0
52867,49.0,18.0,10552.0,Web,Bachelor,1
52868,37.0,15.0,7661.0,Web,Bachelor,0
52869,59.0,30.0,9696.0,Data,PhD,1
52870,36.0,,11362.0,AI,Bachelor,0
52871,55.0,30.0,8790.0,Data,Master,0
52872,41.0,11.0,6670.0,Data,Master,0
52873,22.0,0.0,10872.0,AI,Master,1
52874,38.0,13.0,15023.0,Web,Bachelor,0
52875,44.0,18.0,7546.0,AI,Bachelor,0
52876,54.0,23.0,11739.0,Data,Bachelor,0
52877,57.0,27.0,6909.0,Cloud,Bachelor,0
52878,44.0,23.0,5357.0,Cloud,Bachelor,1
52879,35.0,6.0,8730.0,Cloud,Bachelor,1
52880,40.0,11.0,7769.0,Data,Bachelor,0
52881,55.0,27.0,5986.0,Data,Bachelor,0
52882,30.0,8.0,9061.0,Web,Master,0
52883,55.0,29.0,9871.0,AI,Bachelor,0
52884,29.0,3.0,4451.0,Data,Master,0
52885,32.0,11.0,7351.0,Data,Master,0
52886,32.0,3.0,12534.0,Cloud,Master,0
52887,31.0,3.0,8028.0,Web,Master,0
52888,35.0,12.0,6225.0,Web,Master,0
52889,50.0,29.0,6052.0,Data,PhD,0
52890,44.0,15.0,8012.0,Data,Bachelor,0
52891,41.0,19.0,2000.0,Web,Bachelor,0
52892,40.0,15.0,10006.0,Software,Master,0
52893,55.0,30.0,8419.0,Software,Bachelor,0
52894,37.0,6.0,6363.0,Data,Bachelor,0
52895,21.0,0.0,10024.0,Software,PhD,0
52896,57.0,30.0,10153.0,Data,Master,0
52897,47.0,20.0,11373.0,Cloud,Bachelor,0
52898,31.0,4.0,9062.0,AI,Master,0
52899,42.0,16.0,5707.0,Web,Bachelor,0
52900,33.0,10.0,7535.0,Software,Bachelor,0
52901,24.0,3.0,7988.0,Web,Master,0
52902,21.0,0.0,6554.0,Cloud,Master,0
52903,44.0,18.0,10040.0,Software,Bachelor,0
52904,49.0,21.0,4289.0,Web,PhD,0
52905,43.0,13.0,10852.0,Software,PhD,0
52906,37.0,6.0,9561.0,Data,PhD,0
52907,27.0,5.0,5706.0,Data,Bachelor,0
52908,32.0,2.0,,Cloud,Master,1
52909,56.0,25.0,7995.0,Web,Master,1
52910,21.0,0.0,4248.0,Data,Bachelor,0
52911,55.0,26.0,4906.0,Software,Bachelor,0
52912,55.0,30.0,8089.0,Web,Master,0
52913,32.0,9.0,9261.0,Software,Bachelor,0
52914,25.0,0.0,7682.0,Data,Master,0
52915,35.0,10.0,4607.0,Cloud,Master,0
52916,48.0,24.0,13098.0,Cloud,Bachelor,0
52917,39.0,14.0,5363.0,Data,Bachelor,0
52918,33.0,6.0,7766.0,Data,Bachelor,0
52919,39.0,,9460.0,AI,Master,0
52920,32.0,6.0,8598.0,Software,PhD,1
52921,50.0,23.0,3861.0,Web,Bachelor,0
52922,25.0,1.0,6094.0,Data,Bachelor,0
52923,36.0,11.0,9151.0,Cloud,Master,0
52924,49.0,22.0,8124.0,Web,Master,0
52925,53.0,25.0,4231.0,AI,Bachelor,1
52926,60.0,30.0,9752.0,Cloud,Master,1
52927,28.0,2.0,8092.0,AI,Master,0
52928,27.0,0.0,13919.0,Data,Master,0
52929,49.0,23.0,9640.0,Data,Master,0
52930,52.0,30.0,6911.0,Data,Master,1
52931,28.0,2.0,9070.0,Cloud,Master,0
52932,60.0,30.0,6894.0,Data,Master,0
52933,24.0,2.0,11190.0,Web,Bachelor,0
52934,52.0,27.0,8300.0,AI,Master,1
52935,27.0,6.0,8217.0,AI,Bachelor,0
52936,56.0,30.0,4533.0,Web,Bachelor,0
52937,53.0,27.0,3488.0,Cloud,Bachelor,0
52938,31.0,8.0,8661.0,AI,Master,0
52939,55.0,27.0,11571.0,,Bachelor,0
52940,24.0,0.0,8424.0,Software,Bachelor,0
52941,37.0,9.0,8668.0,Cloud,Bachelor,0
52942,25.0,0.0,12875.0,Software,Bachelor,0
52943,52.0,21.0,7942.0,Web,Bachelor,0
52944,53.0,23.0,6580.0,AI,Bachelor,0
52945,29.0,3.0,5172.0,AI,Master,0
52946,51.0,24.0,4524.0,Web,Master,0
52947,47.0,24.0,5954.0,AI,PhD,0
52948,48.0,21.0,9686.0,AI,PhD,1
52949,58.0,28.0,10272.0,Software,Bachelor,0
52950,24.0,3.0,9355.0,Software,Master,0
52951,38.0,7.0,7501.0,Web,Master,0
52952,34.0,6.0,10157.0,Data,Bachelor,0
52953,56.0,25.0,11217.0,Web,Bachelor,0
52954,43.0,15.0,3245.0,Software,Master,0
52955,53.0,24.0,7943.0,AI,Master,0
52956,40.0,16.0,8791.0,Data,Master,0
52957,57.0,30.0,7159.0,AI,Master,1
52958,26.0,0.0,6078.0,Data,Master,0
52959,25.0,0.0,13677.0,Software,Master,0
52960,21.0,0.0,4403.0,AI,Bachelor,0
52961,60.0,30.0,7997.0,AI,Bachelor,0
52962,43.0,22.0,5236.0,Cloud,Bachelor,0
52963,38.0,11.0,9577.0,Cloud,Bachelor,0
52964,41.0,17.0,8685.0,Web,PhD,0
52965,52.0,25.0,2626.0,Data,Master,1
52966,33.0,10.0,7443.0,Cloud,,0
52967,30.0,4.0,11850.0,AI,Bachelor,0
52968,35.0,7.0,6641.0,Data,PhD,0
52969,59.0,29.0,7159.0,Software,Bachelor,0
52970,57.0,27.0,10597.0,Cloud,Bachelor,0
52971,28.0,5.0,7697.0,Web,Bachelor,0
52972,30.0,0.0,9777.0,Web,Master,0
52973,59.0,30.0,6855.0,Software,Bachelor,0
52974,33.0,4.0,7174.0,Data,Master,0
52975,52.0,25.0,2958.0,Web,Bachelor,0
52976,45.0,18.0,7875.0,Data,Master,0
52977,40.0,15.0,3907.0,Cloud,Master,0
52978,29.0,1.0,13331.0,Software,Bachelor,0
52979,36.0,9.0,3104.0,Web,Bachelor,0
52980,23.0,2.0,2873.0,Cloud,Bachelor,0
52981,55.0,30.0,3170.0,Web,Bachelor,0
52982,45.0,16.0,7685.0,Software,Bachelor,0
52983,51.0,28.0,9782.0,Data,Bachelor,0
52984,38.0,11.0,4490.0,Cloud,PhD,1
52985,41.0,12.0,7007.0,Web,Master,0
52986,32.0,10.0,16451.0,Cloud,Master,0
52987,23.0,1.0,10637.0,AI,Bachelor,0
52988,48.0,26.0,8268.0,AI,Bachelor,0
52989,48.0,27.0,10403.0,Web,Bachelor,0
52990,34.0,9.0,7667.0,Web,Master,0
52991,22.0,0.0,4755.0,Web,Bachelor,0
52992,50.0,28.0,6234.0,Cloud,Master,0
52993,37.0,6.0,5593.0,Web,Bachelor,0
52994,56.0,30.0,9612.0,Cloud,Bachelor,0
52995,50.0,29.0,6753.0,Cloud,Bachelor,0
52996,42.0,14.0,5458.0,AI,Master,0
52997,40.0,18.0,6894.0,Web,Bachelor,0
52998,40.0,9.0,9173.0,Web,Master,0
52999,23.0,0.0,12430.0,Software,Master,1
53000,45.0,17.0,6381.0,Software,PhD,0
53001,23.0,0.0,8088.0,Data,Bachelor,0
53002,36.0,11.0,9544.0,Cloud,Bachelor,0
53003,40.0,18.0,8208.0,Cloud,PhD,0
53004,41.0,18.0,6524.0,AI,Bachelor,0
53005,41.0,12.0,10580.0,AI,Bachelor,0
53006,50.0,19.0,6198.0,Web,Master,0
53007,32.0,5.0,3924.0,AI,Master,0
53008,41.0,13.0,12454.0,Software,Bachelor,0
53009,35.0,10.0,5529.0,Data,Bachelor,0
53010,46.0,17.0,6092.0,Data,Bachelor,0
53011,28.0,6.0,6904.0,Software,PhD,0
53012,25.0,2.0,6061.0,Data,PhD,0
53013,55.0,30.0,4619.0,Web,Master,0
53014,29.0,3.0,5659.0,AI,Bachelor,0
53015,50.0,28.0,10442.0,Web,Bachelor,0
53016,50.0,19.0,7573.0,Cloud,Bachelor,0
53017,52.0,21.0,5604.0,Cloud,Bachelor,0
53018,39.0,11.0,8644.0,Data,Bachelor,0
53019,28.0,1.0,7025.0,Data,Bachelor,0
53020,21.0,0.0,9098.0,Software,Master,0
53021,22.0,0.0,3184.0,Data,Bachelor,0
53022,54.0,25.0,8231.0,Web,Bachelor,0
53023,27.0,0.0,7565.0,Data,Master,0
53024,24.0,0.0,6909.0,AI,Bachelor,0
53025,43.0,13.0,11628.0,Software,Bachelor,0
53026,29.0,0.0,8515.0,Data,Bachelor,0
53027,60.0,29.0,7682.0,Cloud,Master,0
53028,55.0,30.0,5070.0,Web,Bachelor,0
53029,45.0,18.0,8531.0,Web,Bachelor,0
53030,40.0,11.0,8287.0,Software,Bachelor,0
53031,42.0,21.0,2658.0,Data,Master,0
53032,46.0,24.0,9121.0,Web,Bachelor,0
53033,39.0,9.0,12722.0,Data,Master,0
53034,60.0,30.0,10995.0,Software,Master,1
53035,42.0,17.0,9835.0,Software,Bachelor,0
53036,21.0,0.0,7029.0,Software,Master,0
53037,59.0,28.0,6829.0,Data,Master,1
53038,58.0,29.0,10490.0,Web,Bachelor,0
53039,60.0,30.0,2570.0,Web,Bachelor,0
53040,42.0,12.0,8099.0,Data,Master,0
53041,28.0,0.0,8496.0,Data,Master,0
53042,40.0,17.0,10679.0,Software,Master,0
53043,55.0,30.0,7186.0,AI,Master,1
53044,27.0,5.0,9762.0,AI,Bachelor,0
53045,40.0,11.0,2209.0,Cloud,Bachelor,0
53046,44.0,14.0,4942.0,AI,Master,0
53047,53.0,30.0,7032.0,AI,Master,0
53048,56.0,30.0,6926.0,Data,Master,0
53049,42.0,14.0,8194.0,Software,Bachelor,0
53050,46.0,25.0,12388.0,Data,Master,1
53051,41.0,13.0,5022.0,Software,Bachelor,0
53052,27.0,2.0,2258.0,Data,Bachelor,0
53053,42.0,13.0,6467.0,AI,Bachelor,1
53054,52.0,29.0,11451.0,Web,Master,0
53055,48.0,21.0,4096.0,Web,Bachelor,0
53056,59.0,30.0,5773.0,Cloud,Master,0
53057,56.0,30.0,6333.0,AI,Master,0
53058,38.0,15.0,8342.0,Data,Bachelor,1
53059,39.0,11.0,3511.0,Web,Master,0
53060,60.0,30.0,12949.0,AI,Bachelor,1
53061,32.0,9.0,16832.0,Data,Bachelor,0
53062,51.0,28.0,6785.0,Software,Bachelor,0
53063,48.0,18.0,11454.0,Web,Bachelor,0
53064,46.0,23.0,7516.0,Cloud,Bachelor,0
53065,56.0,26.0,9112.0,Data,PhD,1
53066,40.0,12.0,3109.0,Software,Master,0
53067,37.0,6.0,8210.0,Software,Master,0
53068,46.0,24.0,6164.0,AI,Bachelor,0
53069,26.0,0.0,2000.0,Data,Bachelor,0
53070,41.0,16.0,4074.0,Data,Master,0
53071,27.0,0.0,6704.0,AI,Bachelor,0
53072,28.0,7.0,10764.0,Data,Master,0
53073,53.0,22.0,10838.0,Data,Master,0
53074,24.0,0.0,6985.0,Data,Master,0
53075,59.0,30.0,6804.0,AI,Bachelor,0
53076,37.0,16.0,10833.0,Web,Bachelor,0
53077,26.0,0.0,8112.0,Software,Master,1
53078,25.0,0.0,9013.0,Software,Master,0
53079,21.0,0.0,8239.0,Software,Master,0
53080,33.0,8.0,7770.0,Software,Master,0
53081,58.0,30.0,4977.0,Data,Bachelor,0
53082,55.0,30.0,7044.0,Data,Bachelor,0
53083,44.0,19.0,8361.0,AI,Master,0
53084,53.0,26.0,7527.0,Web,Master,0
53085,54.0,29.0,8612.0,AI,Master,0
53086,28.0,7.0,5187.0,AI,Master,0
53087,53.0,29.0,3345.0,Data,Bachelor,1
53088,23.0,0.0,5569.0,Cloud,Master,0
53089,55.0,29.0,6078.0,Web,PhD,1
53090,57.0,26.0,3820.0,Data,Bachelor,0
53091,36.0,6.0,5775.0,AI,Master,0
53092,59.0,30.0,7034.0,AI,Bachelor,0
53093,50.0,20.0,6395.0,Software,Master,0
53094,28.0,2.0,9110.0,Cloud,PhD,0
53095,58.0,30.0,6070.0,Software,Bachelor,0
53096,25.0,0.0,7260.0,Software,Master,0
53097,57.0,28.0,11220.0,Data,Master,1
53098,40.0,18.0,6267.0,AI,Bachelor,0
53099,37.0,12.0,8129.0,Web,Master,0
53100,52.0,22.0,6397.0,AI,PhD,1
53101,27.0,1.0,9418.0,Web,PhD,0
53102,41.0,14.0,3188.0,AI,Bachelor,0
53103,27.0,0.0,3356.0,Data,Master,0
53104,47.0,16.0,6776.0,Web,Master,1
53105,57.0,28.0,5022.0,AI,Master,0
53106,57.0,30.0,7204.0,AI,Bachelor,0
53107,36.0,9.0,10413.0,Data,PhD,0
53108,40.0,10.0,11765.0,Data,Bachelor,0
53109,26.0,0.0,10177.0,Software,Master,0
53110,50.0,23.0,9864.0,Software,Bachelor,0
53111,59.0,30.0,10233.0,Software,Master,0
53112,38.0,16.0,12840.0,Web,Master,0
53113,35.0,4.0,7916.0,AI,Bachelor,1
53114,60.0,30.0,2000.0,Cloud,Bachelor,0
53115,31.0,0.0,3638.0,Software,Master,0
53116,60.0,30.0,4034.0,Web,Master,1
53117,60.0,30.0,2026.0,,PhD,0
53118,27.0,0.0,3134.0,AI,Master,0
53119,55.0,30.0,4012.0,Cloud,PhD,0
53120,37.0,15.0,2084.0,Web,Bachelor,0
53121,59.0,30.0,8799.0,Software,Bachelor,0
53122,60.0,30.0,,Software,Bachelor,0
53123,34.0,4.0,2724.0,Web,Bachelor,0
53124,29.0,3.0,13892.0,Data,PhD,0
53125,21.0,0.0,7160.0,Software,Master,0
53126,49.0,27.0,8394.0,Data,Bachelor,0
53127,36.0,13.0,4416.0,Software,Bachelor,0
53128,26.0,0.0,11157.0,AI,Bachelor,0
53129,33.0,11.0,4043.0,Software,Master,0
53130,34.0,6.0,10654.0,Cloud,Bachelor,0
53131,22.0,0.0,8585.0,Data,Bachelor,0
53132,51.0,26.0,8867.0,AI,Bachelor,0
53133,55.0,29.0,13575.0,Software,Bachelor,1
53134,35.0,6.0,5081.0,Web,Master,0
53135,49.0,19.0,10127.0,Web,Master,0
53136,56.0,25.0,4276.0,Web,Master,0
53137,43.0,16.0,2000.0,AI,Bachelor,0
53138,51.0,22.0,5979.0,Software,Bachelor,0
53139,28.0,0.0,5989.0,Software,Bachelor,0
53140,33.0,6.0,13818.0,Data,Bachelor,0
53141,41.0,19.0,10880.0,Cloud,Bachelor,0
53142,52.0,22.0,5574.0,Cloud,Master,1
53143,26.0,0.0,9389.0,Data,Master,0
53144,34.0,3.0,9563.0,AI,Master,0
53145,53.0,23.0,10764.0,Data,Master,1
53146,43.0,19.0,10066.0,Data,Bachelor,0
53147,47.0,26.0,11528.0,Web,Master,0
53148,35.0,8.0,9051.0,Cloud,Bachelor,0
53149,54.0,23.0,4748.0,Cloud,PhD,0
53150,34.0,13.0,9145.0,Data,Bachelor,0
53151,49.0,24.0,8223.0,Software,Bachelor,0
53152,58.0,30.0,7788.0,AI,Master,0
53153,44.0,16.0,4538.0,Web,Bachelor,0
53154,28.0,1.0,2826.0,Data,Master,0
53155,48.0,19.0,11051.0,Software,Master,0
53156,35.0,12.0,10167.0,Data,Master,0
53157,33.0,8.0,5626.0,Web,Master,0
53158,51.0,28.0,7899.0,Web,Bachelor,0
53159,28.0,0.0,7901.0,Software,Bachelor,0
53160,51.0,25.0,9284.0,Software,Bachelor,0
53161,23.0,1.0,6512.0,Web,Bachelor,0
53162,47.0,17.0,6828.0,Cloud,Bachelor,1
53163,40.0,15.0,12472.0,AI,PhD,0
53164,24.0,0.0,6447.0,AI,Bachelor,1
53165,53.0,30.0,7381.0,AI,Bachelor,1
53166,25.0,2.0,6328.0,Web,Bachelor,0
53167,42.0,11.0,13282.0,Data,Bachelor,0
53168,33.0,10.0,9904.0,AI,Master,0
53169,34.0,6.0,10041.0,Web,Bachelor,0
53170,27.0,0.0,9449.0,,Bachelor,0
53171,45.0,24.0,9876.0,Data,PhD,0
53172,28.0,4.0,12621.0,AI,Master,0
53173,42.0,11.0,4902.0,AI,Bachelor,0
53174,45.0,21.0,2178.0,Web,PhD,0
53175,23.0,0.0,8192.0,Software,Bachelor,0
53176,37.0,12.0,5477.0,Software,PhD,0
53177,33.0,2.0,5974.0,Cloud,Bachelor,0
53178,54.0,28.0,10137.0,AI,Bachelor,1
53179,45.0,21.0,7146.0,Software,Master,0
53180,59.0,30.0,5125.0,Software,Master,1
53181,32.0,6.0,13015.0,AI,Master,0
53182,27.0,4.0,8761.0,Cloud,Master,1
53183,57.0,30.0,7736.0,AI,Bachelor,1
53184,49.0,26.0,8175.0,Data,PhD,0
53185,27.0,0.0,8825.0,Cloud,Master,0
53186,43.0,19.0,8125.0,Data,Master,0
53187,35.0,12.0,6141.0,Software,Master,0
53188,39.0,15.0,7697.0,AI,Bachelor,0
53189,34.0,10.0,8018.0,AI,Bachelor,0
53190,31.0,3.0,9243.0,AI,Bachelor,0
53191,25.0,0.0,5922.0,Web,Bachelor,0
53192,21.0,0.0,11915.0,Web,Bachelor,0
53193,33.0,11.0,8457.0,Web,Bachelor,0
53194,59.0,29.0,10412.0,Cloud,Master,0
53195,47.0,24.0,4786.0,Software,PhD,1
53196,34.0,13.0,7661.0,Data,Bachelor,0
53197,21.0,0.0,7325.0,Data,Bachelor,0
53198,42.0,15.0,12269.0,Data,Bachelor,0
53199,27.0,2.0,9101.0,Web,Bachelor,0
53200,46.0,23.0,2000.0,AI,Bachelor,0
53201,39.0,15.0,10018.0,Web,Master,0
53202,38.0,16.0,7093.0,Web,Bachelor,0
53203,41.0,18.0,11012.0,AI,Bachelor,0
53204,38.0,8.0,8453.0,Web,Master,0
53205,51.0,27.0,12019.0,AI,Master,1
53206,33.0,2.0,,Web,Bachelor,0
53207,48.0,21.0,8413.0,Cloud,Bachelor,0
53208,22.0,0.0,12068.0,,Bachelor,0
53209,48.0,27.0,3362.0,Web,Master,0
53210,44.0,23.0,8633.0,Web,Bachelor,0
53211,34.0,11.0,8187.0,AI,Bachelor,0
53212,60.0,30.0,5974.0,Data,Master,0
53213,27.0,0.0,12383.0,Cloud,Bachelor,0
53214,31.0,10.0,6365.0,AI,Bachelor,0
53215,44.0,19.0,7289.0,Web,Master,1
53216,28.0,5.0,6114.0,Software,Master,0
53217,38.0,16.0,9572.0,AI,Master,1
53218,24.0,0.0,6361.0,Web,Bachelor,0
53219,60.0,30.0,2911.0,Web,Bachelor,0
53220,55.0,30.0,11586.0,Web,Bachelor,0
53221,37.0,10.0,10052.0,AI,Master,0
53222,56.0,30.0,5540.0,Software,Bachelor,0
53223,48.0,21.0,4697.0,Cloud,Master,0
53224,45.0,18.0,5594.0,Software,Master,0
53225,41.0,11.0,10115.0,Web,Master,0
53226,47.0,16.0,6061.0,AI,Bachelor,0
53227,26.0,5.0,8019.0,AI,Bachelor,0
53228,43.0,20.0,6292.0,AI,Bachelor,1
53229,44.0,14.0,2000.0,Cloud,Bachelor,0
53230,49.0,24.0,7542.0,Data,Master,0
53231,33.0,4.0,10448.0,AI,Bachelor,1
53232,30.0,6.0,10023.0,Data,Master,0
53233,53.0,27.0,5918.0,Cloud,Bachelor,0
53234,60.0,30.0,5921.0,Cloud,PhD,0
53235,21.0,0.0,10437.0,Data,Bachelor,0
53236,46.0,24.0,2876.0,Web,Bachelor,0
53237,23.0,0.0,6515.0,Web,Bachelor,0
53238,57.0,29.0,8116.0,Data,Bachelor,0
53239,40.0,18.0,7725.0,Software,Bachelor,0
53240,58.0,29.0,13402.0,AI,Master,1
53241,25.0,3.0,12909.0,AI,Bachelor,0
53242,25.0,2.0,7274.0,Data,Bachelor,0
53243,27.0,6.0,8781.0,Software,Master,0
53244,60.0,30.0,8936.0,Software,Master,0
53245,60.0,30.0,4543.0,Cloud,PhD,0
53246,57.0,26.0,4342.0,Data,Bachelor,0
53247,37.0,10.0,8445.0,Cloud,Bachelor,0
53248,28.0,4.0,7640.0,AI,Bachelor,0
53249,55.0,27.0,11035.0,Data,Bachelor,0
53250,55.0,29.0,10317.0,Software,Bachelor,0
53251,24.0,1.0,9592.0,Data,Bachelor,0
53252,27.0,0.0,8214.0,AI,Bachelor,0
53253,24.0,3.0,8305.0,AI,Bachelor,0
53254,22.0,1.0,5967.0,AI,Master,1
53255,59.0,,2818.0,Data,Bachelor,1
53256,47.0,18.0,9040.0,Web,Bachelor,0
53257,40.0,12.0,9037.0,Software,Bachelor,0
53258,30.0,3.0,8352.0,Data,Master,0
53259,34.0,6.0,7533.0,Cloud,Master,0
53260,47.0,21.0,12895.0,Web,Bachelor,0
53261,56.0,29.0,6696.0,AI,Bachelor,0
53262,41.0,12.0,5674.0,Software,Master,0
53263,57.0,27.0,10271.0,Data,Master,1
53264,35.0,8.0,9089.0,Web,Bachelor,1
53265,29.0,5.0,9637.0,Data,Master,0
53266,22.0,0.0,8839.0,Cloud,Bachelor,0
53267,43.0,19.0,11025.0,Cloud,Bachelor,0
53268,52.0,27.0,9227.0,Cloud,Master,1
53269,41.0,18.0,10413.0,Software,Master,0
53270,45.0,14.0,,AI,Bachelor,0
53271,41.0,15.0,4857.0,Data,Master,0
53272,23.0,0.0,11620.0,Software,Bachelor,0
53273,57.0,28.0,13958.0,Cloud,Bachelor,0
53274,,24.0,11710.0,Web,Bachelor,0
53275,40.0,11.0,9393.0,Data,Bachelor,0
53276,32.0,5.0,7336.0,Cloud,Bachelor,0
53277,53.0,22.0,8023.0,Data,Bachelor,0
53278,60.0,30.0,3790.0,Data,Bachelor,0
53279,30.0,8.0,9886.0,AI,Bachelor,0
53280,46.0,19.0,9229.0,Web,Master,0
53281,38.0,12.0,6762.0,AI,Master,0
53282,50.0,27.0,7360.0,Web,Master,0
53283,49.0,26.0,11296.0,Data,Bachelor,0
53284,59.0,30.0,8148.0,Software,Master,0
53285,58.0,,10027.0,AI,Bachelor,0
53286,58.0,30.0,10106.0,Software,Bachelor,0
53287,35.0,10.0,6928.0,Data,Bachelor,0
53288,46.0,22.0,2000.0,Software,Bachelor,0
53289,,,9593.0,Web,Master,0
53290,53.0,27.0,3445.0,Cloud,Master,0
53291,32.0,3.0,10873.0,AI,Bachelor,0
53292,31.0,3.0,14631.0,Cloud,Master,0
53293,38.0,15.0,5303.0,Software,Bachelor,0
53294,59.0,30.0,6487.0,AI,Bachelor,0
53295,41.0,11.0,3178.0,AI,Bachelor,0
53296,52.0,21.0,7954.0,AI,Bachelor,0
53297,56.0,30.0,13753.0,Data,Master,0
53298,51.0,23.0,4218.0,Cloud,Bachelor,1
53299,44.0,21.0,8237.0,AI,Bachelor,0
53300,40.0,14.0,10297.0,AI,Bachelor,0
53301,37.0,9.0,7273.0,Cloud,Master,0
53302,34.0,11.0,10628.0,Web,Master,1
53303,37.0,7.0,5559.0,AI,Bachelor,0
53304,25.0,0.0,7602.0,Cloud,Master,0
53305,33.0,11.0,8349.0,AI,,0
53306,50.0,24.0,9326.0,Data,Master,1
53307,42.0,12.0,14742.0,Software,Bachelor,0
53308,48.0,18.0,4581.0,Software,Bachelor,0
53309,57.0,29.0,11413.0,Software,Bachelor,0
53310,46.0,23.0,11859.0,Cloud,PhD,0
53311,24.0,0.0,7651.0,Web,Bachelor,0
53312,55.0,27.0,10922.0,AI,Bachelor,1
53313,44.0,20.0,10325.0,AI,Master,1
53314,26.0,1.0,7855.0,Software,Bachelor,0
53315,29.0,0.0,7207.0,Data,Bachelor,1
53316,40.0,9.0,3758.0,Web,PhD,1
53317,52.0,30.0,6892.0,Software,Master,1
53318,36.0,15.0,5826.0,Software,Bachelor,0
53319,43.0,12.0,3369.0,AI,Bachelor,0
53320,37.0,14.0,2952.0,Data,Master,0
53321,58.0,30.0,8767.0,Data,Bachelor,0
53322,34.0,11.0,4069.0,AI,Bachelor,1
53323,54.0,24.0,2888.0,Data,PhD,0
53324,50.0,23.0,5596.0,Cloud,Bachelor,0
53325,42.0,15.0,6923.0,Software,Master,0
53326,48.0,23.0,12241.0,Software,Master,0
53327,41.0,10.0,10298.0,Data,Bachelor,0
53328,58.0,30.0,5770.0,AI,Master,0
53329,49.0,21.0,5771.0,AI,Bachelor,0
53330,26.0,3.0,7649.0,Web,Bachelor,0
53331,59.0,30.0,4161.0,AI,Bachelor,0
53332,36.0,13.0,12878.0,Web,Master,0
53333,48.0,23.0,13624.0,Software,Bachelor,1
53334,35.0,10.0,6243.0,Web,Master,0
53335,29.0,6.0,11849.0,AI,Bachelor,0
53336,26.0,0.0,2765.0,Software,Bachelor,0
53337,,15.0,9781.0,AI,Bachelor,0
53338,39.0,13.0,7208.0,AI,Bachelor,0
53339,27.0,6.0,7999.0,Cloud,PhD,1
53340,27.0,5.0,10217.0,Web,Master,0
53341,32.0,5.0,10716.0,Software,Master,1
53342,48.0,27.0,5176.0,Software,Master,0
53343,59.0,30.0,16214.0,Data,Master,1
53344,46.0,19.0,5186.0,AI,Master,0
53345,57.0,30.0,5526.0,Data,Bachelor,0
53346,54.0,26.0,7184.0,Web,Bachelor,0
53347,33.0,12.0,6260.0,AI,Bachelor,0
53348,31.0,4.0,4982.0,Data,Bachelor,0
53349,45.0,24.0,5891.0,Cloud,PhD,1
53350,25.0,0.0,9238.0,Web,Bachelor,0
53351,52.0,21.0,13567.0,Data,Bachelor,0
53352,37.0,13.0,6747.0,Software,Bachelor,0
53353,25.0,0.0,7903.0,AI,Master,0
53354,21.0,0.0,11280.0,Data,Bachelor,0
53355,48.0,21.0,5065.0,AI,PhD,0
53356,21.0,0.0,3938.0,Data,Bachelor,0
53357,49.0,28.0,8241.0,,Master,0
53358,58.0,30.0,2000.0,Web,Bachelor,0
53359,54.0,30.0,7287.0,AI,Master,0
53360,29.0,0.0,3944.0,Web,Bachelor,0
53361,55.0,26.0,9789.0,Data,Bachelor,0
53362,35.0,12.0,6126.0,Software,Bachelor,0
53363,57.0,30.0,4057.0,AI,Master,0
53364,21.0,0.0,7198.0,Software,Master,0
53365,45.0,16.0,12549.0,Data,Bachelor,0
53366,58.0,30.0,6679.0,AI,PhD,0
53367,26.0,4.0,6099.0,AI,Bachelor,0
53368,37.0,12.0,3583.0,AI,Bachelor,0
53369,43.0,15.0,9585.0,Web,Bachelor,0
53370,45.0,17.0,6167.0,Cloud,Bachelor,0
53371,44.0,21.0,9448.0,Web,Bachelor,0
53372,57.0,29.0,8521.0,Cloud,Bachelor,0
53373,31.0,0.0,12344.0,AI,Master,0
53374,22.0,0.0,8560.0,Cloud,Bachelor,0
53375,34.0,3.0,2474.0,AI,Bachelor,0
53376,44.0,23.0,9009.0,Data,Bachelor,0
53377,60.0,30.0,2433.0,Data,Master,1
53378,44.0,21.0,8238.0,AI,PhD,1
53379,38.0,12.0,9614.0,AI,Bachelor,0
53380,38.0,11.0,12033.0,Data,Master,0
53381,60.0,30.0,5292.0,Cloud,Bachelor,0
53382,35.0,8.0,6737.0,Data,Bachelor,0
53383,60.0,30.0,8479.0,Data,Bachelor,0
53384,44.0,16.0,8491.0,AI,Bachelor,0
53385,41.0,,7760.0,Software,Master,0
53386,51.0,26.0,6071.0,Cloud,Master,1
53387,23.0,0.0,8838.0,AI,Master,0
53388,29.0,4.0,9497.0,Data,Bachelor,0
53389,33.0,5.0,5019.0,Software,Bachelor,0
53390,52.0,30.0,4840.0,Cloud,Bachelor,0
53391,53.0,30.0,5626.0,Software,Master,0
53392,28.0,6.0,8043.0,Web,Bachelor,0
53393,42.0,16.0,5784.0,Cloud,Bachelor,0
53394,45.0,,7316.0,Web,Bachelor,0
53395,22.0,0.0,6575.0,Software,Master,0
53396,30.0,8.0,15565.0,AI,Bachelor,0
53397,40.0,12.0,3900.0,Software,Bachelor,0
53398,35.0,14.0,4623.0,Data,PhD,0
53399,59.0,30.0,6721.0,Data,PhD,0
53400,52.0,28.0,8536.0,Web,Master,0
53401,37.0,12.0,3751.0,Data,Bachelor,0
53402,21.0,0.0,8622.0,Software,Master,0
53403,25.0,0.0,8191.0,Web,Bachelor,0
53404,40.0,17.0,4693.0,AI,Bachelor,0
53405,29.0,0.0,4499.0,Software,Bachelor,0
53406,41.0,11.0,10416.0,AI,Bachelor,0
53407,48.0,26.0,2000.0,Cloud,Bachelor,0
53408,48.0,27.0,13257.0,,Bachelor,1
53409,27.0,0.0,11096.0,Cloud,Bachelor,0
53410,57.0,30.0,6346.0,AI,Bachelor,0
53411,22.0,0.0,8467.0,AI,Master,0
53412,36.0,5.0,4924.0,Software,Master,0
53413,41.0,,11186.0,Web,Master,0
53414,46.0,21.0,13891.0,Data,Bachelor,0
53415,57.0,26.0,11393.0,AI,Bachelor,0
53416,52.0,29.0,9896.0,AI,Bachelor,0
53417,48.0,23.0,11655.0,Data,Bachelor,0
53418,56.0,30.0,7998.0,AI,Master,0
53419,28.0,0.0,3584.0,AI,Bachelor,0
53420,42.0,12.0,9553.0,AI,Bachelor,0
53421,54.0,27.0,9578.0,Data,Bachelor,1
53422,34.0,7.0,9399.0,Web,Bachelor,0
53423,50.0,28.0,7710.0,Cloud,PhD,0
53424,26.0,2.0,10910.0,Cloud,Master,0
53425,47.0,19.0,6878.0,AI,Bachelor,0
53426,46.0,24.0,6494.0,Data,Bachelor,0
53427,46.0,23.0,10798.0,Software,PhD,0
53428,26.0,3.0,11226.0,Software,Bachelor,0
53429,54.0,30.0,7599.0,Web,Master,0
53430,30.0,2.0,9912.0,Web,Bachelor,0
53431,41.0,17.0,9585.0,Software,Master,0
53432,47.0,17.0,8095.0,Software,Bachelor,0
53433,34.0,10.0,12188.0,Data,Master,1
53434,59.0,30.0,15168.0,Cloud,Master,1
53435,48.0,24.0,8455.0,Web,Master,0
53436,46.0,17.0,7478.0,Data,Master,0
53437,47.0,16.0,10051.0,Data,Master,0
53438,33.0,3.0,10386.0,Cloud,Bachelor,0
53439,29.0,2.0,9253.0,AI,Bachelor,0
53440,29.0,0.0,7716.0,Data,Master,0
53441,49.0,25.0,3988.0,Cloud,Bachelor,0
53442,28.0,5.0,7690.0,Software,Bachelor,0
53443,29.0,0.0,8364.0,Software,Master,0
53444,21.0,0.0,9070.0,Software,Master,1
53445,29.0,7.0,4055.0,Web,PhD,0
53446,56.0,28.0,8659.0,Web,PhD,1
53447,28.0,7.0,8350.0,AI,Bachelor,0
53448,38.0,8.0,5325.0,Data,Bachelor,0
53449,27.0,3.0,7915.0,Software,Master,0
53450,54.0,29.0,2000.0,Web,Bachelor,0
53451,57.0,30.0,5754.0,AI,Master,1
53452,26.0,0.0,2635.0,Web,Bachelor,0
53453,57.0,30.0,6343.0,Web,Bachelor,0
53454,37.0,9.0,2000.0,Data,Bachelor,0
53455,40.0,13.0,4530.0,AI,Bachelor,0
53456,36.0,10.0,6380.0,AI,PhD,0
53457,27.0,3.0,5583.0,,Bachelor,0
53458,23.0,0.0,13614.0,Software,Bachelor,0
53459,31.0,10.0,2145.0,Web,Master,0
53460,53.0,27.0,7846.0,Software,Bachelor,0
53461,45.0,24.0,7165.0,Cloud,Bachelor,0
53462,43.0,22.0,6367.0,Cloud,Bachelor,0
53463,31.0,1.0,8847.0,Data,Bachelor,0
53464,39.0,13.0,13369.0,Data,Bachelor,0
53465,35.0,5.0,6647.0,Web,Bachelor,0
53466,24.0,0.0,6619.0,Software,Bachelor,0
53467,25.0,3.0,5498.0,Data,Bachelor,0
53468,32.0,2.0,7083.0,AI,Master,0
53469,25.0,0.0,6668.0,Software,Bachelor,0
53470,41.0,10.0,10642.0,Software,Bachelor,0
53471,34.0,8.0,7355.0,Web,Master,0
53472,23.0,0.0,9439.0,Web,Master,0
53473,40.0,13.0,12487.0,Data,Master,1
53474,53.0,29.0,11993.0,AI,Bachelor,1
53475,36.0,13.0,9827.0,AI,Bachelor,1
53476,32.0,3.0,10541.0,Web,Master,0
53477,35.0,5.0,8745.0,AI,Bachelor,0
53478,47.0,23.0,11435.0,Cloud,Master,0
53479,52.0,27.0,3673.0,Software,Master,0
53480,43.0,14.0,8068.0,Data,Bachelor,1
53481,41.0,10.0,2242.0,Web,Bachelor,1
53482,25.0,,11627.0,AI,Master,1
53483,35.0,13.0,9513.0,Software,Master,0
53484,31.0,5.0,5937.0,AI,Bachelor,0
53485,21.0,0.0,9210.0,Software,Bachelor,0
53486,23.0,0.0,14693.0,Data,Master,0
53487,37.0,13.0,6637.0,Software,Bachelor,0
53488,44.0,18.0,8874.0,AI,Bachelor,0
53489,56.0,30.0,7389.0,Data,Bachelor,0
53490,55.0,24.0,5185.0,AI,Master,1
53491,29.0,2.0,11520.0,Cloud,Master,0
53492,49.0,28.0,8007.0,AI,Bachelor,0
53493,60.0,30.0,11917.0,Data,Master,0
53494,26.0,5.0,9510.0,Web,Bachelor,0
53495,59.0,29.0,10965.0,Data,Master,0
53496,46.0,15.0,6472.0,AI,Master,0
53497,54.0,30.0,2768.0,Cloud,Bachelor,0
53498,55.0,30.0,11362.0,AI,PhD,1
53499,37.0,10.0,4413.0,Cloud,Master,0
53500,45.0,23.0,12151.0,Web,Bachelor,0
53501,44.0,22.0,6754.0,Data,Bachelor,0
53502,56.0,30.0,4138.0,Software,Master,0
53503,47.0,18.0,11857.0,Cloud,Master,0
53504,28.0,3.0,5048.0,Data,Bachelor,0
53505,31.0,8.0,6260.0,,Bachelor,0
53506,35.0,5.0,13201.0,,Bachelor,0
53507,57.0,28.0,7768.0,Web,Bachelor,0
53508,31.0,1.0,7128.0,Web,Master,0
53509,57.0,26.0,2995.0,Cloud,Bachelor,0
53510,21.0,0.0,11390.0,Cloud,Master,0
53511,35.0,6.0,6834.0,AI,Bachelor,0
53512,26.0,0.0,9076.0,Cloud,PhD,0
53513,36.0,8.0,6901.0,Web,Master,0
53514,23.0,0.0,4266.0,Cloud,Bachelor,0
53515,23.0,0.0,10422.0,Web,Bachelor,0
53516,51.0,30.0,9713.0,Data,Bachelor,0
53517,30.0,0.0,9571.0,Software,Master,0
53518,53.0,30.0,9663.0,Cloud,Bachelor,1
53519,38.0,9.0,9668.0,AI,Bachelor,0
53520,43.0,12.0,13238.0,Cloud,Bachelor,1
53521,37.0,15.0,15434.0,Software,Bachelor,0
53522,48.0,25.0,11262.0,AI,Bachelor,0
53523,35.0,14.0,10702.0,Web,Master,0
53524,37.0,7.0,11200.0,AI,PhD,0
53525,60.0,30.0,2393.0,Web,Master,0
53526,26.0,3.0,9267.0,Cloud,Master,1
53527,30.0,1.0,5215.0,Software,Master,0
53528,45.0,23.0,5015.0,AI,Bachelor,0
53529,59.0,30.0,12507.0,AI,Master,0
53530,49.0,21.0,7880.0,Web,Master,1
53531,56.0,30.0,14111.0,Web,Master,1
53532,58.0,30.0,10401.0,Software,Master,0
53533,45.0,17.0,8660.0,Data,Bachelor,0
53534,42.0,13.0,9879.0,AI,Bachelor,0
53535,48.0,22.0,3001.0,AI,Bachelor,0
53536,22.0,0.0,6343.0,Software,Bachelor,0
53537,32.0,5.0,9350.0,Cloud,Bachelor,0
53538,46.0,20.0,4841.0,AI,Bachelor,0
53539,45.0,17.0,3968.0,Web,Master,0
53540,41.0,10.0,12419.0,Data,Master,0
53541,30.0,3.0,7166.0,Cloud,Master,0
53542,25.0,4.0,6965.0,Software,Bachelor,0
53543,24.0,0.0,5922.0,Software,Master,0
53544,31.0,2.0,10014.0,AI,Master,0
53545,42.0,19.0,9684.0,Software,Bachelor,1
53546,46.0,19.0,6793.0,Web,Bachelor,0
53547,49.0,25.0,3300.0,Data,Master,1
53548,29.0,3.0,5594.0,Data,Master,0
53549,60.0,30.0,5147.0,Web,Master,0
53550,32.0,2.0,2864.0,Software,Master,0
53551,47.0,24.0,13066.0,Software,Bachelor,0
53552,43.0,22.0,10701.0,Software,Master,0
53553,25.0,4.0,6901.0,,Master,0
53554,24.0,2.0,7466.0,Cloud,Master,0
53555,38.0,10.0,3251.0,Data,Master,0
53556,49.0,19.0,8101.0,Web,Bachelor,0
53557,57.0,29.0,11122.0,Software,Bachelor,0
53558,42.0,18.0,6127.0,Web,Bachelor,0
53559,51.0,25.0,10264.0,AI,Master,1
53560,38.0,8.0,5317.0,Cloud,Bachelor,0
53561,32.0,3.0,7497.0,Cloud,Bachelor,0
53562,46.0,25.0,13169.0,Web,Bachelor,0
53563,31.0,1.0,10368.0,Cloud,Bachelor,1
53564,26.0,0.0,5552.0,Software,Bachelor,0
53565,28.0,4.0,8562.0,Cloud,Master,0
53566,24.0,0.0,5117.0,Data,Master,0
53567,60.0,30.0,5899.0,AI,Bachelor,0
53568,47.0,16.0,11187.0,Software,PhD,0
53569,35.0,8.0,10429.0,Web,Master,1
53570,58.0,30.0,2000.0,Web,PhD,0
53571,59.0,30.0,8294.0,Data,Bachelor,0
53572,44.0,19.0,10630.0,Software,Bachelor,0
53573,31.0,1.0,7682.0,Web,Bachelor,0
53574,51.0,20.0,2625.0,Software,Bachelor,0
53575,60.0,30.0,10077.0,Data,Bachelor,0
53576,53.0,22.0,4753.0,AI,Bachelor,0
53577,34.0,8.0,7418.0,Web,Bachelor,0
53578,28.0,6.0,9595.0,Data,Bachelor,0
53579,49.0,22.0,5185.0,Software,Bachelor,0
53580,44.0,17.0,14607.0,Data,Bachelor,0
53581,31.0,0.0,6907.0,AI,Bachelor,0
53582,44.0,17.0,3723.0,Web,Bachelor,0
53583,60.0,30.0,4383.0,AI,Bachelor,0
53584,34.0,9.0,9338.0,Software,Bachelor,0
53585,52.0,30.0,7412.0,AI,Bachelor,1
53586,34.0,6.0,4650.0,Web,Master,1
53587,,24.0,9209.0,Software,Master,0
53588,22.0,0.0,3323.0,Data,Bachelor,0
53589,47.0,26.0,12543.0,Web,Master,0
53590,39.0,8.0,14301.0,Data,Bachelor,0
53591,49.0,19.0,7985.0,Web,Bachelor,0
53592,23.0,0.0,5134.0,Data,Bachelor,0
53593,24.0,0.0,6165.0,AI,Bachelor,0
53594,60.0,30.0,8921.0,Data,Master,0
53595,50.0,29.0,6803.0,Web,Bachelor,1
53596,27.0,1.0,6558.0,Web,Master,0
53597,45.0,20.0,7189.0,Web,Bachelor,1
53598,58.0,30.0,3611.0,Data,Bachelor,0
53599,32.0,8.0,9178.0,AI,Master,0
53600,50.0,29.0,8336.0,Data,Bachelor,0
53601,34.0,12.0,9679.0,Software,Master,0
53602,42.0,15.0,5935.0,AI,Master,0
53603,48.0,21.0,6963.0,Web,Master,0
53604,31.0,3.0,7973.0,Web,Bachelor,0
53605,48.0,25.0,9922.0,Web,PhD,1
53606,49.0,22.0,8522.0,Data,Bachelor,0
53607,55.0,30.0,7461.0,Web,Bachelor,0
53608,23.0,0.0,9154.0,Software,PhD,0
53609,30.0,0.0,7157.0,Cloud,Master,0
53610,55.0,26.0,7621.0,Data,Master,0
53611,22.0,0.0,10566.0,Web,Bachelor,0
53612,24.0,0.0,7102.0,Web,Master,1
53613,41.0,19.0,11057.0,Data,Master,0
53614,53.0,30.0,10082.0,AI,Bachelor,0
53615,55.0,30.0,6709.0,Software,Master,0
53616,34.0,5.0,2870.0,Web,Master,0
53617,49.0,28.0,2000.0,Cloud,Master,0
53618,22.0,0.0,7557.0,Data,Master,0
53619,26.0,1.0,8956.0,AI,Master,0
53620,46.0,21.0,4761.0,AI,Master,0
53621,,0.0,11355.0,Data,Master,0
53622,33.0,10.0,10176.0,AI,PhD,1
53623,37.0,9.0,10494.0,Software,PhD,0
53624,54.0,23.0,8056.0,Web,Bachelor,0
53625,55.0,28.0,8778.0,Software,Bachelor,0
53626,34.0,10.0,13374.0,Software,Bachelor,0
53627,55.0,30.0,8135.0,Data,Master,1
53628,32.0,11.0,10479.0,Web,Master,0
53629,32.0,3.0,12192.0,Software,Master,0
53630,32.0,10.0,9486.0,Web,Bachelor,0
53631,23.0,0.0,8524.0,Cloud,Master,0
53632,49.0,19.0,5353.0,Cloud,Bachelor,0
53633,46.0,20.0,10924.0,Software,Master,1
53634,21.0,0.0,10675.0,Data,Master,0
53635,29.0,0.0,10377.0,AI,PhD,0
53636,32.0,8.0,10437.0,AI,Bachelor,0
53637,60.0,30.0,5408.0,Data,Bachelor,0
53638,25.0,2.0,9496.0,Data,Bachelor,0
53639,25.0,0.0,,Web,Master,0
53640,32.0,2.0,11839.0,AI,Master,0
53641,,30.0,8869.0,Software,Master,0
53642,23.0,0.0,8463.0,Web,Master,0
53643,22.0,0.0,7242.0,Data,Bachelor,0
53644,24.0,3.0,12551.0,Cloud,Bachelor,0
53645,,24.0,11366.0,Cloud,Master,0
53646,23.0,0.0,6377.0,Web,Bachelor,0
53647,30.0,1.0,7829.0,Data,Bachelor,0
53648,22.0,1.0,9100.0,Web,Master,0
53649,49.0,26.0,3615.0,AI,Master,1
53650,53.0,28.0,4106.0,Data,Bachelor,0
53651,29.0,2.0,7888.0,Software,Master,0
53652,42.0,20.0,9686.0,Cloud,Bachelor,1
53653,26.0,0.0,9599.0,Data,Bachelor,0
53654,45.0,24.0,4293.0,Web,Bachelor,0
53655,48.0,17.0,6694.0,Software,Bachelor,0
53656,54.0,25.0,6534.0,,Master,1
53657,49.0,25.0,13355.0,AI,Bachelor,1
53658,54.0,30.0,5641.0,Data,Master,0
53659,43.0,19.0,7629.0,Web,Bachelor,0
53660,47.0,25.0,6442.0,Software,Master,0
53661,53.0,30.0,8396.0,Software,PhD,0
53662,48.0,24.0,7724.0,Web,Master,0
53663,48.0,22.0,6653.0,Web,Master,0
53664,53.0,22.0,4384.0,AI,Master,0
53665,53.0,30.0,5051.0,Cloud,Master,0
53666,35.0,10.0,2909.0,Data,Master,0
53667,45.0,17.0,8676.0,Web,Bachelor,0
53668,58.0,30.0,9027.0,Software,Master,1
53669,50.0,19.0,11218.0,Software,Master,1
53670,58.0,28.0,2000.0,Web,Master,0
53671,47.0,16.0,6223.0,Data,Master,0
53672,56.0,27.0,2432.0,Cloud,PhD,0
53673,51.0,24.0,4408.0,Software,Master,0
53674,21.0,0.0,4647.0,Data,Bachelor,0
53675,42.0,15.0,5261.0,AI,Master,0
53676,46.0,17.0,8076.0,Web,Bachelor,0
53677,55.0,30.0,6353.0,Web,Master,0
53678,54.0,24.0,8076.0,Software,Bachelor,0
53679,40.0,11.0,7421.0,Web,Bachelor,0
53680,26.0,5.0,4544.0,AI,Bachelor,0
53681,58.0,30.0,2000.0,AI,Master,0
53682,29.0,1.0,5591.0,Web,Bachelor,0
53683,41.0,18.0,9931.0,Web,Master,1
53684,33.0,11.0,12402.0,Web,Master,1
53685,33.0,8.0,14143.0,AI,Bachelor,0
53686,24.0,0.0,10167.0,Data,Bachelor,0
53687,28.0,5.0,9463.0,Web,Master,0
53688,35.0,6.0,7567.0,Data,Master,0
53689,22.0,0.0,10976.0,Data,Master,0
53690,23.0,1.0,5432.0,Cloud,Bachelor,0
53691,33.0,10.0,8317.0,,Master,1
53692,38.0,14.0,8634.0,Data,Bachelor,0
53693,54.0,30.0,8737.0,AI,Bachelor,1
53694,27.0,3.0,10332.0,Software,Bachelor,0
53695,31.0,5.0,8158.0,Cloud,Master,0
53696,34.0,12.0,11799.0,Data,Master,0
53697,60.0,30.0,4632.0,Cloud,Bachelor,0
53698,60.0,30.0,8804.0,AI,Master,1
53699,55.0,30.0,7274.0,AI,Bachelor,1
53700,24.0,0.0,6121.0,Web,Bachelor,0
53701,21.0,0.0,10435.0,Cloud,Bachelor,0
53702,56.0,27.0,2000.0,Software,Master,1
53703,33.0,9.0,7275.0,Web,Bachelor,0
53704,52.0,30.0,9242.0,Software,Master,1
53705,37.0,16.0,15341.0,AI,Bachelor,1
53706,54.0,30.0,4237.0,Data,Master,0
53707,49.0,23.0,9000.0,Software,PhD,1
53708,32.0,6.0,8187.0,Data,PhD,0
53709,55.0,24.0,6958.0,Web,Bachelor,1
53710,36.0,5.0,10153.0,AI,Master,1
53711,44.0,15.0,4429.0,AI,Bachelor,0
53712,52.0,26.0,6141.0,Data,Bachelor,0
53713,35.0,6.0,9535.0,AI,Master,0
53714,59.0,30.0,8993.0,AI,Master,1
53715,43.0,17.0,4718.0,Data,Master,0
53716,42.0,17.0,7508.0,Cloud,Master,1
53717,29.0,4.0,5239.0,AI,Bachelor,0
53718,56.0,30.0,9323.0,Data,Bachelor,0
53719,44.0,21.0,6038.0,AI,Master,0
53720,45.0,19.0,10978.0,Software,Bachelor,0
53721,40.0,17.0,7810.0,Software,Bachelor,0
53722,35.0,6.0,7029.0,Cloud,Master,0
53723,42.0,19.0,11275.0,Data,Master,1
53724,54.0,29.0,12958.0,AI,Bachelor,0
53725,23.0,2.0,9277.0,Cloud,Master,0
53726,31.0,10.0,8352.0,Cloud,Master,0
53727,44.0,19.0,9471.0,Software,Master,0
53728,47.0,21.0,8069.0,Web,Bachelor,0
53729,39.0,16.0,8250.0,Cloud,Master,0
53730,55.0,30.0,11517.0,Data,Bachelor,0
53731,24.0,0.0,8359.0,AI,Bachelor,1
53732,21.0,0.0,10971.0,Data,Bachelor,0
53733,32.0,2.0,8877.0,Data,Bachelor,0
53734,28.0,0.0,10341.0,AI,Bachelor,0
53735,29.0,0.0,2364.0,Data,Master,0
53736,27.0,0.0,5668.0,Cloud,Master,0
53737,32.0,3.0,3867.0,Software,Bachelor,0
53738,40.0,17.0,9208.0,Data,Master,0
53739,27.0,0.0,9915.0,Data,Bachelor,0
53740,47.0,19.0,8541.0,Data,Bachelor,0
53741,24.0,2.0,6642.0,Data,Master,0
53742,31.0,3.0,12359.0,Software,Bachelor,0
53743,39.0,13.0,4592.0,Web,Master,0
53744,59.0,30.0,2000.0,Web,Bachelor,0
53745,33.0,8.0,7507.0,Data,PhD,1
53746,44.0,23.0,10004.0,AI,Master,1
53747,37.0,7.0,4180.0,Software,Bachelor,0
53748,26.0,4.0,4646.0,Data,Master,1
53749,21.0,0.0,8436.0,AI,Bachelor,0
53750,47.0,16.0,7535.0,Web,Master,1
53751,32.0,2.0,8873.0,Cloud,Bachelor,0
53752,26.0,5.0,9023.0,AI,Bachelor,0
53753,,30.0,5281.0,Cloud,Master,0
53754,42.0,12.0,8004.0,Data,Master,0
53755,55.0,28.0,5610.0,Data,PhD,1
53756,47.0,26.0,9428.0,Data,Bachelor,0
53757,35.0,11.0,10711.0,Web,Bachelor,0
53758,54.0,30.0,5936.0,AI,Master,0
53759,43.0,14.0,10036.0,AI,Bachelor,0
53760,54.0,26.0,8220.0,Data,Bachelor,0
53761,24.0,0.0,2253.0,Cloud,Master,0
53762,52.0,28.0,14747.0,AI,Bachelor,0
53763,23.0,0.0,5186.0,AI,Bachelor,0
53764,47.0,17.0,5600.0,Web,Bachelor,0
53765,24.0,2.0,8526.0,Software,PhD,0
53766,57.0,30.0,,AI,Master,1
53767,47.0,17.0,5600.0,AI,Master,1
53768,21.0,0.0,10912.0,Cloud,Bachelor,0
53769,27.0,0.0,8625.0,Web,Bachelor,0
53770,42.0,17.0,9804.0,Data,Bachelor,0
53771,24.0,0.0,8351.0,Software,Master,0
53772,44.0,15.0,11094.0,Data,Bachelor,1
53773,28.0,0.0,9495.0,Web,Master,0
53774,27.0,0.0,8295.0,AI,Bachelor,0
53775,44.0,15.0,4909.0,AI,,0
53776,22.0,0.0,9493.0,Web,Bachelor,0
53777,51.0,21.0,4328.0,Web,PhD,0
53778,25.0,0.0,14022.0,Software,Master,0
53779,58.0,29.0,5985.0,Cloud,Bachelor,0
53780,26.0,0.0,7148.0,Web,Bachelor,0
53781,32.0,4.0,7760.0,AI,Master,0
53782,48.0,22.0,5805.0,Software,Bachelor,0
53783,29.0,0.0,12498.0,AI,Bachelor,0
53784,44.0,19.0,2000.0,Software,Bachelor,0
53785,54.0,30.0,8703.0,AI,Master,0
53786,35.0,14.0,5337.0,AI,Master,1
53787,50.0,22.0,5632.0,AI,Master,1
53788,49.0,22.0,6048.0,Data,Master,1
53789,39.0,14.0,6906.0,Web,Bachelor,1
53790,28.0,0.0,6665.0,Data,Bachelor,0
53791,57.0,30.0,8631.0,Web,Bachelor,1
53792,52.0,30.0,5752.0,AI,Bachelor,0
53793,39.0,10.0,6681.0,Data,Bachelor,1
53794,27.0,1.0,7340.0,Cloud,Bachelor,0
53795,22.0,0.0,9835.0,Cloud,Master,0
53796,30.0,1.0,6064.0,Web,Bachelor,0
53797,47.0,18.0,8738.0,Software,Bachelor,0
53798,41.0,19.0,12846.0,,Master,0
53799,41.0,18.0,13337.0,AI,Bachelor,1
53800,53.0,29.0,5284.0,AI,Bachelor,0
53801,34.0,3.0,6189.0,Cloud,Bachelor,0
53802,57.0,30.0,8556.0,Web,Master,0
53803,52.0,26.0,5901.0,Data,Master,0
53804,50.0,20.0,5972.0,Software,Bachelor,0
53805,59.0,29.0,7712.0,Web,Master,0
53806,32.0,11.0,6626.0,Web,Master,0
53807,52.0,23.0,3851.0,AI,Bachelor,1
53808,50.0,28.0,10088.0,Web,Master,0
53809,39.0,13.0,8014.0,Data,Bachelor,1
53810,36.0,7.0,9477.0,Software,Bachelor,0
53811,27.0,2.0,3261.0,Data,Master,0
53812,28.0,6.0,7751.0,Data,Bachelor,0
53813,39.0,10.0,8457.0,AI,Master,0
53814,40.0,15.0,9083.0,Web,Master,0
53815,45.0,15.0,5711.0,AI,Bachelor,0
53816,60.0,29.0,7773.0,AI,Bachelor,0
53817,60.0,30.0,8830.0,Data,Bachelor,0
53818,25.0,0.0,7438.0,Software,Bachelor,0
53819,53.0,30.0,6221.0,Data,Master,1
53820,40.0,11.0,,Software,Master,0
53821,53.0,23.0,9402.0,AI,Bachelor,0
53822,34.0,4.0,9568.0,AI,PhD,0
53823,56.0,30.0,3674.0,AI,Bachelor,0
53824,46.0,20.0,8710.0,Data,Master,1
53825,33.0,8.0,6419.0,Web,Master,0
53826,30.0,4.0,7557.0,Data,PhD,0
53827,56.0,27.0,5372.0,Data,Bachelor,1
53828,25.0,0.0,2999.0,AI,Bachelor,0
53829,58.0,30.0,5039.0,Data,Bachelor,0
53830,57.0,28.0,2000.0,Cloud,Bachelor,0
53831,41.0,19.0,9375.0,Software,Bachelor,0
53832,28.0,0.0,11041.0,AI,Bachelor,0
53833,28.0,6.0,9976.0,Software,Bachelor,0
53834,51.0,26.0,6400.0,Software,Bachelor,0
53835,49.0,26.0,3711.0,AI,PhD,0
53836,38.0,9.0,3634.0,Cloud,Bachelor,0
53837,41.0,18.0,7889.0,Data,Master,0
53838,41.0,18.0,4621.0,Web,Bachelor,0
53839,23.0,0.0,3965.0,Web,Bachelor,0
53840,44.0,15.0,6275.0,Software,Master,0
53841,34.0,8.0,7164.0,Data,Master,0
53842,53.0,26.0,8260.0,Cloud,Master,0
53843,41.0,20.0,9501.0,Web,Bachelor,0
53844,28.0,7.0,5973.0,Software,Master,0
53845,36.0,12.0,5494.0,Web,Master,0
53846,34.0,10.0,5828.0,Data,Master,1
53847,60.0,30.0,5757.0,Data,Bachelor,0
53848,58.0,30.0,13756.0,Data,Bachelor,0
53849,47.0,23.0,7383.0,Data,Bachelor,1
53850,22.0,0.0,5230.0,Data,Bachelor,0
53851,49.0,20.0,5847.0,Data,PhD,0
53852,56.0,25.0,6306.0,Software,PhD,1
53853,24.0,0.0,5201.0,Cloud,Master,0
53854,55.0,24.0,9301.0,Data,Master,0
53855,44.0,20.0,9117.0,Software,Bachelor,0
53856,54.0,29.0,7808.0,AI,Master,1
53857,54.0,,6079.0,AI,Bachelor,1
53858,56.0,30.0,6155.0,Data,Bachelor,0
53859,28.0,7.0,8588.0,Software,Bachelor,0
53860,43.0,15.0,8703.0,Cloud,Bachelor,1
53861,27.0,5.0,,Web,Master,0
53862,56.0,30.0,5008.0,Data,Master,0
53863,56.0,26.0,9339.0,Software,Bachelor,0
53864,26.0,0.0,5687.0,Data,Master,0
53865,21.0,0.0,2000.0,Web,Bachelor,0
53866,39.0,16.0,5286.0,Cloud,Bachelor,1
53867,33.0,9.0,8392.0,Data,Bachelor,0
53868,30.0,9.0,17116.0,AI,Bachelor,0
53869,55.0,30.0,6687.0,Data,Master,0
53870,36.0,6.0,9721.0,Data,Master,0
53871,43.0,17.0,6443.0,Software,PhD,0
53872,42.0,18.0,7878.0,Software,Bachelor,0
53873,29.0,5.0,8277.0,Software,Master,0
53874,31.0,6.0,8450.0,AI,Bachelor,0
53875,53.0,30.0,8025.0,Web,Bachelor,0
53876,41.0,19.0,11394.0,Web,Bachelor,0
53877,34.0,11.0,7892.0,Web,Master,0
53878,49.0,18.0,6709.0,Web,Bachelor,0
53879,37.0,16.0,14611.0,AI,Master,0
53880,56.0,30.0,11686.0,Data,Master,1
53881,33.0,2.0,6789.0,Data,PhD,0
53882,41.0,14.0,5103.0,Data,PhD,1
53883,50.0,24.0,2772.0,Data,Bachelor,0
53884,31.0,9.0,2057.0,AI,Master,0
53885,40.0,15.0,5712.0,AI,Bachelor,0
53886,22.0,0.0,6963.0,Software,Bachelor,0
53887,24.0,0.0,2000.0,AI,Bachelor,0
53888,58.0,30.0,7853.0,Software,Master,0
53889,41.0,10.0,10198.0,Software,PhD,0
53890,45.0,16.0,6972.0,Software,Master,0
53891,26.0,0.0,5520.0,Web,Bachelor,0
53892,51.0,28.0,10729.0,Web,Bachelor,0
53893,25.0,4.0,7940.0,Data,PhD,0
53894,29.0,0.0,8979.0,Software,Master,0
53895,45.0,16.0,9370.0,Software,Master,0
53896,45.0,24.0,12619.0,AI,Bachelor,1
53897,27.0,0.0,9679.0,Software,Master,0
53898,48.0,23.0,6377.0,Software,Master,1
53899,23.0,0.0,11744.0,AI,Master,0
53900,46.0,18.0,10368.0,Software,Master,0
53901,,7.0,9721.0,Web,Master,0
53902,35.0,14.0,4536.0,Data,Bachelor,0
53903,43.0,22.0,6130.0,AI,Bachelor,1
53904,27.0,0.0,14957.0,Data,Bachelor,1
53905,44.0,15.0,5424.0,Cloud,Master,1
53906,48.0,22.0,8351.0,Software,Master,1
53907,29.0,0.0,5867.0,Cloud,Bachelor,0
53908,21.0,0.0,7937.0,Web,Master,0
53909,47.0,24.0,11809.0,Cloud,Bachelor,1
53910,42.0,13.0,9528.0,Data,Bachelor,0
53911,59.0,30.0,8486.0,Data,Bachelor,0
53912,29.0,2.0,2573.0,Software,Master,0
53913,38.0,14.0,8549.0,Data,Bachelor,0
53914,30.0,1.0,7264.0,AI,Bachelor,0
53915,22.0,0.0,9718.0,Cloud,Master,0
53916,41.0,19.0,7987.0,AI,Master,0
53917,22.0,0.0,8656.0,Data,Master,0
53918,36.0,12.0,11384.0,Web,Master,0
53919,45.0,14.0,12759.0,Cloud,Bachelor,0
53920,27.0,4.0,6987.0,Software,PhD,0
53921,60.0,30.0,7572.0,Data,Master,0
53922,37.0,13.0,7150.0,Software,Bachelor,1
53923,42.0,14.0,4151.0,Web,Master,0
53924,41.0,12.0,8289.0,Web,PhD,0
53925,43.0,22.0,12427.0,AI,Master,0
53926,24.0,0.0,10610.0,AI,Bachelor,0
53927,39.0,11.0,5954.0,AI,PhD,0
53928,60.0,30.0,10022.0,Data,Bachelor,0
53929,46.0,18.0,7937.0,Software,Bachelor,1
53930,41.0,12.0,6916.0,Software,Bachelor,0
53931,26.0,4.0,9859.0,Web,Bachelor,0
53932,32.0,11.0,4839.0,AI,Bachelor,0
53933,35.0,8.0,8180.0,Data,Bachelor,0
53934,57.0,27.0,9346.0,Software,Master,1
53935,29.0,7.0,13022.0,AI,Bachelor,0
53936,53.0,30.0,2153.0,,Bachelor,0
53937,49.0,24.0,4355.0,AI,Master,0
53938,34.0,7.0,5200.0,Web,Master,0
53939,57.0,30.0,7330.0,Cloud,Bachelor,0
53940,39.0,18.0,7305.0,Data,Bachelor,1
53941,40.0,12.0,5855.0,Data,Bachelor,0
53942,60.0,30.0,10102.0,Data,Master,1
53943,52.0,26.0,4455.0,Web,Bachelor,0
53944,54.0,28.0,8061.0,Data,Bachelor,0
53945,21.0,0.0,5464.0,Data,Bachelor,0
53946,43.0,17.0,7888.0,Web,Bachelor,0
53947,35.0,6.0,9619.0,Data,Bachelor,0
53948,50.0,27.0,4827.0,Data,Bachelor,0
53949,35.0,12.0,8513.0,AI,Bachelor,0
53950,45.0,20.0,11485.0,Cloud,Bachelor,0
53951,53.0,25.0,,AI,Bachelor,0
53952,55.0,30.0,11221.0,Cloud,Bachelor,1
53953,26.0,0.0,14367.0,Software,Master,0
53954,41.0,20.0,6949.0,Data,Bachelor,0
53955,21.0,0.0,9046.0,Data,Bachelor,0
53956,37.0,9.0,5461.0,AI,Bachelor,0
53957,42.0,20.0,12321.0,Software,Bachelor,0
53958,50.0,26.0,8626.0,Software,Bachelor,0
53959,41.0,15.0,5519.0,Software,PhD,0
53960,34.0,3.0,9328.0,Data,Bachelor,0
53961,33.0,4.0,4984.0,Software,Master,0
53962,37.0,14.0,4312.0,Data,Bachelor,0
53963,51.0,26.0,7905.0,Data,Master,1
53964,55.0,30.0,8438.0,Data,Master,0
53965,55.0,25.0,8193.0,AI,PhD,1
53966,40.0,19.0,9683.0,AI,Bachelor,0
53967,46.0,23.0,9370.0,Software,Bachelor,0
53968,58.0,30.0,11175.0,Software,Master,0
53969,40.0,10.0,10812.0,AI,Bachelor,0
53970,39.0,9.0,9739.0,Data,Bachelor,0
53971,44.0,21.0,9500.0,Cloud,Master,0
53972,23.0,2.0,10455.0,Cloud,Bachelor,0
53973,40.0,19.0,10142.0,Data,Bachelor,1
53974,49.0,26.0,7638.0,Web,Bachelor,0
53975,54.0,27.0,7427.0,AI,Bachelor,0
53976,60.0,30.0,4290.0,AI,Bachelor,0
53977,36.0,8.0,4792.0,Data,Bachelor,0
53978,45.0,16.0,11161.0,Web,Master,1
53979,59.0,28.0,10027.0,Data,Master,0
53980,52.0,22.0,9548.0,Data,Master,0
53981,23.0,0.0,7538.0,Software,Bachelor,0
53982,54.0,29.0,6002.0,Software,Master,1
53983,54.0,26.0,8618.0,Data,Master,0
53984,47.0,21.0,9160.0,AI,Bachelor,1
53985,46.0,22.0,11574.0,Web,Bachelor,1
53986,32.0,7.0,2292.0,Cloud,Bachelor,0
53987,39.0,8.0,2653.0,AI,PhD,0
53988,32.0,4.0,5977.0,Web,Master,0
53989,21.0,0.0,10304.0,Cloud,Bachelor,0
53990,49.0,27.0,6659.0,Data,Bachelor,0
53991,40.0,14.0,6206.0,Data,Master,0
53992,27.0,3.0,5433.0,AI,Master,0
53993,49.0,22.0,4815.0,AI,Bachelor,0
53994,60.0,30.0,14737.0,Software,Master,0
53995,60.0,30.0,3022.0,Software,Master,0
53996,47.0,16.0,2716.0,Data,Bachelor,0
53997,31.0,1.0,4459.0,AI,Bachelor,0
53998,,30.0,9747.0,Software,Bachelor,0
53999,25.0,0.0,7013.0,Data,Master,0
54000,33.0,6.0,7861.0,Web,Bachelor,0
54001,27.0,0.0,10584.0,AI,Bachelor,0
54002,37.0,11.0,11164.0,Web,Master,0
54003,56.0,26.0,9963.0,Software,Bachelor,1
54004,48.0,17.0,4356.0,AI,PhD,0
54005,29.0,6.0,4251.0,Cloud,Master,0
54006,40.0,19.0,8715.0,Data,Bachelor,0
54007,54.0,30.0,2005.0,Data,Master,0
54008,23.0,0.0,9675.0,Web,Master,0
54009,33.0,3.0,8419.0,Software,Bachelor,1
54010,58.0,30.0,12584.0,Data,PhD,1
54011,57.0,28.0,6226.0,Data,Master,0
54012,30.0,5.0,6169.0,Software,Bachelor,0
54013,36.0,7.0,8148.0,AI,Bachelor,1
54014,35.0,5.0,7204.0,Software,Bachelor,0
54015,48.0,22.0,4943.0,Data,Bachelor,1
54016,43.0,15.0,5864.0,Data,Master,0
54017,33.0,4.0,9133.0,Data,Master,0
54018,22.0,0.0,11324.0,Software,PhD,0
54019,26.0,2.0,9627.0,Data,PhD,0
54020,46.0,22.0,9556.0,Software,Bachelor,0
54021,34.0,9.0,6566.0,Software,Bachelor,0
54022,49.0,18.0,9780.0,AI,PhD,1
54023,27.0,0.0,8385.0,AI,Bachelor,0
54024,47.0,25.0,10489.0,Data,PhD,0
54025,41.0,19.0,9113.0,Web,Bachelor,0
54026,40.0,12.0,4706.0,Data,Bachelor,0
54027,27.0,0.0,6850.0,Data,Master,0
54028,32.0,9.0,8318.0,Data,PhD,0
54029,40.0,16.0,5845.0,Web,PhD,0
54030,27.0,2.0,8468.0,Web,Master,0
54031,47.0,20.0,8882.0,AI,PhD,1
54032,25.0,0.0,5681.0,,Bachelor,0
54033,35.0,13.0,12613.0,AI,Bachelor,0
54034,57.0,30.0,8265.0,AI,PhD,0
54035,21.0,0.0,4938.0,Data,Bachelor,0
54036,54.0,25.0,8681.0,AI,PhD,0
54037,59.0,30.0,6714.0,AI,Master,0
54038,25.0,0.0,7674.0,Software,Master,0
54039,42.0,11.0,2961.0,AI,Bachelor,0
54040,23.0,0.0,13217.0,Cloud,Bachelor,0
54041,28.0,0.0,2000.0,Data,Master,0
54042,35.0,11.0,13046.0,Cloud,Bachelor,0
54043,36.0,8.0,5797.0,AI,Bachelor,0
54044,34.0,7.0,6727.0,Data,Master,0
54045,25.0,0.0,7563.0,Cloud,Master,0
54046,48.0,19.0,8570.0,Cloud,Master,0
54047,35.0,7.0,10306.0,Software,,0
54048,42.0,20.0,4620.0,AI,Bachelor,0
54049,44.0,23.0,10779.0,Cloud,Master,0
54050,55.0,24.0,12477.0,Cloud,Bachelor,1
54051,27.0,3.0,7673.0,Data,Master,0
54052,36.0,8.0,10301.0,Data,Bachelor,0
54053,45.0,23.0,5425.0,Data,Bachelor,0
54054,22.0,0.0,6715.0,Web,Bachelor,0
54055,54.0,23.0,3257.0,Data,Bachelor,0
54056,28.0,0.0,12019.0,Software,Master,0
54057,49.0,25.0,8865.0,Cloud,Master,0
54058,51.0,20.0,9498.0,Software,Master,0
54059,45.0,14.0,9097.0,Data,Bachelor,1
54060,30.0,3.0,12062.0,Data,Bachelor,0
54061,58.0,30.0,11711.0,Web,Bachelor,1
54062,22.0,0.0,6268.0,Cloud,PhD,0
54063,31.0,8.0,4147.0,AI,Bachelor,0
54064,23.0,0.0,8171.0,Cloud,Bachelor,0
54065,24.0,0.0,10318.0,Software,Bachelor,0
54066,34.0,6.0,10632.0,AI,Bachelor,0
54067,35.0,9.0,6993.0,Software,Bachelor,0
54068,46.0,21.0,10639.0,Software,Master,0
54069,41.0,15.0,2486.0,Cloud,Bachelor,0
54070,52.0,29.0,6806.0,AI,Bachelor,0
54071,59.0,30.0,2844.0,Data,Bachelor,1
54072,49.0,20.0,11143.0,Web,Bachelor,0
54073,46.0,16.0,6277.0,Cloud,Bachelor,0
54074,33.0,10.0,6571.0,Web,Master,0
54075,59.0,30.0,6874.0,AI,Bachelor,0
54076,36.0,11.0,7601.0,Web,Master,0
54077,35.0,9.0,11987.0,Software,,0
54078,,27.0,12574.0,Data,Bachelor,1
54079,31.0,0.0,2060.0,Software,Bachelor,0
54080,36.0,9.0,11209.0,Data,Bachelor,0
54081,57.0,30.0,11077.0,Web,Bachelor,0
54082,57.0,30.0,10832.0,Data,Master,1
54083,22.0,0.0,6423.0,Web,Bachelor,0
54084,44.0,17.0,7166.0,Software,PhD,1
54085,30.0,7.0,6533.0,Data,Bachelor,0
54086,45.0,18.0,5381.0,AI,Master,1
54087,,8.0,9121.0,AI,Bachelor,1
54088,51.0,24.0,5192.0,AI,Bachelor,1
54089,48.0,17.0,10185.0,Web,Master,0
54090,52.0,25.0,7466.0,AI,Master,0
54091,55.0,30.0,,AI,Bachelor,0
54092,46.0,25.0,12935.0,Data,PhD,0
54093,36.0,14.0,5893.0,Web,Bachelor,1
54094,52.0,30.0,6652.0,Cloud,Bachelor,0
54095,22.0,0.0,7717.0,Software,Bachelor,0
54096,41.0,14.0,4510.0,AI,Bachelor,0
54097,60.0,30.0,5870.0,Software,PhD,0
54098,51.0,21.0,8611.0,Data,Bachelor,0
54099,30.0,7.0,12518.0,Data,Bachelor,0
54100,38.0,13.0,5698.0,Cloud,Bachelor,0
54101,49.0,23.0,,Web,Master,0
54102,60.0,30.0,11313.0,Web,Bachelor,1
54103,35.0,8.0,8783.0,Data,Master,1
54104,53.0,27.0,7720.0,Software,Bachelor,1
54105,26.0,0.0,7944.0,Web,Bachelor,0
54106,29.0,6.0,9859.0,AI,Master,0
54107,27.0,5.0,6135.0,Data,Bachelor,0
54108,41.0,11.0,5227.0,AI,Bachelor,0
54109,40.0,15.0,10630.0,AI,Master,1
54110,56.0,25.0,13221.0,Software,Bachelor,0
54111,38.0,15.0,11604.0,Web,Bachelor,0
54112,45.0,18.0,7587.0,Cloud,Master,1
54113,40.0,11.0,2000.0,Cloud,Master,0
54114,35.0,6.0,,Cloud,Master,0
54115,59.0,28.0,10029.0,Web,Bachelor,1
54116,47.0,25.0,5664.0,Cloud,Bachelor,0
54117,51.0,26.0,8469.0,AI,Bachelor,0
54118,39.0,18.0,5200.0,AI,Bachelor,0
54119,48.0,22.0,10791.0,AI,Bachelor,0
54120,58.0,30.0,4692.0,Software,Master,1
54121,58.0,28.0,6710.0,Software,Master,0
54122,56.0,30.0,7432.0,Software,PhD,1
54123,43.0,20.0,8203.0,Data,Master,0
54124,25.0,0.0,11101.0,Data,Bachelor,0
54125,29.0,2.0,10329.0,AI,Bachelor,1
54126,31.0,3.0,6236.0,AI,Master,0
54127,27.0,2.0,8411.0,Software,Bachelor,0
54128,52.0,22.0,10449.0,Software,Bachelor,0
54129,37.0,10.0,8958.0,Web,Bachelor,0
54130,44.0,17.0,7869.0,Software,Master,0
54131,45.0,24.0,4401.0,Data,Bachelor,0
54132,43.0,14.0,4402.0,Software,Bachelor,0
54133,30.0,7.0,3359.0,Software,Bachelor,0
54134,29.0,4.0,3728.0,AI,Master,0
54135,48.0,22.0,6205.0,Cloud,Master,0
54136,38.0,14.0,9727.0,Data,Bachelor,0
54137,44.0,20.0,8724.0,Web,Master,0
54138,22.0,0.0,6982.0,AI,Bachelor,0
54139,46.0,23.0,8791.0,Data,Bachelor,0
54140,43.0,19.0,10953.0,Data,Bachelor,0
54141,25.0,0.0,9401.0,AI,PhD,0
54142,39.0,15.0,8579.0,AI,Bachelor,0
54143,40.0,13.0,6923.0,Software,Bachelor,0
54144,42.0,19.0,10069.0,Web,Bachelor,0
54145,46.0,24.0,9142.0,AI,Bachelor,0
54146,32.0,2.0,9551.0,AI,Bachelor,0
54147,37.0,16.0,7789.0,Cloud,Bachelor,0
54148,26.0,0.0,7624.0,Software,Bachelor,0
54149,27.0,4.0,9295.0,Software,Bachelor,0
54150,43.0,20.0,6906.0,Software,Master,0
54151,24.0,0.0,2000.0,Software,Master,0
54152,46.0,25.0,3047.0,Data,Bachelor,1
54153,56.0,25.0,6387.0,Cloud,Master,0
54154,50.0,22.0,6772.0,AI,Bachelor,0
54155,24.0,0.0,2899.0,Data,Bachelor,0
54156,40.0,13.0,8332.0,Data,Bachelor,0
54157,28.0,3.0,7473.0,Cloud,Master,0
54158,45.0,18.0,12645.0,Data,Master,0
54159,60.0,30.0,7300.0,Cloud,Bachelor,0
54160,41.0,15.0,4919.0,Software,Master,0
54161,37.0,13.0,7233.0,Data,Bachelor,0
54162,47.0,19.0,15007.0,Cloud,Master,0
54163,43.0,20.0,4253.0,Software,Bachelor,0
54164,27.0,0.0,10023.0,Web,Master,0
54165,42.0,21.0,3739.0,AI,Master,1
54166,56.0,30.0,7855.0,Cloud,Master,0
54167,43.0,19.0,8486.0,Web,Bachelor,0
54168,50.0,19.0,7304.0,Data,Bachelor,0
54169,48.0,26.0,7515.0,Data,Bachelor,1
54170,56.0,30.0,10509.0,AI,Bachelor,1
54171,59.0,30.0,3673.0,Software,Bachelor,0
54172,45.0,20.0,,Software,Bachelor,1
54173,30.0,3.0,5547.0,Software,Bachelor,0
54174,60.0,30.0,9198.0,Data,Master,0
54175,44.0,20.0,2000.0,AI,,0
54176,21.0,0.0,9035.0,AI,Master,0
54177,28.0,6.0,5656.0,Data,Bachelor,0
54178,22.0,0.0,13693.0,Cloud,Master,0
54179,54.0,30.0,7525.0,AI,Master,1
54180,55.0,30.0,8222.0,Software,Bachelor,1
54181,30.0,9.0,12034.0,Web,Bachelor,0
54182,47.0,25.0,8623.0,Data,Master,1
54183,32.0,8.0,6595.0,Web,Bachelor,0
54184,40.0,16.0,8562.0,Data,Bachelor,0
54185,45.0,17.0,13647.0,Data,Bachelor,0
54186,38.0,17.0,9890.0,Software,PhD,1
54187,36.0,12.0,4171.0,Data,Bachelor,0
54188,42.0,12.0,10209.0,AI,Bachelor,0
54189,35.0,5.0,10414.0,AI,Bachelor,1
54190,60.0,30.0,7888.0,Cloud,Bachelor,0
54191,24.0,0.0,7623.0,Data,Bachelor,0
54192,56.0,25.0,7653.0,Web,PhD,0
54193,47.0,21.0,2543.0,AI,Master,0
54194,27.0,2.0,9402.0,AI,Master,0
54195,40.0,9.0,7750.0,Cloud,Bachelor,0
54196,22.0,0.0,13852.0,Web,Bachelor,0
54197,38.0,16.0,8094.0,Cloud,Master,0
54198,46.0,24.0,6114.0,Web,Bachelor,0
54199,33.0,6.0,4571.0,Software,Bachelor,0
54200,59.0,30.0,6701.0,AI,Bachelor,0
54201,21.0,0.0,3274.0,Cloud,Bachelor,0
54202,50.0,29.0,12418.0,Web,PhD,0
54203,36.0,11.0,10399.0,Web,Master,0
54204,27.0,4.0,9822.0,Software,Master,0
54205,30.0,6.0,7977.0,AI,Bachelor,0
54206,57.0,,3585.0,Software,Master,0
54207,60.0,30.0,9984.0,Cloud,Master,0
54208,27.0,0.0,7547.0,Web,PhD,0
54209,39.0,11.0,12676.0,Data,Master,0
54210,59.0,30.0,5823.0,Cloud,PhD,0
54211,54.0,28.0,5561.0,AI,Master,1
54212,54.0,23.0,9043.0,Software,Bachelor,1
54213,53.0,30.0,9942.0,Software,Master,0
54214,46.0,25.0,10469.0,Web,Master,1
54215,36.0,10.0,4532.0,Web,PhD,0
54216,,23.0,10562.0,Web,Bachelor,0
54217,29.0,2.0,11292.0,Web,Master,0
54218,31.0,8.0,10007.0,AI,PhD,0
54219,46.0,23.0,10058.0,Software,Master,0
54220,24.0,0.0,11942.0,Data,Master,0
54221,39.0,18.0,8503.0,Cloud,Master,1
54222,56.0,,6109.0,Web,Bachelor,0
54223,28.0,3.0,12274.0,AI,Master,0
54224,23.0,0.0,5221.0,Data,Bachelor,0
54225,54.0,30.0,7080.0,Web,Bachelor,0
54226,36.0,14.0,8901.0,AI,Master,0
54227,56.0,29.0,12832.0,Software,Bachelor,0
54228,42.0,14.0,8367.0,Cloud,PhD,0
54229,28.0,0.0,11908.0,Software,Bachelor,0
54230,34.0,7.0,2000.0,Software,Master,0
54231,21.0,0.0,8308.0,Data,Bachelor,0
54232,49.0,18.0,8343.0,Data,Bachelor,1
54233,51.0,29.0,13268.0,Data,Bachelor,0
54234,48.0,18.0,3606.0,AI,Bachelor,0
54235,35.0,14.0,2000.0,Data,Bachelor,0
54236,39.0,13.0,9632.0,Web,Bachelor,0
54237,25.0,1.0,8006.0,Data,Master,0
54238,59.0,29.0,6710.0,AI,Master,0
54239,53.0,,10236.0,Data,Master,1
54240,49.0,24.0,3930.0,Data,Bachelor,0
54241,38.0,17.0,6634.0,Data,Master,0
54242,56.0,30.0,9953.0,Data,Master,1
54243,24.0,0.0,10059.0,Data,Master,0
54244,22.0,0.0,7230.0,Web,PhD,0
54245,40.0,9.0,7781.0,Software,Master,0
54246,31.0,8.0,10470.0,Data,PhD,0
54247,47.0,17.0,6641.0,Web,Master,0
54248,49.0,25.0,5096.0,Web,Bachelor,0
54249,33.0,6.0,7755.0,Web,Bachelor,1
54250,55.0,27.0,6943.0,AI,Bachelor,0
54251,54.0,24.0,9177.0,AI,Bachelor,1
54252,53.0,23.0,5816.0,Web,Master,0
54253,27.0,2.0,6479.0,Web,Bachelor,0
54254,22.0,0.0,6283.0,Software,Bachelor,0
54255,35.0,4.0,4104.0,Web,Bachelor,0
54256,32.0,6.0,5742.0,Software,Master,0
54257,30.0,5.0,7472.0,Software,Bachelor,1
54258,54.0,30.0,6122.0,Cloud,Bachelor,0
54259,34.0,10.0,5207.0,Web,Bachelor,0
54260,57.0,30.0,8034.0,Software,Master,1
54261,29.0,8.0,8890.0,Cloud,Bachelor,0
54262,40.0,16.0,9015.0,Cloud,Master,0
54263,58.0,30.0,6575.0,Data,Bachelor,1
54264,22.0,0.0,10375.0,Web,Bachelor,0
54265,44.0,16.0,7253.0,Cloud,Bachelor,1
54266,31.0,1.0,10314.0,Data,Master,0
54267,58.0,29.0,11853.0,AI,Bachelor,0
54268,24.0,0.0,6446.0,AI,Master,0
54269,31.0,9.0,5788.0,AI,Master,1
54270,31.0,2.0,8360.0,AI,Master,0
54271,59.0,28.0,8429.0,Software,Bachelor,0
54272,52.0,23.0,10101.0,AI,Master,1
54273,51.0,29.0,4620.0,Cloud,Bachelor,0
54274,25.0,0.0,9562.0,Data,Master,0
54275,27.0,0.0,5308.0,Data,Bachelor,0
54276,58.0,30.0,12995.0,Cloud,Master,0
54277,51.0,25.0,2926.0,Web,Bachelor,0
54278,25.0,4.0,10969.0,Data,Bachelor,0
54279,55.0,27.0,2402.0,Software,Bachelor,0
54280,54.0,28.0,9631.0,Data,Bachelor,1
54281,27.0,0.0,4210.0,Web,Master,0
54282,33.0,5.0,7748.0,,Bachelor,0
54283,21.0,0.0,7903.0,Data,Bachelor,0
54284,51.0,26.0,7689.0,Web,Bachelor,0
54285,50.0,19.0,5973.0,Web,Bachelor,0
54286,47.0,21.0,4479.0,Data,Master,0
54287,57.0,30.0,4294.0,Data,Master,0
54288,46.0,21.0,2000.0,Data,Master,0
54289,56.0,30.0,10935.0,Software,Master,1
54290,58.0,30.0,2378.0,Cloud,Bachelor,0
54291,44.0,13.0,5531.0,Data,Bachelor,0
54292,36.0,5.0,6701.0,AI,Master,0
54293,35.0,14.0,5804.0,Software,Master,0
54294,41.0,12.0,9672.0,Software,Master,0
54295,56.0,30.0,12532.0,AI,Bachelor,1
54296,33.0,3.0,2208.0,Data,Master,0
54297,22.0,1.0,7912.0,Web,Bachelor,0
54298,54.0,26.0,8146.0,Web,Bachelor,1
54299,32.0,6.0,10388.0,Web,Bachelor,0
54300,40.0,13.0,7461.0,Software,Bachelor,0
54301,49.0,21.0,7952.0,Data,Master,0
54302,24.0,,2436.0,Web,Master,0
54303,58.0,29.0,8383.0,Data,Master,0
54304,28.0,3.0,6428.0,AI,PhD,0
54305,49.0,25.0,6662.0,Software,Master,1
54306,49.0,26.0,12099.0,Web,Bachelor,1
54307,38.0,14.0,10065.0,Data,Bachelor,0
54308,39.0,12.0,11180.0,Data,Master,0
54309,45.0,21.0,6795.0,Data,Bachelor,0
54310,53.0,30.0,8305.0,Cloud,Bachelor,0
54311,40.0,14.0,4118.0,Data,Master,0
54312,32.0,,7209.0,Software,,0
54313,54.0,25.0,10807.0,Software,Master,0
54314,44.0,23.0,9206.0,Data,Master,0
54315,50.0,23.0,7298.0,Software,Master,0
54316,48.0,27.0,9684.0,Software,Bachelor,0
54317,55.0,27.0,2422.0,Web,Bachelor,0
54318,47.0,26.0,13311.0,Data,Master,0
54319,43.0,19.0,4835.0,Data,Bachelor,0
54320,42.0,18.0,10268.0,Web,Master,0
54321,43.0,22.0,3978.0,Software,Bachelor,0
54322,34.0,10.0,5585.0,Data,Bachelor,0
54323,22.0,0.0,5652.0,Web,Master,0
54324,44.0,14.0,11510.0,AI,Bachelor,0
54325,23.0,0.0,5527.0,Cloud,Bachelor,0
54326,58.0,30.0,7499.0,AI,Master,0
54327,34.0,5.0,7938.0,Data,Bachelor,0
54328,35.0,6.0,6155.0,Web,Master,1
54329,38.0,9.0,10497.0,Software,Master,1
54330,35.0,5.0,10730.0,Data,Master,0
54331,38.0,14.0,3245.0,Web,Bachelor,1
54332,27.0,0.0,8730.0,Web,Master,0
54333,49.0,28.0,5547.0,Software,Bachelor,1
54334,37.0,14.0,5293.0,Data,Master,0
54335,24.0,0.0,13956.0,AI,Bachelor,0
54336,50.0,20.0,11897.0,Software,Master,0
54337,36.0,7.0,5062.0,Web,Bachelor,0
54338,49.0,24.0,5800.0,AI,Bachelor,0
54339,59.0,28.0,6373.0,AI,Bachelor,0
54340,58.0,30.0,6280.0,AI,Bachelor,1
54341,40.0,18.0,6612.0,Web,Master,0
54342,51.0,20.0,5661.0,Cloud,Bachelor,0
54343,25.0,0.0,9097.0,AI,Master,0
54344,47.0,26.0,8056.0,AI,Master,0
54345,47.0,26.0,7841.0,AI,Bachelor,0
54346,43.0,13.0,5809.0,Cloud,Master,0
54347,28.0,0.0,10338.0,Software,Bachelor,0
54348,33.0,7.0,14918.0,Data,Bachelor,0
54349,22.0,0.0,8612.0,AI,Master,0
54350,27.0,0.0,5336.0,Data,Master,0
54351,26.0,2.0,11780.0,Software,Master,0
54352,30.0,5.0,6312.0,Data,Bachelor,0
54353,49.0,18.0,7409.0,AI,Master,1
54354,24.0,0.0,8339.0,AI,Master,0
54355,43.0,19.0,10091.0,Cloud,Bachelor,0
54356,29.0,6.0,11387.0,Software,Master,0
54357,58.0,,7249.0,Cloud,Master,0
54358,49.0,23.0,3446.0,Cloud,Bachelor,0
54359,54.0,28.0,4074.0,Web,Bachelor,0
54360,26.0,0.0,7377.0,Software,Bachelor,0
54361,22.0,0.0,3441.0,AI,Master,0
54362,58.0,30.0,9529.0,,Master,1
54363,47.0,17.0,3545.0,Cloud,Bachelor,0
54364,39.0,11.0,5870.0,Cloud,Master,0
54365,22.0,0.0,6988.0,Data,Master,0
54366,30.0,6.0,6124.0,Data,Bachelor,0
54367,47.0,20.0,12229.0,AI,Master,0
54368,47.0,26.0,6978.0,Web,Bachelor,0
54369,40.0,9.0,7741.0,Data,Bachelor,0
54370,56.0,30.0,10122.0,AI,Bachelor,1
54371,47.0,22.0,7201.0,AI,Bachelor,0
54372,22.0,0.0,6572.0,Data,Bachelor,0
54373,44.0,16.0,11241.0,Software,Master,0
54374,58.0,30.0,10700.0,Data,Bachelor,1
54375,40.0,15.0,12267.0,Software,Bachelor,0
54376,59.0,30.0,9614.0,Data,Master,0
54377,36.0,13.0,14124.0,Cloud,Master,0
54378,25.0,0.0,9829.0,Web,Bachelor,0
54379,44.0,13.0,6538.0,Data,Master,0
54380,51.0,26.0,6466.0,Data,Bachelor,0
54381,45.0,18.0,7129.0,Cloud,Bachelor,0
54382,31.0,5.0,8305.0,Web,Bachelor,0
54383,28.0,0.0,8744.0,Cloud,Master,0
54384,52.0,21.0,8883.0,Software,Master,1
54385,26.0,0.0,2000.0,Web,Master,0
54386,48.0,26.0,9273.0,AI,Master,0
54387,45.0,23.0,2312.0,AI,Bachelor,0
54388,34.0,11.0,5056.0,Web,Bachelor,0
54389,42.0,15.0,2761.0,AI,Bachelor,1
54390,53.0,22.0,10327.0,AI,Bachelor,1
54391,33.0,11.0,10979.0,Software,Bachelor,0
54392,57.0,30.0,2000.0,Data,PhD,0
54393,50.0,29.0,12287.0,Web,Bachelor,0
54394,53.0,30.0,7952.0,Data,Master,0
54395,28.0,0.0,4846.0,AI,Bachelor,0
54396,22.0,0.0,7707.0,Web,Master,0
54397,48.0,27.0,13360.0,Software,Bachelor,1
54398,29.0,0.0,8326.0,Data,Master,0
54399,51.0,21.0,7887.0,Cloud,Master,0
54400,47.0,17.0,8746.0,Data,Master,0
54401,59.0,30.0,15388.0,AI,Master,1
54402,46.0,19.0,7916.0,AI,Bachelor,0
54403,58.0,28.0,15504.0,Web,Bachelor,1
54404,51.0,20.0,5399.0,Software,Bachelor,0
54405,31.0,1.0,9384.0,Web,Master,0
54406,42.0,13.0,5809.0,Data,PhD,0
54407,22.0,0.0,7348.0,Software,Bachelor,0
54408,21.0,0.0,10495.0,AI,Bachelor,0
54409,32.0,6.0,9881.0,Data,Bachelor,0
54410,55.0,30.0,10502.0,Web,Bachelor,0
54411,33.0,5.0,10401.0,Data,Master,0
54412,39.0,14.0,4298.0,Web,Bachelor,0
54413,35.0,9.0,7499.0,Software,Bachelor,1
54414,39.0,18.0,8563.0,AI,Bachelor,0
54415,40.0,18.0,7530.0,AI,Master,1
54416,45.0,16.0,11185.0,AI,Bachelor,0
54417,26.0,5.0,12980.0,Cloud,Master,0
54418,31.0,8.0,16436.0,Software,Master,0
54419,21.0,0.0,12863.0,Cloud,Master,0
54420,23.0,0.0,6507.0,Software,Bachelor,0
54421,30.0,6.0,5642.0,Cloud,Bachelor,0
54422,42.0,12.0,6432.0,Cloud,Bachelor,0
54423,31.0,8.0,7649.0,Cloud,Bachelor,0
54424,24.0,0.0,8433.0,Web,PhD,0
54425,29.0,1.0,4172.0,Web,Bachelor,0
54426,26.0,4.0,7565.0,Web,PhD,1
54427,53.0,29.0,3850.0,AI,Bachelor,0
54428,33.0,3.0,4301.0,Cloud,Master,0
54429,21.0,0.0,4864.0,Cloud,Master,0
54430,48.0,23.0,10033.0,AI,Bachelor,1
54431,22.0,0.0,8221.0,Software,,0
54432,52.0,23.0,5028.0,Web,Master,0
54433,39.0,9.0,7750.0,Web,Bachelor,1
54434,60.0,30.0,5587.0,Cloud,Master,0
54435,54.0,24.0,11963.0,Web,Master,0
54436,57.0,30.0,5722.0,Data,Bachelor,0
54437,45.0,23.0,8075.0,AI,Master,1
54438,57.0,29.0,6935.0,AI,Bachelor,0
54439,49.0,27.0,9322.0,Web,Bachelor,0
54440,24.0,0.0,9809.0,Data,Bachelor,0
54441,31.0,0.0,6124.0,,Bachelor,0
54442,40.0,12.0,6018.0,Cloud,Master,0
54443,22.0,0.0,,AI,Bachelor,0
54444,49.0,24.0,10227.0,Data,Bachelor,0
54445,31.0,4.0,10265.0,Cloud,Bachelor,0
54446,42.0,12.0,6884.0,Web,PhD,1
54447,47.0,21.0,4023.0,Data,Bachelor,0
54448,60.0,30.0,6625.0,AI,Master,0
54449,32.0,5.0,5111.0,Cloud,Master,0
54450,34.0,12.0,3477.0,Software,Bachelor,0
54451,52.0,30.0,5103.0,AI,Master,0
54452,53.0,22.0,11708.0,AI,Master,0
54453,23.0,0.0,10820.0,Data,Master,0
54454,46.0,17.0,6024.0,Software,Bachelor,0
54455,49.0,18.0,8567.0,Data,Bachelor,0
54456,39.0,17.0,5473.0,AI,Bachelor,0
54457,30.0,0.0,5679.0,Web,Master,0
54458,45.0,19.0,10656.0,Software,Bachelor,0
54459,48.0,18.0,8913.0,Web,PhD,1
54460,57.0,30.0,4712.0,Software,Bachelor,1
54461,22.0,0.0,4724.0,Web,Bachelor,0
54462,39.0,17.0,8870.0,Data,Bachelor,0
54463,30.0,9.0,7675.0,Software,Bachelor,0
54464,21.0,0.0,12059.0,Cloud,Bachelor,0
54465,53.0,28.0,9475.0,AI,Master,1
54466,54.0,30.0,6202.0,AI,Master,0
54467,31.0,6.0,8181.0,Software,Bachelor,0
54468,39.0,11.0,6205.0,Software,PhD,0
54469,47.0,16.0,8559.0,Web,Master,0
54470,29.0,4.0,5897.0,Data,Bachelor,0
54471,39.0,14.0,4982.0,Data,Bachelor,1
54472,32.0,4.0,10141.0,Data,Master,0
54473,51.0,28.0,4428.0,AI,Master,1
54474,30.0,9.0,8651.0,AI,Bachelor,0
54475,21.0,0.0,5051.0,Software,Bachelor,0
54476,26.0,0.0,11653.0,Data,Bachelor,0
54477,60.0,30.0,11357.0,AI,Bachelor,0
54478,21.0,0.0,9495.0,Data,Master,0
54479,24.0,0.0,5357.0,AI,Bachelor,0
54480,27.0,0.0,4465.0,Software,Bachelor,0
54481,55.0,30.0,9063.0,Web,Bachelor,1
54482,54.0,25.0,3830.0,Web,Bachelor,0
54483,50.0,26.0,16338.0,Cloud,Bachelor,1
54484,54.0,26.0,8383.0,Software,Master,0
54485,27.0,3.0,7743.0,AI,Master,0
54486,23.0,1.0,7472.0,Web,Bachelor,0
54487,33.0,7.0,8099.0,AI,Master,0
54488,35.0,14.0,7953.0,AI,Bachelor,0
54489,22.0,1.0,9906.0,Web,Bachelor,0
54490,25.0,0.0,5991.0,Software,Master,0
54491,55.0,30.0,7374.0,Data,Bachelor,1
54492,38.0,15.0,9349.0,AI,Bachelor,1
54493,52.0,29.0,6804.0,Data,Master,0
54494,34.0,13.0,7200.0,AI,Bachelor,0
54495,24.0,0.0,8235.0,Cloud,Bachelor,0
54496,38.0,10.0,6300.0,Cloud,,0
54497,33.0,3.0,9240.0,Web,Master,0
54498,24.0,2.0,5932.0,AI,Bachelor,0
54499,52.0,21.0,9100.0,Data,Bachelor,0
54500,24.0,3.0,13338.0,Cloud,Bachelor,0
54501,22.0,0.0,8401.0,AI,Master,0
54502,44.0,13.0,7101.0,AI,Master,1
54503,27.0,0.0,8323.0,AI,Bachelor,1
54504,24.0,2.0,4131.0,AI,Bachelor,0
54505,23.0,0.0,8429.0,Data,Master,0
54506,49.0,28.0,8961.0,Software,Bachelor,0
54507,23.0,0.0,11655.0,Web,Master,0
54508,55.0,30.0,11057.0,Software,Bachelor,0
54509,23.0,1.0,10642.0,Data,Bachelor,0
54510,27.0,0.0,11844.0,Web,Master,0
54511,46.0,15.0,6670.0,Cloud,Master,1
54512,26.0,0.0,8314.0,Software,Bachelor,0
54513,52.0,,10477.0,AI,Bachelor,0
54514,47.0,19.0,9239.0,Data,Bachelor,0
54515,25.0,0.0,4332.0,Software,Master,0
54516,39.0,14.0,2000.0,Web,Bachelor,0
54517,39.0,8.0,8469.0,Software,Bachelor,0
54518,53.0,22.0,5592.0,Software,Bachelor,0
54519,39.0,18.0,7499.0,Data,Bachelor,0
54520,50.0,20.0,7709.0,Web,Master,0
54521,21.0,0.0,4935.0,Data,Master,0
54522,28.0,1.0,10535.0,AI,Bachelor,1
54523,50.0,28.0,6547.0,Software,Bachelor,1
54524,51.0,21.0,11665.0,Software,Master,0
54525,43.0,20.0,8759.0,AI,Bachelor,0
54526,51.0,29.0,11145.0,Software,Bachelor,1
54527,24.0,1.0,6103.0,Data,Master,0
54528,59.0,30.0,7411.0,AI,Master,0
54529,45.0,20.0,11698.0,Software,Bachelor,1
54530,50.0,21.0,3755.0,AI,Bachelor,0
54531,57.0,30.0,5847.0,Software,Bachelor,1
54532,21.0,0.0,5862.0,Web,Bachelor,0
54533,58.0,30.0,10131.0,Web,Bachelor,0
54534,37.0,7.0,8590.0,Web,Bachelor,0
54535,26.0,0.0,7032.0,Web,Bachelor,0
54536,51.0,29.0,9659.0,Software,PhD,1
54537,43.0,15.0,11013.0,Data,Bachelor,0
54538,42.0,21.0,5673.0,Data,Bachelor,0
54539,30.0,2.0,9690.0,Software,Bachelor,0
54540,38.0,12.0,6250.0,Data,Bachelor,0
54541,47.0,21.0,7493.0,Software,Master,1
54542,37.0,8.0,10250.0,Web,Master,0
54543,50.0,21.0,7682.0,AI,Master,0
54544,54.0,27.0,9066.0,,Master,0
54545,,6.0,9108.0,Software,,0
54546,40.0,10.0,8664.0,Data,Master,0
54547,51.0,21.0,3397.0,Cloud,Bachelor,1
54548,38.0,10.0,8982.0,Data,Bachelor,0
54549,33.0,7.0,9113.0,Data,Bachelor,0
54550,21.0,0.0,10745.0,Web,Bachelor,0
54551,43.0,15.0,5872.0,Cloud,Bachelor,0
54552,27.0,0.0,6923.0,Cloud,Master,0
54553,43.0,20.0,7990.0,Software,PhD,0
54554,28.0,1.0,8505.0,AI,PhD,0
54555,36.0,6.0,6742.0,Data,PhD,0
54556,42.0,16.0,10135.0,Software,Bachelor,0
54557,53.0,23.0,8362.0,Software,Master,1
54558,34.0,11.0,5827.0,Software,Master,0
54559,44.0,23.0,3344.0,Cloud,Master,0
54560,46.0,17.0,5974.0,AI,Bachelor,0
54561,37.0,11.0,6159.0,AI,Bachelor,0
54562,40.0,16.0,8976.0,Web,Master,0
54563,49.0,22.0,14098.0,Data,Bachelor,1
54564,42.0,12.0,6828.0,Web,Bachelor,0
54565,27.0,0.0,7565.0,AI,Master,0
54566,60.0,29.0,3401.0,AI,Bachelor,0
54567,50.0,25.0,3657.0,AI,Bachelor,1
54568,45.0,18.0,5170.0,Cloud,Master,0
54569,48.0,27.0,6824.0,Cloud,Master,0
54570,37.0,10.0,11415.0,Data,PhD,0
54571,24.0,0.0,6832.0,Software,Bachelor,0
54572,30.0,1.0,8525.0,Data,Master,0
54573,26.0,0.0,8927.0,Software,,1
54574,21.0,0.0,2000.0,Cloud,Master,0
54575,47.0,26.0,7113.0,Cloud,Bachelor,0
54576,32.0,7.0,6453.0,Data,Bachelor,0
54577,39.0,15.0,8052.0,Web,Bachelor,0
54578,44.0,20.0,8734.0,Data,Master,0
54579,33.0,8.0,13192.0,Data,PhD,0
54580,59.0,30.0,10009.0,AI,Bachelor,0
54581,40.0,19.0,11774.0,Cloud,Bachelor,1
54582,33.0,5.0,6772.0,AI,PhD,0
54583,44.0,13.0,11636.0,Data,Bachelor,0
54584,54.0,24.0,3199.0,Software,Bachelor,0
54585,,9.0,8076.0,Data,Bachelor,0
54586,50.0,22.0,7089.0,Data,Bachelor,0
54587,57.0,26.0,10112.0,Cloud,PhD,1
54588,38.0,17.0,3190.0,AI,PhD,1
54589,22.0,0.0,7282.0,Software,Bachelor,0
54590,,15.0,11711.0,Software,Bachelor,0
54591,50.0,28.0,7988.0,,Bachelor,0
54592,34.0,6.0,5688.0,AI,Master,0
54593,22.0,0.0,4930.0,AI,Master,0
54594,38.0,16.0,7796.0,Web,Master,0
54595,49.0,25.0,5350.0,Web,Bachelor,0
54596,32.0,6.0,4670.0,AI,Bachelor,0
54597,26.0,0.0,6943.0,AI,Master,0
54598,,6.0,9547.0,Cloud,Bachelor,0
54599,28.0,3.0,5691.0,Cloud,Bachelor,0
54600,39.0,14.0,11258.0,Software,Bachelor,0
54601,36.0,5.0,7330.0,Cloud,Bachelor,1
54602,33.0,11.0,7592.0,AI,Bachelor,0
54603,24.0,0.0,8777.0,AI,Bachelor,0
54604,58.0,30.0,4877.0,Data,Master,0
54605,34.0,7.0,4707.0,Software,Bachelor,0
54606,25.0,0.0,8700.0,Data,Master,0
54607,25.0,4.0,5647.0,Data,Master,0
54608,54.0,23.0,3535.0,Web,Bachelor,1
54609,31.0,1.0,5037.0,Software,PhD,0
54610,22.0,0.0,8235.0,Web,Master,0
54611,30.0,6.0,4109.0,Cloud,Master,0
54612,31.0,10.0,7131.0,Data,PhD,0
54613,54.0,23.0,,Software,Bachelor,1
54614,34.0,3.0,5794.0,,Master,0
54615,59.0,30.0,9355.0,Software,Master,1
54616,40.0,9.0,6026.0,Software,Master,0
54617,60.0,30.0,4615.0,Web,Bachelor,0
54618,56.0,30.0,7430.0,Software,Master,0
54619,24.0,1.0,8011.0,AI,Bachelor,0
54620,24.0,0.0,4378.0,Data,PhD,0
54621,22.0,0.0,9555.0,Software,Bachelor,0
54622,43.0,12.0,2458.0,AI,Master,1
54623,25.0,0.0,13399.0,Data,Master,0
54624,29.0,0.0,11194.0,Software,Bachelor,0
54625,48.0,20.0,11815.0,Web,Bachelor,1
54626,24.0,0.0,9390.0,AI,PhD,0
54627,35.0,8.0,,Software,Master,0
54628,53.0,24.0,6266.0,Data,Master,0
54629,23.0,0.0,10779.0,Software,Master,0
54630,42.0,11.0,9815.0,Cloud,Master,0
54631,50.0,26.0,6421.0,Data,Master,1
54632,23.0,0.0,2000.0,Web,Bachelor,0
54633,50.0,21.0,4567.0,Software,Master,0
54634,37.0,8.0,15044.0,Software,Bachelor,0
54635,41.0,16.0,8756.0,Software,Master,1
54636,24.0,0.0,7301.0,Web,Bachelor,0
54637,21.0,0.0,11964.0,Software,PhD,1
54638,26.0,5.0,6402.0,Software,Bachelor,0
54639,46.0,19.0,4557.0,Data,Bachelor,0
54640,35.0,7.0,9105.0,Cloud,Master,0
54641,51.0,28.0,8739.0,Data,Bachelor,0
54642,31.0,2.0,12455.0,Software,Bachelor,0
54643,27.0,0.0,7737.0,AI,Master,0
54644,36.0,10.0,4667.0,Software,Master,0
54645,51.0,26.0,2000.0,Software,PhD,0
54646,36.0,9.0,6176.0,Cloud,Bachelor,0
54647,59.0,30.0,6473.0,Data,Bachelor,0
54648,51.0,20.0,6635.0,Data,Master,0
54649,50.0,26.0,9434.0,Web,Bachelor,1
54650,45.0,15.0,5643.0,Software,Bachelor,0
54651,38.0,16.0,10016.0,Cloud,Bachelor,0
54652,54.0,24.0,4821.0,Data,Bachelor,0
54653,60.0,30.0,5262.0,Software,Bachelor,0
54654,57.0,30.0,4746.0,Web,Bachelor,0
54655,37.0,10.0,8310.0,Software,Master,0
54656,57.0,28.0,6573.0,Web,Master,1
54657,50.0,24.0,10453.0,Data,Bachelor,0
54658,60.0,30.0,6852.0,AI,Master,0
54659,46.0,17.0,12924.0,Software,Master,0
54660,40.0,15.0,,,Bachelor,0
54661,26.0,0.0,12085.0,Data,Bachelor,1
54662,38.0,15.0,7036.0,Web,Bachelor,0
54663,33.0,4.0,10678.0,AI,Bachelor,0
54664,29.0,0.0,6836.0,Cloud,Bachelor,0
54665,58.0,30.0,7039.0,Data,PhD,1
54666,33.0,3.0,11683.0,Web,Master,0
54667,34.0,4.0,4410.0,AI,Bachelor,0
54668,45.0,20.0,10951.0,AI,Master,1
54669,47.0,19.0,7900.0,Data,Master,0
54670,54.0,30.0,5903.0,AI,Bachelor,0
54671,37.0,8.0,10563.0,Data,Master,0
54672,31.0,0.0,7179.0,Software,Bachelor,0
54673,41.0,12.0,7214.0,,Bachelor,0
54674,34.0,11.0,8243.0,Cloud,Bachelor,0
54675,34.0,5.0,9702.0,Data,Bachelor,0
54676,51.0,23.0,7659.0,AI,PhD,0
54677,26.0,2.0,8445.0,Cloud,Master,0
54678,41.0,13.0,7733.0,Web,Master,0
54679,29.0,2.0,10350.0,AI,Master,1
54680,45.0,23.0,9423.0,Software,Bachelor,0
54681,48.0,18.0,3144.0,AI,Bachelor,0
54682,26.0,0.0,8571.0,Software,Bachelor,0
54683,28.0,0.0,5583.0,Data,Master,0
54684,31.0,5.0,7919.0,Web,Bachelor,0
54685,38.0,13.0,7728.0,Software,Bachelor,0
54686,33.0,6.0,9426.0,Software,Bachelor,0
54687,49.0,19.0,6957.0,Web,Master,1
54688,,1.0,10261.0,AI,Master,1
54689,32.0,5.0,11647.0,Data,Master,1
54690,34.0,7.0,9328.0,Cloud,Bachelor,1
54691,29.0,,9520.0,Data,Master,0
54692,,9.0,5853.0,Software,Master,0
54693,52.0,27.0,7421.0,Web,Bachelor,0
54694,26.0,0.0,5599.0,Software,Master,0
54695,39.0,17.0,8529.0,AI,Master,0
54696,33.0,11.0,9102.0,Software,Bachelor,0
54697,28.0,4.0,9000.0,Cloud,Bachelor,0
54698,43.0,18.0,11416.0,Data,Bachelor,0
54699,51.0,23.0,13736.0,Software,PhD,1
54700,39.0,10.0,11434.0,Software,Bachelor,0
54701,48.0,18.0,13013.0,AI,Master,1
54702,27.0,4.0,6389.0,Web,Master,0
54703,36.0,11.0,9027.0,Data,Bachelor,0
54704,51.0,20.0,8385.0,Web,Master,0
54705,59.0,29.0,4270.0,Software,Master,0
54706,46.0,21.0,4189.0,Cloud,,0
54707,25.0,0.0,10041.0,AI,Master,1
54708,43.0,12.0,11913.0,Web,Master,0
54709,49.0,27.0,6902.0,Software,Bachelor,0
54710,32.0,7.0,13202.0,AI,Bachelor,0
54711,42.0,18.0,5800.0,Cloud,Master,0
54712,51.0,27.0,2906.0,Data,Bachelor,0
54713,39.0,15.0,11573.0,Data,Bachelor,1
54714,49.0,27.0,4941.0,AI,Master,0
54715,59.0,30.0,10319.0,AI,Master,0
54716,27.0,6.0,6845.0,Data,Master,0
54717,24.0,0.0,6771.0,AI,Master,0
54718,21.0,0.0,7668.0,Cloud,Bachelor,0
54719,54.0,30.0,6645.0,Software,Bachelor,0
54720,26.0,0.0,8017.0,Data,Bachelor,0
54721,44.0,17.0,6901.0,AI,Master,0
54722,42.0,20.0,5961.0,,Master,1
54723,40.0,12.0,2000.0,Cloud,Master,0
54724,31.0,9.0,2033.0,Data,Master,0
54725,36.0,15.0,6415.0,Data,Bachelor,0
54726,28.0,4.0,14308.0,Data,Bachelor,0
54727,21.0,0.0,7339.0,Software,Master,0
54728,52.0,26.0,12066.0,AI,Bachelor,0
54729,40.0,9.0,8290.0,Cloud,Bachelor,0
54730,58.0,30.0,6449.0,Data,Master,0
54731,56.0,27.0,4362.0,AI,Master,1
54732,42.0,17.0,7447.0,AI,Bachelor,0
54733,44.0,19.0,6895.0,Software,Bachelor,0
54734,23.0,0.0,2000.0,Data,Bachelor,0
54735,38.0,11.0,9644.0,Cloud,Bachelor,0
54736,28.0,1.0,13541.0,AI,Master,0
54737,43.0,19.0,10120.0,Web,PhD,0
54738,21.0,0.0,5703.0,AI,Bachelor,0
54739,35.0,9.0,3296.0,Web,Bachelor,0
54740,28.0,7.0,13911.0,Web,Master,0
54741,39.0,16.0,5627.0,AI,Bachelor,0
54742,38.0,15.0,6521.0,AI,Master,1
54743,28.0,0.0,6844.0,Cloud,Bachelor,0
54744,35.0,14.0,6673.0,Cloud,Bachelor,0
54745,31.0,6.0,8136.0,Software,Bachelor,0
54746,27.0,1.0,5767.0,Web,Bachelor,0
54747,35.0,5.0,12244.0,Data,Master,0
54748,26.0,0.0,5102.0,AI,Bachelor,0
54749,39.0,9.0,5975.0,Cloud,Master,0
54750,42.0,13.0,10775.0,Software,Bachelor,1
54751,56.0,30.0,9004.0,AI,PhD,1
54752,43.0,20.0,8240.0,Software,PhD,1
54753,35.0,5.0,6346.0,Web,Bachelor,0
54754,42.0,19.0,3230.0,Web,Bachelor,0
54755,27.0,0.0,4780.0,Web,PhD,0
54756,35.0,8.0,10925.0,Web,Bachelor,0
54757,43.0,16.0,6139.0,Software,Bachelor,0
54758,50.0,21.0,8197.0,Data,Bachelor,0
54759,53.0,24.0,7914.0,AI,Bachelor,0
54760,40.0,19.0,6958.0,AI,PhD,0
54761,45.0,24.0,2000.0,AI,Master,0
54762,25.0,0.0,8006.0,AI,Master,0
54763,38.0,16.0,10974.0,Data,Bachelor,0
54764,23.0,0.0,9225.0,Data,Bachelor,0
54765,28.0,4.0,6656.0,Web,Bachelor,0
54766,52.0,27.0,2942.0,AI,Master,0
54767,32.0,2.0,7635.0,Software,Bachelor,0
54768,57.0,30.0,7030.0,Cloud,Bachelor,1
54769,25.0,1.0,11943.0,Software,Bachelor,0
54770,35.0,10.0,14110.0,Software,Master,1
54771,24.0,0.0,10926.0,AI,Bachelor,0
54772,30.0,7.0,10179.0,,Bachelor,0
54773,50.0,24.0,11683.0,Cloud,Bachelor,0
54774,52.0,24.0,12529.0,Data,Bachelor,0
54775,39.0,12.0,15517.0,Web,Master,1
54776,22.0,0.0,4388.0,Web,Bachelor,0
54777,50.0,21.0,11060.0,AI,Bachelor,0
54778,57.0,30.0,11058.0,Web,Master,1
54779,44.0,23.0,6295.0,Data,Bachelor,0
54780,,30.0,3130.0,Data,Master,0
54781,55.0,28.0,14311.0,Cloud,Master,1
54782,41.0,18.0,8472.0,AI,Bachelor,0
54783,32.0,10.0,7255.0,Web,Bachelor,0
54784,55.0,27.0,8529.0,Software,Bachelor,0
54785,30.0,5.0,4785.0,AI,Bachelor,1
54786,60.0,30.0,3151.0,AI,Master,1
54787,33.0,7.0,8172.0,Software,Master,0
54788,44.0,23.0,14822.0,Data,Bachelor,0
54789,44.0,23.0,3733.0,Cloud,Master,0
54790,26.0,0.0,4876.0,Web,Bachelor,0
54791,25.0,1.0,6213.0,,Master,0
54792,58.0,30.0,6537.0,AI,Master,0
54793,23.0,0.0,8145.0,Web,Master,0
54794,59.0,30.0,2000.0,Data,Bachelor,0
54795,50.0,21.0,5906.0,Web,Master,0
54796,58.0,30.0,5907.0,Data,Master,0
54797,55.0,30.0,10624.0,Data,Bachelor,1
54798,25.0,2.0,7517.0,Software,PhD,0
54799,21.0,0.0,5823.0,Web,Bachelor,0
54800,31.0,9.0,2491.0,Web,Bachelor,0
54801,33.0,9.0,6783.0,Data,Master,0
54802,23.0,0.0,3337.0,Cloud,Master,0
54803,44.0,15.0,6781.0,Data,Master,0
54804,26.0,0.0,4731.0,Cloud,Master,0
54805,58.0,30.0,,Web,Master,1
54806,49.0,22.0,4714.0,Data,Master,1
54807,36.0,14.0,7820.0,Web,Bachelor,0
54808,56.0,26.0,4425.0,Cloud,Master,0
54809,60.0,30.0,6357.0,Web,Master,0
54810,27.0,6.0,7573.0,Cloud,Master,0
54811,53.0,26.0,8395.0,Data,Bachelor,0
54812,40.0,19.0,14246.0,AI,Bachelor,0
54813,28.0,6.0,11041.0,Web,Master,1
54814,37.0,6.0,4241.0,Web,Master,0
54815,51.0,26.0,7265.0,Data,Bachelor,0
54816,43.0,13.0,5975.0,Cloud,Master,0
54817,57.0,30.0,7807.0,Software,Master,1
54818,50.0,29.0,8003.0,Web,Bachelor,0
54819,35.0,11.0,7825.0,Web,Master,0
54820,58.0,28.0,6172.0,Data,PhD,0
54821,52.0,26.0,5330.0,Data,Master,1
54822,52.0,21.0,9375.0,AI,Bachelor,0
54823,44.0,19.0,10447.0,Web,Master,0
54824,31.0,5.0,7787.0,Cloud,PhD,1
54825,28.0,0.0,11709.0,Web,Master,0
54826,37.0,9.0,2885.0,Data,Master,0
54827,37.0,16.0,9715.0,AI,Bachelor,1
54828,53.0,28.0,10209.0,Data,Master,0
54829,57.0,30.0,8422.0,Cloud,Master,0
54830,51.0,27.0,9611.0,Web,Bachelor,0
54831,44.0,14.0,,Data,Master,0
54832,24.0,0.0,4375.0,Data,Bachelor,0
54833,36.0,9.0,7702.0,Data,Bachelor,0
54834,25.0,0.0,6809.0,Data,Master,0
54835,48.0,20.0,8880.0,Data,Bachelor,0
54836,46.0,18.0,5515.0,Web,Bachelor,0
54837,50.0,20.0,9725.0,Web,Bachelor,0
54838,58.0,29.0,2000.0,Software,Master,1
54839,31.0,9.0,13240.0,Cloud,Bachelor,0
54840,60.0,,10540.0,AI,Bachelor,0
54841,46.0,23.0,11132.0,Cloud,Bachelor,0
54842,45.0,14.0,5234.0,AI,Bachelor,0
54843,33.0,11.0,6060.0,Data,Bachelor,0
54844,30.0,0.0,2850.0,Web,Bachelor,0
54845,36.0,11.0,10289.0,,Master,0
54846,,0.0,11658.0,Software,Bachelor,0
54847,34.0,6.0,11082.0,Web,Bachelor,0
54848,32.0,10.0,2403.0,Data,Bachelor,0
54849,57.0,30.0,12101.0,Cloud,Master,0
54850,30.0,1.0,13337.0,Software,Bachelor,0
54851,37.0,7.0,7145.0,Web,Bachelor,0
54852,57.0,28.0,4749.0,AI,Master,1
54853,54.0,30.0,5292.0,Software,Bachelor,0
54854,52.0,22.0,4325.0,Software,Bachelor,0
54855,33.0,8.0,7325.0,Web,Master,0
54856,33.0,3.0,6817.0,Cloud,Master,0
54857,37.0,16.0,7784.0,Software,Master,0
54858,58.0,27.0,2000.0,Software,Bachelor,0
54859,42.0,17.0,5968.0,Software,Bachelor,0
54860,28.0,0.0,11312.0,Software,Bachelor,0
54861,59.0,30.0,8800.0,Web,Master,0
54862,41.0,14.0,10676.0,Software,Master,0
54863,60.0,30.0,9886.0,Software,Master,1
54864,21.0,0.0,9401.0,Software,Master,0
54865,49.0,24.0,8882.0,AI,PhD,0
54866,37.0,16.0,5773.0,Web,Master,0
54867,44.0,23.0,9997.0,Web,Master,1
54868,54.0,24.0,8435.0,Data,Master,0
54869,44.0,21.0,9028.0,Web,Bachelor,0
54870,46.0,19.0,5774.0,Data,Bachelor,0
54871,22.0,0.0,5888.0,Data,Master,0
54872,55.0,27.0,10416.0,Web,Bachelor,0
54873,45.0,15.0,12518.0,Data,Bachelor,0
54874,40.0,18.0,5517.0,Software,Master,0
54875,29.0,0.0,6509.0,Web,Bachelor,1
54876,26.0,0.0,7881.0,AI,PhD,0
54877,30.0,7.0,4698.0,Software,Bachelor,0
54878,23.0,0.0,11393.0,AI,Master,0
54879,43.0,16.0,7691.0,Data,Bachelor,0
54880,21.0,0.0,11941.0,Cloud,Master,0
54881,21.0,0.0,2230.0,Data,Bachelor,0
54882,26.0,5.0,6218.0,Cloud,PhD,0
54883,48.0,26.0,6608.0,AI,Bachelor,0
54884,39.0,9.0,2320.0,Data,PhD,0
54885,54.0,23.0,7323.0,Web,Bachelor,0
54886,51.0,23.0,9160.0,AI,PhD,1
54887,48.0,21.0,2241.0,Data,Bachelor,0
54888,28.0,6.0,7331.0,Web,Master,0
54889,59.0,30.0,6023.0,AI,Bachelor,0
54890,54.0,24.0,14650.0,Data,Bachelor,0
54891,23.0,0.0,9782.0,Web,Bachelor,0
54892,54.0,27.0,5522.0,Cloud,Bachelor,0
54893,52.0,27.0,5538.0,Web,Bachelor,1
54894,60.0,30.0,7478.0,Data,Bachelor,0
54895,33.0,3.0,7850.0,Data,Bachelor,0
54896,26.0,5.0,11557.0,AI,Master,1
54897,55.0,29.0,7759.0,Web,PhD,0
54898,60.0,29.0,9448.0,AI,Master,1
54899,49.0,28.0,4453.0,Data,Master,0
54900,51.0,21.0,8186.0,,Bachelor,0
54901,28.0,2.0,2000.0,Web,PhD,0
54902,27.0,0.0,4802.0,Software,Bachelor,0
54903,32.0,9.0,9477.0,Software,Master,0
54904,46.0,16.0,8571.0,AI,Master,0
54905,60.0,30.0,8376.0,Software,Master,1
54906,26.0,0.0,10977.0,Software,Master,0
54907,45.0,22.0,8653.0,Data,Master,1
54908,22.0,0.0,8619.0,Software,Bachelor,0
54909,59.0,30.0,7251.0,AI,Bachelor,0
54910,42.0,15.0,10927.0,Web,Master,0
54911,55.0,30.0,6448.0,Software,Bachelor,1
54912,37.0,16.0,7306.0,AI,Bachelor,0
54913,51.0,28.0,9308.0,AI,Bachelor,0
54914,32.0,4.0,9998.0,Data,Bachelor,0
54915,53.0,30.0,8273.0,Software,Master,1
54916,36.0,12.0,6696.0,Data,Bachelor,0
54917,48.0,24.0,5906.0,Cloud,Bachelor,0
54918,60.0,30.0,5533.0,Web,Bachelor,0
54919,45.0,19.0,2000.0,Software,PhD,1
54920,56.0,30.0,12449.0,AI,Master,0
54921,56.0,30.0,8465.0,Web,Bachelor,0
54922,52.0,24.0,6677.0,Software,Master,0
54923,48.0,17.0,5338.0,Software,Master,0
54924,35.0,8.0,8351.0,Software,Master,0
54925,31.0,9.0,7057.0,AI,Bachelor,0
54926,38.0,7.0,4735.0,Web,Master,0
54927,53.0,24.0,3991.0,Software,PhD,0
54928,54.0,28.0,11912.0,AI,Master,1
54929,42.0,11.0,7519.0,Data,Master,0
54930,21.0,0.0,6443.0,AI,Bachelor,0
54931,52.0,24.0,9048.0,Web,Master,1
54932,53.0,24.0,6693.0,Cloud,Master,1
54933,35.0,12.0,8974.0,AI,PhD,0
54934,26.0,0.0,5390.0,Web,Bachelor,0
54935,26.0,1.0,13720.0,Cloud,Master,0
54936,49.0,18.0,11758.0,Software,Bachelor,1
54937,23.0,0.0,6863.0,Data,Bachelor,1
54938,33.0,6.0,7454.0,AI,Master,0
54939,31.0,7.0,5880.0,Data,Bachelor,0
54940,45.0,22.0,3324.0,Data,Bachelor,0
54941,42.0,14.0,9829.0,Cloud,Bachelor,0
54942,46.0,22.0,15172.0,Software,Master,1
54943,22.0,0.0,4092.0,Data,Bachelor,0
54944,57.0,30.0,6179.0,Software,Bachelor,0
54945,32.0,7.0,4992.0,Software,Bachelor,0
54946,31.0,8.0,5812.0,Data,Bachelor,0
54947,35.0,12.0,2107.0,Data,Master,0
54948,32.0,11.0,13538.0,Data,Bachelor,0
54949,40.0,19.0,11524.0,Cloud,PhD,0
54950,51.0,30.0,9325.0,Software,Bachelor,1
54951,55.0,30.0,12085.0,AI,Master,1
54952,21.0,0.0,8424.0,AI,Bachelor,0
54953,53.0,26.0,8579.0,Software,Bachelor,0
54954,34.0,10.0,9098.0,AI,Master,0
54955,52.0,21.0,6131.0,Software,Bachelor,0
54956,39.0,14.0,11238.0,Software,Master,0
54957,30.0,0.0,10044.0,AI,Master,0
54958,36.0,14.0,10296.0,Cloud,Bachelor,0
54959,49.0,18.0,9836.0,AI,Bachelor,0
54960,22.0,0.0,8482.0,Cloud,Bachelor,0
54961,42.0,15.0,14181.0,Software,Bachelor,0
54962,47.0,25.0,16536.0,AI,Master,1
54963,30.0,7.0,6257.0,Software,Bachelor,0
54964,51.0,24.0,7652.0,AI,PhD,0
54965,25.0,0.0,12546.0,Web,PhD,0
54966,21.0,0.0,12809.0,Data,Master,0
54967,46.0,22.0,4452.0,Data,Bachelor,0
54968,28.0,1.0,6088.0,Data,Bachelor,0
54969,33.0,5.0,10586.0,Data,,0
54970,29.0,2.0,7754.0,Web,Master,0
54971,60.0,30.0,9072.0,AI,PhD,0
54972,29.0,7.0,9907.0,Data,Master,0
54973,52.0,29.0,9944.0,Web,Master,1
54974,51.0,27.0,6012.0,Software,Master,0
54975,23.0,0.0,7958.0,Software,PhD,0
54976,28.0,0.0,7553.0,Web,Bachelor,0
54977,52.0,24.0,10127.0,Data,Bachelor,0
54978,21.0,0.0,11241.0,AI,Master,0
54979,52.0,30.0,6923.0,AI,Master,1
54980,54.0,26.0,4902.0,Cloud,Master,0
54981,21.0,0.0,10266.0,Data,Bachelor,0
54982,24.0,0.0,5700.0,Web,Bachelor,0
54983,54.0,30.0,10134.0,Web,Master,1
54984,25.0,0.0,8830.0,AI,Bachelor,0
54985,21.0,0.0,9162.0,Data,Bachelor,0
54986,60.0,30.0,6953.0,Data,Bachelor,0
54987,53.0,25.0,13570.0,Data,Master,0
54988,22.0,0.0,8385.0,AI,Bachelor,0
54989,60.0,30.0,7895.0,Web,Bachelor,0
54990,48.0,25.0,7996.0,AI,Bachelor,0
54991,45.0,18.0,10918.0,Web,Bachelor,0
54992,34.0,13.0,4438.0,Data,Bachelor,0
54993,31.0,0.0,6665.0,Data,Bachelor,0
54994,40.0,14.0,13582.0,Web,Bachelor,0
54995,29.0,1.0,7252.0,Web,Master,0
54996,36.0,12.0,10946.0,Cloud,Bachelor,1
54997,58.0,30.0,8796.0,Software,Bachelor,1
54998,49.0,26.0,11023.0,Data,Master,0
54999,40.0,12.0,4663.0,Cloud,Master,0
55000,58.0,30.0,9656.0,Software,PhD,1
