Customer_ID,Age,Income,Employment_Length,Loan_Amount,Interest_Rate,Credit_Score,Loan_Term,Home_Ownership,Loan_Purpose,Education,Marital_Status,Default
100001,38,50520.0,17.0,2000.0,11.62,662.0,36,Rent,Business,Bachelor,Single,0
100002,29,34003.0,30.0,24527.0,13.01,834.0,60,Mortgage,Debt_Consolidation,Bachelor,Single,0
100003,40,69198.0,6.0,16904.0,12.27,647.0,36,Own,Debt_Consolidation,Bachelor,Married,1
100004,38,45669.0,14.0,26341.0,13.75,665.0,60,Mortgage,Debt_Consolidation,Bachelor,Married,1
100005,40,91570.0,21.0,6311.0,4.0,717.0,48,Rent,Debt_Consolidation,High_School,Single,0
100006,61,49182.0,10.0,6078.0,10.04,743.0,60,Rent,Business,Bachelor,Divorced,0
100007,63,82554.0,10.0,11029.0,7.61,738.0,36,Rent,Debt_Consolidation,Bachelor,Single,0
100008,39,44301.0,6.0,9315.0,9.59,704.0,36,Rent,Medical,Bachelor,Married,1
100009,62,55361.0,12.0,19838.0,11.87,694.0,72,Own,Medical,Bachelor,Married,0
100010,51,94420.0,14.0,15091.0,9.37,620.0,36,Own,Debt_Consolidation,Bachelor,Married,0
100011,41,,27.0,8508.0,9.14,688.0,36,Mortgage,Debt_Consolidation,High_School,Married,0
100012,43,72495.0,,9995.0,7.78,636.0,60,Rent,Debt_Consolidation,Master,Married,0
100013,61,24982.0,21.0,12957.0,13.43,741.0,36,Mortgage,Debt_Consolidation,Bachelor,Single,1
100014,45,32187.0,8.0,18961.0,12.41,716.0,36,Mortgage,Medical,Bachelor,Married,0
100015,41,45147.0,26.0,16248.0,7.34,642.0,36,Rent,Debt_Consolidation,Bachelor,Married,0
100016,60,50483.0,5.0,11276.0,9.49,722.0,48,Rent,Debt_Consolidation,Master,Married,0
100017,31,63195.0,10.0,3332.0,8.49,774.0,36,Rent,Debt_Consolidation,Bachelor,Married,0
100018,32,107926.0,13.0,3011.0,13.29,788.0,60,Mortgage,Business,Bachelor,Single,0
100019,24,58137.0,0.0,12443.0,8.76,786.0,60,Rent,Debt_Consolidation,Master,Married,0
100020,27,68674.0,6.0,25147.0,14.12,642.0,36,Rent,Medical,Bachelor,Married,1
100021,54,83061.0,19.0,30009.0,10.9,675.0,36,Rent,Business,High_School,Single,1
100022,35,93241.0,0.0,26447.0,9.26,681.0,48,Mortgage,Debt_Consolidation,High_School,Married,1
100023,27,157721.0,21.0,11373.0,19.08,659.0,36,Rent,Medical,Bachelor,Single,0
100024,39,91660.0,14.0,17804.0,8.4,720.0,60,Rent,Debt_Consolidation,High_School,Married,1
100025,21,44625.0,14.0,17728.0,13.14,700.0,36,Mortgage,Debt_Consolidation,Bachelor,Married,1
100026,50,72275.0,1.0,19362.0,9.87,642.0,48,Rent,Business,High_School,Single,0
100027,60,28601.0,3.0,11082.0,9.76,664.0,48,Rent,Home_Improvement,Bachelor,Single,0
100028,63,32955.0,1.0,13115.0,12.33,703.0,60,Mortgage,Debt_Consolidation,Bachelor,Married,0
100029,43,75231.0,19.0,2000.0,11.96,699.0,60,Mortgage,Medical,Bachelor,Single,0
100030,30,70417.0,10.0,28618.0,10.36,741.0,48,Rent,Debt_Consolidation,High_School,Single,1
100031,34,128415.0,21.0,19626.0,15.72,657.0,48,Rent,Home_Improvement,Bachelor,Single,1
100032,33,129605.0,26.0,9244.0,13.9,662.0,36,Mortgage,Home_Improvement,High_School,Married,0
100033,34,69952.0,8.0,6861.0,6.45,687.0,60,Rent,Debt_Consolidation,High_School,Single,0
100034,29,44409.0,24.0,21665.0,5.19,664.0,36,Rent,Debt_Consolidation,Master,Single,0
100035,21,49217.0,18.0,20307.0,11.03,706.0,48,Mortgage,Education,Bachelor,Married,0
100036,42,100929.0,6.0,2000.0,7.26,710.0,48,Mortgage,Business,Bachelor,Single,0
100037,45,75650.0,5.0,27157.0,14.28,761.0,48,Rent,Debt_Consolidation,Bachelor,Married,0
100038,33,143907.0,30.0,10061.0,14.93,671.0,60,Mortgage,Education,Master,Single,0
100039,32,54209.0,27.0,26570.0,9.11,680.0,60,Rent,Business,Master,Divorced,1
100040,55,,26.0,12114.0,9.25,697.0,36,Rent,Medical,Bachelor,Divorced,0
100041,58,30677.0,27.0,2000.0,8.55,637.0,60,Mortgage,Medical,Bachelor,Married,0
100042,62,92230.0,12.0,32392.0,7.72,644.0,36,Rent,Education,Master,Single,1
100043,52,76550.0,27.0,6475.0,13.14,775.0,36,Rent,Education,Bachelor,Married,0
100044,49,50307.0,1.0,13756.0,17.56,779.0,60,Mortgage,Medical,Bachelor,Single,0
100045,47,72846.0,1.0,15933.0,12.8,718.0,36,Mortgage,Debt_Consolidation,PhD,Single,0
100046,21,42439.0,29.0,15212.0,9.55,615.0,60,Mortgage,Business,Master,Divorced,0
100047,42,49042.0,9.0,13247.0,11.31,589.0,48,Mortgage,Home_Improvement,Bachelor,Married,0
100048,41,94898.0,24.0,14302.0,13.13,781.0,36,Mortgage,Business,Bachelor,Married,0
100049,63,50542.0,20.0,6196.0,10.34,582.0,36,Mortgage,Debt_Consolidation,High_School,Married,0
100050,46,72030.0,25.0,21421.0,10.53,703.0,60,Mortgage,Debt_Consolidation,Master,Married,0
100051,47,43074.0,9.0,25014.0,4.0,744.0,36,Mortgage,Home_Improvement,Bachelor,Single,1
100052,33,72292.0,20.0,4306.0,,677.0,48,Rent,Medical,High_School,Married,0
100053,39,103012.0,28.0,17059.0,7.34,637.0,36,Rent,Debt_Consolidation,High_School,Married,1
100054,38,107443.0,5.0,12255.0,9.6,651.0,60,Rent,Business,Bachelor,Married,0
100055,55,45829.0,27.0,13271.0,8.49,735.0,72,Mortgage,Debt_Consolidation,High_School,Single,0
100056,40,46879.0,20.0,16060.0,9.71,791.0,36,Rent,Debt_Consolidation,Master,Single,0
100057,30,31490.0,16.0,15987.0,13.55,767.0,36,Rent,Education,Bachelor,Married,0
100058,28,55086.0,1.0,30535.0,9.35,743.0,36,Mortgage,Home_Improvement,Bachelor,Married,0
100059,37,70102.0,26.0,16749.0,15.72,692.0,36,Mortgage,Medical,Master,Divorced,0
100060,24,141531.0,11.0,27340.0,13.16,681.0,60,Mortgage,Business,High_School,Single,1
100061,51,43054.0,28.0,10739.0,7.77,675.0,36,Rent,Medical,Master,Divorced,1
100062,42,150525.0,29.0,16577.0,10.79,644.0,60,Rent,Medical,PhD,Married,0
100063,24,83048.0,28.0,23161.0,14.56,624.0,36,Rent,Debt_Consolidation,Bachelor,Single,1
100064,56,26675.0,7.0,20835.0,12.13,773.0,72,Rent,Debt_Consolidation,Master,Single,0
100065,62,154417.0,26.0,16224.0,13.5,635.0,36,Rent,Education,High_School,Married,0
100066,33,48600.0,,11469.0,7.25,592.0,72,Rent,Home_Improvement,Master,Single,0
100067,46,103883.0,26.0,28237.0,16.74,741.0,36,Mortgage,Home_Improvement,Bachelor,Married,1
100068,48,81970.0,24.0,33316.0,11.29,645.0,36,Mortgage,Debt_Consolidation,High_School,Married,1
100069,22,48990.0,12.0,18634.0,7.15,600.0,36,Rent,Home_Improvement,High_School,Married,1
100070,22,84993.0,5.0,18955.0,14.91,740.0,60,Mortgage,Business,High_School,Married,1
100071,65,48025.0,19.0,30625.0,11.3,724.0,72,Mortgage,Debt_Consolidation,Master,Divorced,0
100072,60,48539.0,0.0,9104.0,6.5,841.0,36,Rent,Home_Improvement,Master,Married,0
100073,28,50274.0,6.0,17258.0,11.34,695.0,48,Mortgage,Home_Improvement,High_School,Single,0
100074,61,33446.0,22.0,10699.0,13.91,689.0,36,Rent,Debt_Consolidation,High_School,Married,0
100075,46,95906.0,14.0,17081.0,8.14,727.0,36,Rent,Medical,Bachelor,Married,0
100076,62,40188.0,8.0,23335.0,5.2,611.0,36,Rent,Home_Improvement,High_School,Single,1
100077,48,69586.0,20.0,18719.0,11.31,762.0,60,Mortgage,Medical,Bachelor,Married,0
100078,36,39074.0,7.0,2000.0,8.03,682.0,48,Own,Education,Bachelor,Married,0
100079,31,36308.0,16.0,14804.0,10.36,585.0,60,Rent,Home_Improvement,High_School,Married,1
100080,39,37893.0,9.0,24964.0,11.08,664.0,36,Mortgage,Debt_Consolidation,High_School,Single,1
100081,47,42281.0,2.0,21238.0,5.99,,72,Mortgage,Debt_Consolidation,Bachelor,Divorced,0
100082,29,53057.0,30.0,5344.0,8.58,719.0,36,Own,Home_Improvement,Bachelor,Married,0
100083,36,129110.0,7.0,2000.0,10.18,726.0,36,Rent,Debt_Consolidation,Master,Single,0
100084,28,84312.0,30.0,17076.0,9.46,701.0,36,Rent,Business,Bachelor,Single,0
100085,34,44406.0,12.0,12531.0,11.99,600.0,48,Rent,Business,PhD,Married,0
100086,31,26673.0,2.0,9286.0,5.32,691.0,60,Mortgage,Education,Bachelor,Married,0
100087,61,72350.0,5.0,23489.0,19.43,660.0,60,Mortgage,Debt_Consolidation,Master,Single,0
100088,46,109171.0,21.0,8741.0,14.93,695.0,60,Mortgage,Home_Improvement,Master,Married,0
100089,21,83855.0,27.0,4221.0,10.94,601.0,48,Own,Education,High_School,Married,0
100090,62,60001.0,26.0,19242.0,8.91,682.0,60,Rent,Debt_Consolidation,Master,Married,0
100091,41,101222.0,30.0,35276.0,12.32,722.0,36,Rent,Debt_Consolidation,Bachelor,Single,1
100092,45,66649.0,7.0,23754.0,10.34,684.0,36,Rent,Debt_Consolidation,Bachelor,Divorced,0
100093,61,49419.0,20.0,9353.0,7.67,636.0,48,Mortgage,Debt_Consolidation,High_School,Divorced,0
100094,29,95546.0,3.0,9763.0,15.37,746.0,60,Rent,Home_Improvement,Bachelor,Married,0
100095,45,25335.0,4.0,20914.0,13.71,660.0,60,Own,Home_Improvement,Master,Married,0
100096,40,49801.0,23.0,28750.0,16.82,695.0,60,Rent,Medical,Bachelor,Single,1
100097,52,54739.0,15.0,19113.0,10.18,719.0,48,Rent,Debt_Consolidation,Bachelor,Divorced,0
100098,53,94964.0,15.0,17938.0,12.04,690.0,36,Rent,Home_Improvement,Bachelor,Married,1
100099,40,77774.0,5.0,19759.0,4.75,768.0,36,Rent,Home_Improvement,Bachelor,Single,0
100100,35,30690.0,1.0,9466.0,10.64,783.0,36,Own,Debt_Consolidation,Bachelor,Single,0
100101,55,59299.0,18.0,22250.0,13.08,649.0,60,Mortgage,Debt_Consolidation,Bachelor,Single,1
100102,38,33018.0,22.0,22755.0,11.51,661.0,48,Rent,Debt_Consolidation,Bachelor,Married,0
100103,40,96514.0,20.0,16035.0,10.32,738.0,60,Rent,Debt_Consolidation,Bachelor,Married,0
100104,43,160475.0,14.0,17744.0,9.68,727.0,72,Rent,Debt_Consolidation,Master,Single,0
100105,63,41515.0,19.0,18300.0,8.98,691.0,60,Mortgage,Education,Bachelor,Married,0
100106,45,86090.0,15.0,19702.0,15.1,726.0,48,Rent,Business,Bachelor,Married,1
100107,46,68137.0,23.0,2000.0,11.29,709.0,36,Mortgage,Business,Master,Married,0
100108,59,,12.0,18866.0,11.06,761.0,72,Mortgage,Debt_Consolidation,Master,Married,0
100109,22,62978.0,17.0,23165.0,13.56,667.0,60,Own,Debt_Consolidation,High_School,Single,1
100110,60,66536.0,12.0,4606.0,10.26,673.0,72,Mortgage,Debt_Consolidation,Master,Single,1
100111,22,92744.0,19.0,33140.0,6.87,606.0,36,Rent,Medical,High_School,Single,0
100112,35,67305.0,16.0,19159.0,8.86,772.0,36,Mortgage,Business,Bachelor,Married,0
100113,43,112588.0,25.0,13661.0,12.56,662.0,60,Rent,Debt_Consolidation,Master,Single,0
100114,27,82032.0,30.0,17174.0,14.28,740.0,36,Mortgage,Education,Master,Married,0
100115,34,63094.0,3.0,28172.0,16.06,699.0,60,Mortgage,Home_Improvement,Bachelor,Married,1
100116,26,123243.0,18.0,19189.0,7.32,614.0,60,Rent,Debt_Consolidation,Master,Divorced,0
100117,45,68676.0,30.0,20016.0,14.28,760.0,60,Rent,Home_Improvement,High_School,Single,1
100118,23,57323.0,25.0,23209.0,9.64,705.0,48,Mortgage,Home_Improvement,High_School,Married,1
100119,29,30577.0,22.0,15542.0,9.02,652.0,36,Rent,Home_Improvement,Master,Married,0
100120,34,47962.0,10.0,16626.0,14.14,712.0,36,Rent,Debt_Consolidation,Bachelor,Married,1
100121,52,45856.0,28.0,2000.0,9.64,608.0,60,Rent,Debt_Consolidation,Bachelor,Married,0
100122,31,107897.0,26.0,30840.0,14.57,693.0,72,Rent,Home_Improvement,Bachelor,Married,1
100123,45,,1.0,18266.0,7.92,637.0,36,Rent,Home_Improvement,PhD,Married,0
100124,21,55396.0,11.0,28277.0,14.13,661.0,60,Rent,Debt_Consolidation,High_School,Married,1
100125,47,51584.0,17.0,2000.0,14.81,,60,Own,Education,Bachelor,Divorced,0
100126,53,44848.0,1.0,22310.0,10.78,719.0,60,Mortgage,Debt_Consolidation,Master,Married,0
100127,53,79548.0,22.0,14724.0,12.25,677.0,60,Rent,Medical,Bachelor,Single,0
100128,62,34555.0,3.0,7693.0,10.14,727.0,48,Mortgage,Debt_Consolidation,High_School,Single,0
100129,33,217207.0,27.0,2000.0,12.68,602.0,36,Rent,Medical,Bachelor,Divorced,0
100130,51,61304.0,15.0,19683.0,9.18,705.0,36,Mortgage,Debt_Consolidation,PhD,Single,1
100131,49,48561.0,10.0,11923.0,12.28,710.0,48,Rent,Education,Bachelor,Married,0
100132,61,43368.0,9.0,16939.0,6.87,665.0,60,Rent,Medical,Bachelor,Married,0
100133,42,63345.0,2.0,22398.0,16.98,692.0,60,Rent,Debt_Consolidation,Bachelor,Single,1
100134,44,36269.0,7.0,7869.0,15.14,721.0,60,Rent,Debt_Consolidation,High_School,Married,0
100135,60,88614.0,20.0,27383.0,13.84,689.0,72,Rent,Education,High_School,Married,1
100136,29,32022.0,6.0,25844.0,9.53,693.0,36,Rent,Education,High_School,Single,1
100137,55,70715.0,5.0,22626.0,12.83,786.0,36,Rent,Home_Improvement,Bachelor,Married,1
100138,40,73729.0,16.0,19441.0,4.71,689.0,60,Mortgage,Home_Improvement,Bachelor,Divorced,0
100139,24,46961.0,11.0,20737.0,17.26,630.0,60,Rent,Debt_Consolidation,Bachelor,Single,1
100140,26,67008.0,24.0,7457.0,4.46,768.0,36,Rent,Home_Improvement,Bachelor,Single,0
100141,61,59668.0,6.0,20170.0,12.45,663.0,36,Rent,Debt_Consolidation,Bachelor,Married,0
100142,23,82460.0,13.0,16547.0,12.73,666.0,60,Mortgage,,Bachelor,Divorced,0
100143,51,35245.0,24.0,13904.0,8.44,703.0,60,Own,Medical,Bachelor,Married,0
100144,52,109724.0,28.0,20889.0,13.72,756.0,36,Mortgage,Home_Improvement,Master,Single,0
100145,50,135336.0,20.0,11780.0,4.84,686.0,36,Rent,Debt_Consolidation,Bachelor,Divorced,0
100146,48,24699.0,0.0,15452.0,12.07,648.0,60,Rent,Debt_Consolidation,Bachelor,Single,0
100147,59,48728.0,7.0,20233.0,12.17,672.0,60,Own,Home_Improvement,Bachelor,Divorced,0
100148,33,50177.0,24.0,14925.0,13.95,709.0,48,Own,Medical,Bachelor,Married,1
100149,64,106360.0,13.0,17119.0,8.57,701.0,36,Mortgage,Debt_Consolidation,Bachelor,Single,0
100150,41,29185.0,4.0,11718.0,8.88,700.0,36,Mortgage,Debt_Consolidation,Master,Married,0
100151,26,86428.0,30.0,10496.0,14.67,712.0,72,Rent,Debt_Consolidation,Bachelor,Single,0
100152,50,79931.0,8.0,16765.0,16.5,624.0,36,Rent,Debt_Consolidation,Bachelor,Divorced,1
100153,21,72132.0,5.0,22573.0,15.35,694.0,36,Rent,Medical,High_School,Divorced,1
100154,59,78265.0,8.0,15984.0,9.43,737.0,60,Own,Debt_Consolidation,Bachelor,Single,0
100155,40,40020.0,12.0,13183.0,17.22,695.0,60,Rent,Home_Improvement,Master,Married,1
100156,63,29478.0,9.0,16694.0,9.15,805.0,72,Rent,Debt_Consolidation,High_School,Married,0
100157,28,76423.0,21.0,18061.0,11.32,706.0,60,Mortgage,,Master,Single,0
100158,47,75579.0,27.0,24822.0,11.64,659.0,36,Own,Home_Improvement,Master,Married,0
100159,63,,10.0,13893.0,9.86,689.0,60,Rent,Business,,Married,0
100160,54,83186.0,28.0,15291.0,7.0,757.0,36,Own,Debt_Consolidation,Bachelor,Married,0
100161,62,88929.0,14.0,4320.0,10.17,732.0,48,Rent,Debt_Consolidation,High_School,Single,0
100162,57,28293.0,4.0,9629.0,7.96,656.0,60,Mortgage,Home_Improvement,Master,Married,0
100163,24,103283.0,26.0,19019.0,13.06,584.0,60,Rent,Medical,High_School,Divorced,0
100164,60,50319.0,28.0,9244.0,11.65,659.0,60,Rent,Debt_Consolidation,Bachelor,Married,1
100165,55,47658.0,0.0,19890.0,8.86,672.0,72,Rent,Home_Improvement,Bachelor,Married,1
100166,43,26321.0,22.0,12033.0,6.97,722.0,36,Mortgage,Medical,High_School,Single,1
100167,50,97888.0,25.0,14400.0,9.52,692.0,48,Rent,Debt_Consolidation,Bachelor,Married,0
100168,35,79727.0,2.0,19883.0,7.8,669.0,48,Rent,Medical,High_School,Single,1
100169,44,49745.0,3.0,32390.0,16.42,661.0,36,Own,Debt_Consolidation,Bachelor,Divorced,1
100170,61,55512.0,5.0,17309.0,10.94,734.0,60,Rent,Home_Improvement,PhD,Single,1
100171,62,37046.0,8.0,19659.0,5.32,745.0,36,Mortgage,Debt_Consolidation,High_School,Single,0
100172,29,56483.0,23.0,23122.0,15.36,626.0,60,Rent,Medical,High_School,Single,1
100173,30,20844.0,15.0,2000.0,12.8,682.0,36,Rent,Debt_Consolidation,High_School,Single,0
100174,39,54292.0,25.0,34127.0,7.9,602.0,60,Mortgage,Medical,Bachelor,Single,0
100175,35,83410.0,29.0,24407.0,13.43,599.0,72,Rent,Debt_Consolidation,Bachelor,Married,0
100176,64,49897.0,0.0,22107.0,5.87,675.0,48,Rent,Education,,Single,1
100177,38,54138.0,20.0,3507.0,4.63,677.0,36,Rent,Debt_Consolidation,High_School,Single,0
100178,31,114431.0,26.0,34542.0,9.13,720.0,48,Rent,Debt_Consolidation,Bachelor,Single,1
100179,27,29540.0,30.0,20634.0,11.67,637.0,60,Own,Debt_Consolidation,Bachelor,Single,0
100180,29,57684.0,10.0,17324.0,14.21,710.0,60,Mortgage,Home_Improvement,Bachelor,Single,0
100181,43,102852.0,6.0,18186.0,11.21,586.0,48,Rent,Business,High_School,Married,0
100182,43,97361.0,10.0,18513.0,12.28,683.0,60,Rent,Debt_Consolidation,Master,Married,1
100183,37,119590.0,28.0,25018.0,6.11,639.0,60,Rent,Medical,Bachelor,Married,0
100184,50,45125.0,1.0,11289.0,9.16,702.0,60,Mortgage,Debt_Consolidation,Bachelor,Married,0
100185,40,24805.0,9.0,12591.0,8.84,750.0,60,Mortgage,Home_Improvement,High_School,Single,0
100186,42,93879.0,20.0,16279.0,13.3,752.0,36,Mortgage,Education,Master,Married,0
100187,50,87736.0,29.0,24429.0,7.9,742.0,60,Rent,Home_Improvement,Master,Single,0
100188,54,101284.0,24.0,22634.0,4.26,645.0,60,Own,Education,PhD,Married,0
100189,27,41773.0,23.0,30929.0,7.95,704.0,36,,Education,Bachelor,Divorced,1
100190,54,100236.0,28.0,22699.0,11.71,666.0,60,Rent,Education,Bachelor,Married,1
100191,37,60716.0,20.0,20419.0,12.16,823.0,36,Rent,Debt_Consolidation,Bachelor,Married,0
100192,32,52880.0,7.0,27542.0,13.7,615.0,60,Mortgage,Debt_Consolidation,Bachelor,Married,1
100193,61,161888.0,30.0,6708.0,14.89,602.0,60,Rent,Home_Improvement,Master,Single,0
100194,28,94243.0,6.0,7206.0,8.77,725.0,36,Mortgage,Education,Bachelor,Single,0
100195,51,57787.0,14.0,39773.0,12.67,801.0,60,Mortgage,Home_Improvement,Bachelor,Single,0
100196,30,70854.0,23.0,20117.0,7.29,660.0,36,Rent,Education,Bachelor,Single,0
100197,40,47948.0,4.0,20454.0,12.31,670.0,60,Mortgage,Home_Improvement,Bachelor,Married,1
100198,54,61603.0,6.0,25116.0,15.35,656.0,48,Mortgage,Medical,High_School,Divorced,1
100199,30,78575.0,10.0,23712.0,11.65,736.0,60,Mortgage,Home_Improvement,PhD,Single,0
100200,37,68222.0,9.0,41552.0,4.0,,36,Rent,Home_Improvement,PhD,Single,1
100201,40,96222.0,25.0,31260.0,10.2,698.0,36,Mortgage,Debt_Consolidation,Bachelor,Single,1
100202,35,91665.0,3.0,15657.0,7.02,758.0,48,Rent,Home_Improvement,Master,Single,0
100203,24,70260.0,19.0,11707.0,12.66,638.0,60,Rent,Debt_Consolidation,High_School,Married,0
100204,28,78924.0,11.0,11780.0,16.2,622.0,60,Mortgage,Home_Improvement,Bachelor,Divorced,0
100205,25,57811.0,12.0,19210.0,6.09,655.0,60,Mortgage,Debt_Consolidation,Master,Married,0
100206,23,161034.0,12.0,31731.0,9.69,682.0,48,Rent,Business,Master,Married,1
100207,48,,0.0,15437.0,10.34,749.0,60,Mortgage,Home_Improvement,Master,Married,0
100208,33,49021.0,15.0,17406.0,5.99,729.0,60,Rent,Medical,Bachelor,Married,0
100209,32,53111.0,19.0,11736.0,9.47,674.0,36,Rent,Home_Improvement,High_School,Married,1
100210,41,75098.0,22.0,18205.0,10.93,634.0,36,Rent,Home_Improvement,Bachelor,Single,1
100211,30,82773.0,13.0,14154.0,10.44,702.0,60,Mortgage,Education,Bachelor,Married,0
100212,34,110173.0,24.0,27303.0,10.81,704.0,60,Mortgage,Medical,Bachelor,Married,0
100213,53,92628.0,1.0,2000.0,11.21,642.0,36,Mortgage,Home_Improvement,Master,Single,0
100214,65,70926.0,30.0,5646.0,11.01,610.0,60,Own,Medical,Master,Married,0
100215,48,33461.0,12.0,2000.0,6.79,613.0,36,Mortgage,Debt_Consolidation,Bachelor,Married,0
100216,21,47158.0,19.0,4895.0,11.07,589.0,48,Rent,Debt_Consolidation,High_School,Married,0
100217,44,56636.0,12.0,27566.0,10.02,712.0,60,Mortgage,Medical,Master,Married,1
100218,26,45121.0,7.0,9653.0,9.24,580.0,60,Mortgage,Education,Master,Married,1
100219,52,44424.0,16.0,12099.0,8.63,699.0,48,Rent,Medical,,Single,0
100220,22,38750.0,9.0,41983.0,16.15,761.0,60,Rent,Business,Master,Single,1
100221,30,69229.0,,30302.0,4.98,753.0,60,Rent,Debt_Consolidation,Bachelor,Married,0
100222,42,108423.0,10.0,34379.0,12.31,705.0,48,Rent,Business,Bachelor,Single,1
100223,35,37992.0,16.0,24191.0,13.5,569.0,60,Own,Business,Master,Single,1
100224,46,64177.0,4.0,14676.0,8.11,583.0,60,Rent,Debt_Consolidation,High_School,Married,1
100225,64,38610.0,23.0,9846.0,4.48,657.0,60,Rent,Education,High_School,Married,0
100226,46,89695.0,25.0,2000.0,16.08,668.0,48,Rent,Education,High_School,Divorced,0
100227,21,74985.0,16.0,27450.0,15.51,658.0,60,Mortgage,Business,High_School,Married,1
100228,61,47823.0,23.0,12575.0,4.0,734.0,60,Rent,Debt_Consolidation,Bachelor,Single,0
100229,59,63923.0,26.0,41690.0,9.1,763.0,36,Rent,Education,Bachelor,Divorced,1
100230,50,71529.0,14.0,15944.0,8.94,686.0,48,Mortgage,Debt_Consolidation,High_School,Married,0
100231,57,51224.0,8.0,23916.0,15.31,636.0,60,Own,Business,Bachelor,Married,1
100232,41,21678.0,5.0,24541.0,9.31,740.0,36,Mortgage,Debt_Consolidation,Master,Single,0
100233,28,56325.0,22.0,16294.0,4.43,654.0,60,Rent,Debt_Consolidation,Master,Single,0
100234,41,112402.0,8.0,18033.0,14.15,732.0,60,Mortgage,Debt_Consolidation,Master,Single,0
100235,62,58738.0,11.0,2374.0,14.0,713.0,36,Rent,Medical,Bachelor,Single,0
100236,28,84463.0,28.0,2000.0,8.06,676.0,72,Rent,Home_Improvement,Master,Married,0
100237,60,79949.0,29.0,15780.0,11.35,641.0,36,Rent,Debt_Consolidation,Master,Married,0
100238,60,180631.0,28.0,23421.0,9.7,728.0,36,Mortgage,Education,High_School,Married,0
100239,40,23778.0,6.0,8885.0,11.88,705.0,36,Mortgage,Home_Improvement,Bachelor,Divorced,1
100240,35,80986.0,3.0,13417.0,11.34,682.0,36,Rent,Debt_Consolidation,PhD,Single,0
100241,27,69189.0,21.0,6820.0,13.74,699.0,72,Own,Medical,Bachelor,Single,0
100242,47,56284.0,6.0,19408.0,11.06,673.0,48,Rent,Home_Improvement,High_School,Married,1
100243,26,74179.0,6.0,2183.0,8.35,618.0,48,Mortgage,Medical,Bachelor,Married,0
100244,21,111756.0,10.0,22012.0,4.87,790.0,72,Rent,Debt_Consolidation,High_School,Single,0
100245,30,48401.0,10.0,16351.0,10.55,709.0,36,Rent,Home_Improvement,Bachelor,Married,0
100246,38,154726.0,15.0,2000.0,11.69,666.0,36,Rent,Business,High_School,Married,0
100247,22,71418.0,0.0,12203.0,7.81,661.0,36,Own,Debt_Consolidation,Master,Single,0
100248,46,49771.0,4.0,9243.0,7.26,720.0,60,Mortgage,Home_Improvement,Bachelor,Single,0
100249,35,115282.0,1.0,11940.0,7.8,714.0,36,Mortgage,Debt_Consolidation,High_School,Married,1
100250,58,72705.0,16.0,16667.0,11.63,622.0,36,Mortgage,Debt_Consolidation,Master,Married,0
100251,42,54280.0,27.0,15400.0,4.92,680.0,48,Rent,Debt_Consolidation,Bachelor,Divorced,0
100252,61,83621.0,12.0,4346.0,13.81,716.0,60,Rent,Business,Bachelor,Married,0
100253,55,70308.0,29.0,25131.0,4.13,626.0,36,Rent,Home_Improvement,Bachelor,Married,1
100254,28,52392.0,1.0,15111.0,14.04,689.0,60,Rent,Debt_Consolidation,PhD,Married,0
100255,35,37917.0,28.0,14769.0,16.91,792.0,36,Mortgage,Education,High_School,Married,0
100256,58,57616.0,6.0,9187.0,9.4,698.0,36,Rent,Debt_Consolidation,Bachelor,Married,0
100257,45,65753.0,0.0,16493.0,4.23,705.0,48,Rent,Business,High_School,Married,1
100258,31,59729.0,23.0,32711.0,16.67,712.0,60,Mortgage,Debt_Consolidation,Bachelor,Single,1
100259,65,116699.0,11.0,29941.0,13.34,658.0,72,Rent,Education,Bachelor,Single,1
100260,36,57468.0,11.0,16253.0,5.64,818.0,60,Rent,Business,High_School,Single,0
100261,28,34908.0,4.0,33633.0,10.16,606.0,60,Mortgage,Debt_Consolidation,High_School,Single,0
100262,64,31445.0,4.0,12000.0,13.35,778.0,48,Rent,Home_Improvement,Master,Married,0
100263,22,59124.0,1.0,8835.0,9.6,708.0,36,Own,Debt_Consolidation,Bachelor,Single,0
100264,32,40329.0,6.0,27902.0,12.53,631.0,72,Rent,Debt_Consolidation,Bachelor,Single,1
100265,65,71492.0,6.0,12302.0,,683.0,48,Mortgage,Business,High_School,Married,0
100266,40,105570.0,24.0,6635.0,11.83,610.0,60,,Home_Improvement,Bachelor,Single,0
100267,56,63715.0,27.0,21476.0,13.22,638.0,36,Own,Debt_Consolidation,,Divorced,1
100268,46,61112.0,11.0,10150.0,10.38,668.0,48,Rent,Business,High_School,Single,0
100269,27,35460.0,23.0,11141.0,13.56,628.0,60,Mortgage,Home_Improvement,Master,Single,0
100270,35,40590.0,13.0,15244.0,,680.0,72,Own,Debt_Consolidation,Bachelor,Single,0
100271,64,47998.0,20.0,22311.0,9.85,707.0,36,Rent,Debt_Consolidation,High_School,Married,1
100272,45,52964.0,1.0,21424.0,14.15,719.0,60,Rent,Education,High_School,Single,1
100273,26,66047.0,28.0,33615.0,13.36,623.0,60,Mortgage,Education,High_School,Married,1
100274,25,66254.0,29.0,5247.0,11.81,617.0,36,Rent,Home_Improvement,High_School,Married,0
100275,58,56493.0,25.0,10527.0,13.1,685.0,36,Own,Business,Master,Single,0
100276,61,44512.0,3.0,31583.0,6.2,727.0,36,Rent,,Master,Married,1
100277,57,72567.0,22.0,29432.0,9.15,811.0,36,Mortgage,Debt_Consolidation,High_School,Single,0
100278,60,75293.0,8.0,14430.0,10.24,615.0,60,Mortgage,Debt_Consolidation,Master,Married,0
100279,41,68529.0,28.0,26904.0,6.88,638.0,36,Rent,Home_Improvement,Master,Single,0
100280,34,69822.0,0.0,17310.0,11.44,744.0,36,Rent,Medical,Bachelor,Divorced,0
100281,34,70830.0,21.0,15559.0,4.0,673.0,48,Rent,Debt_Consolidation,Master,Single,0
100282,58,87226.0,21.0,10353.0,10.38,815.0,60,Rent,Home_Improvement,Master,Married,0
100283,62,66698.0,21.0,11064.0,11.12,693.0,48,Mortgage,Business,High_School,Married,0
100284,43,101316.0,2.0,19405.0,8.36,753.0,36,Mortgage,,Master,Married,0
100285,47,59198.0,16.0,35062.0,13.49,691.0,72,,Debt_Consolidation,PhD,Single,0
100286,21,71326.0,12.0,11211.0,12.48,742.0,36,Rent,Business,Master,Single,0
100287,32,45482.0,11.0,6026.0,12.17,821.0,60,Own,Business,Master,Divorced,1
100288,38,49094.0,0.0,22903.0,6.76,767.0,48,Rent,Debt_Consolidation,Bachelor,Married,0
100289,27,32657.0,10.0,5239.0,10.61,694.0,36,Rent,Education,Bachelor,Single,0
100290,57,94567.0,11.0,23286.0,4.44,606.0,60,Own,Debt_Consolidation,Bachelor,Divorced,0
100291,53,,15.0,9624.0,11.71,723.0,60,Own,Education,Bachelor,Divorced,0
100292,41,75217.0,21.0,16503.0,14.41,774.0,72,Rent,Education,Bachelor,Married,0
100293,63,92981.0,7.0,9722.0,9.4,658.0,36,Rent,Debt_Consolidation,Master,Married,0
100294,61,52717.0,21.0,20469.0,9.12,580.0,60,Mortgage,Education,Bachelor,Married,1
100295,32,49000.0,9.0,3493.0,11.97,825.0,60,Own,Business,Master,Married,0
100296,54,59421.0,11.0,7600.0,10.07,745.0,60,Rent,Medical,Master,Married,1
100297,40,54238.0,7.0,25024.0,12.87,632.0,60,Mortgage,Home_Improvement,High_School,Single,0
100298,25,137302.0,18.0,11530.0,7.92,767.0,36,Mortgage,Business,Bachelor,Single,0
100299,41,213062.0,30.0,11885.0,8.9,670.0,36,Mortgage,Debt_Consolidation,PhD,Married,0
100300,38,58541.0,21.0,23431.0,8.17,664.0,60,Mortgage,Medical,,Single,0
100301,52,,24.0,31516.0,10.13,727.0,72,Mortgage,Home_Improvement,Master,Single,1
100302,33,106070.0,12.0,13703.0,9.93,766.0,60,Mortgage,Debt_Consolidation,Bachelor,Married,0
100303,25,70385.0,13.0,22496.0,10.82,727.0,36,Own,Home_Improvement,Bachelor,Single,0
100304,34,86079.0,21.0,19536.0,12.16,694.0,60,Rent,Home_Improvement,Master,Single,0
100305,52,66295.0,25.0,7848.0,9.39,692.0,72,,Debt_Consolidation,Master,Divorced,0
100306,48,92070.0,0.0,27873.0,4.0,701.0,36,Rent,Medical,Master,Single,0
100307,42,66884.0,29.0,28366.0,6.27,684.0,60,Rent,Home_Improvement,Master,Married,0
100308,37,121386.0,20.0,14887.0,6.04,636.0,36,Rent,Home_Improvement,Master,Married,0
100309,56,112162.0,30.0,14357.0,9.22,620.0,72,Rent,Home_Improvement,High_School,Married,0
100310,24,68206.0,25.0,8322.0,8.59,784.0,48,Rent,Business,High_School,Single,0
100311,41,89004.0,29.0,16999.0,12.49,766.0,48,Rent,Business,High_School,Single,0
100312,31,49100.0,,13227.0,10.95,697.0,60,Rent,Business,Bachelor,Divorced,0
100313,58,80710.0,6.0,2000.0,11.56,790.0,36,Mortgage,Debt_Consolidation,Bachelor,Married,0
100314,57,35378.0,25.0,14566.0,14.32,760.0,60,Rent,Debt_Consolidation,High_School,Single,1
100315,40,66886.0,18.0,26173.0,4.7,677.0,72,Mortgage,Business,Master,Single,0
100316,52,42305.0,1.0,18314.0,12.21,768.0,36,Rent,Education,Bachelor,Married,1
100317,65,72643.0,11.0,11901.0,9.96,645.0,60,Rent,Debt_Consolidation,High_School,Married,1
100318,40,55811.0,14.0,8239.0,15.85,705.0,36,Rent,Business,Bachelor,Married,0
100319,36,49596.0,10.0,24755.0,14.1,736.0,72,Mortgage,Business,Bachelor,Married,1
100320,36,63628.0,11.0,19137.0,11.82,592.0,60,Rent,Debt_Consolidation,High_School,Married,0
100321,30,124599.0,1.0,23892.0,12.06,742.0,36,Mortgage,Education,PhD,Divorced,1
100322,45,26762.0,6.0,19020.0,9.36,730.0,72,Mortgage,Debt_Consolidation,Bachelor,Married,1
100323,36,66233.0,26.0,28815.0,13.11,651.0,48,Rent,Home_Improvement,Bachelor,Single,1
100324,35,49951.0,17.0,24167.0,8.8,702.0,72,Rent,Debt_Consolidation,High_School,Married,0
100325,44,166333.0,18.0,15056.0,10.88,660.0,36,Rent,Education,High_School,Married,0
100326,65,58334.0,16.0,6505.0,6.93,775.0,60,Mortgage,Medical,Master,Single,0
100327,28,45971.0,26.0,14376.0,13.13,637.0,60,Mortgage,Business,Master,Married,1
100328,58,48044.0,12.0,23489.0,15.04,688.0,36,Own,Debt_Consolidation,Master,Single,1
100329,36,70148.0,,15393.0,13.33,620.0,36,Rent,Debt_Consolidation,Bachelor,Married,1
100330,24,32246.0,10.0,2322.0,4.0,717.0,36,Rent,Debt_Consolidation,PhD,Married,0
100331,48,57905.0,10.0,30430.0,7.68,718.0,60,Rent,Home_Improvement,Master,Married,0
100332,53,50932.0,15.0,2963.0,13.08,635.0,60,Mortgage,Medical,High_School,Single,0
100333,43,44636.0,6.0,16573.0,7.72,741.0,48,Own,Debt_Consolidation,High_School,Single,0
100334,40,95836.0,2.0,36671.0,9.93,630.0,36,Rent,Medical,Bachelor,Single,1
100335,23,126744.0,29.0,7875.0,12.01,679.0,72,Mortgage,Medical,Bachelor,Married,0
100336,23,93824.0,9.0,2113.0,12.11,672.0,36,Rent,Business,Bachelor,Married,0
100337,36,67195.0,6.0,6741.0,11.97,684.0,48,Mortgage,Debt_Consolidation,Bachelor,Single,0
100338,65,40076.0,5.0,34255.0,13.14,700.0,36,Mortgage,Debt_Consolidation,High_School,Single,1
100339,49,29812.0,2.0,2000.0,10.55,558.0,60,Rent,Medical,Bachelor,Married,1
100340,35,104021.0,6.0,25771.0,9.27,760.0,60,Rent,Business,Master,Single,0
100341,28,93994.0,30.0,16949.0,8.79,629.0,60,Rent,Debt_Consolidation,Master,Single,0
100342,36,82134.0,1.0,17346.0,10.31,699.0,60,Rent,Debt_Consolidation,Bachelor,Single,1
100343,46,78665.0,20.0,6915.0,6.95,,60,Own,Debt_Consolidation,High_School,Single,0
100344,38,88273.0,8.0,20976.0,11.97,746.0,36,Mortgage,Debt_Consolidation,Bachelor,Divorced,1
100345,24,79915.0,6.0,17592.0,8.03,656.0,36,Own,Debt_Consolidation,Bachelor,Single,0
100346,55,34001.0,6.0,17122.0,6.98,808.0,60,Mortgage,Debt_Consolidation,Master,Single,1
100347,31,38273.0,27.0,24497.0,13.33,706.0,72,Rent,Debt_Consolidation,Bachelor,Married,1
100348,24,73375.0,2.0,13692.0,11.11,590.0,60,Mortgage,Home_Improvement,PhD,Married,0
100349,31,33960.0,0.0,35516.0,11.44,673.0,60,Mortgage,Debt_Consolidation,PhD,Single,0
100350,31,34096.0,0.0,24617.0,15.58,641.0,48,Rent,Medical,PhD,Married,1
100351,55,39272.0,19.0,15297.0,6.13,778.0,48,Rent,Debt_Consolidation,PhD,Divorced,0
100352,22,72255.0,11.0,21781.0,5.16,656.0,36,Mortgage,Debt_Consolidation,,Single,0
100353,38,146013.0,7.0,31760.0,11.85,661.0,60,Mortgage,Business,Bachelor,Single,1
100354,60,120895.0,5.0,5724.0,10.46,699.0,60,Rent,Debt_Consolidation,High_School,Married,0
100355,24,109139.0,27.0,12359.0,7.12,706.0,36,Rent,Education,High_School,Single,0
100356,43,74869.0,2.0,19532.0,13.65,721.0,36,Own,Business,Master,Married,1
100357,65,55762.0,13.0,20376.0,12.5,740.0,72,Rent,Debt_Consolidation,Bachelor,Single,1
100358,50,59765.0,6.0,14177.0,11.9,690.0,48,Mortgage,Debt_Consolidation,Master,Married,0
100359,31,57159.0,28.0,14647.0,12.5,638.0,36,Own,Home_Improvement,Bachelor,Married,0
100360,27,98879.0,14.0,26314.0,17.04,,60,Mortgage,Debt_Consolidation,Bachelor,Married,1
100361,28,166618.0,25.0,16313.0,11.51,675.0,72,Rent,Business,High_School,Married,1
100362,36,50397.0,9.0,16706.0,10.62,629.0,36,Mortgage,Debt_Consolidation,Bachelor,Married,0
100363,32,70341.0,0.0,20325.0,5.12,620.0,36,Own,Debt_Consolidation,Bachelor,Married,0
100364,45,72584.0,17.0,3571.0,7.48,652.0,36,Rent,Debt_Consolidation,Bachelor,Single,0
100365,53,47587.0,1.0,5364.0,8.05,712.0,60,Own,Business,Bachelor,Single,0
100366,41,35952.0,18.0,28778.0,11.88,779.0,60,Mortgage,Debt_Consolidation,High_School,Single,0
100367,32,51078.0,24.0,32747.0,6.07,691.0,36,Mortgage,Medical,Bachelor,Divorced,0
100368,42,26733.0,16.0,5230.0,11.18,651.0,72,Rent,Debt_Consolidation,Bachelor,Divorced,1
100369,34,108882.0,3.0,12913.0,8.27,776.0,36,Mortgage,Home_Improvement,Master,Single,0
100370,59,35904.0,0.0,17263.0,12.11,663.0,72,Own,Debt_Consolidation,Bachelor,Divorced,1
100371,59,36788.0,24.0,4721.0,9.92,671.0,36,Rent,Debt_Consolidation,Bachelor,Single,0
100372,27,88220.0,11.0,9282.0,6.32,667.0,36,Rent,Debt_Consolidation,Bachelor,Married,0
100373,31,41365.0,15.0,20047.0,6.93,819.0,60,Mortgage,Debt_Consolidation,Bachelor,Single,0
100374,43,41647.0,3.0,23983.0,6.1,705.0,48,Rent,Debt_Consolidation,Master,Married,0
100375,56,65265.0,17.0,16803.0,6.16,611.0,60,Mortgage,Education,PhD,Married,1
100376,32,50589.0,14.0,2000.0,12.22,633.0,60,Rent,Home_Improvement,High_School,Single,0
100377,45,67806.0,10.0,20514.0,8.16,735.0,36,Mortgage,Debt_Consolidation,Master,Divorced,0
100378,30,60413.0,1.0,38736.0,12.33,720.0,48,Mortgage,Debt_Consolidation,Master,Single,1
100379,46,115690.0,7.0,7062.0,7.66,717.0,48,Rent,Home_Improvement,Master,Divorced,0
100380,40,89085.0,6.0,18373.0,13.06,793.0,36,Own,Education,High_School,Married,1
100381,27,54982.0,12.0,9252.0,12.2,742.0,48,Rent,Home_Improvement,High_School,Married,0
100382,46,37547.0,8.0,26379.0,14.98,704.0,60,Rent,Debt_Consolidation,Bachelor,Married,1
100383,38,105596.0,13.0,17772.0,10.69,695.0,60,Mortgage,Home_Improvement,High_School,Married,0
100384,61,112645.0,18.0,17007.0,12.92,703.0,36,Rent,Education,Master,Divorced,0
100385,47,49575.0,8.0,28813.0,9.74,754.0,48,Mortgage,Debt_Consolidation,Bachelor,Married,0
100386,37,60366.0,22.0,9629.0,12.7,642.0,48,Own,Medical,PhD,Single,1
100387,35,68073.0,12.0,22849.0,9.19,699.0,60,Rent,Debt_Consolidation,Master,Single,1
100388,54,32222.0,6.0,16728.0,7.35,647.0,72,Mortgage,Debt_Consolidation,High_School,Single,0
100389,46,91482.0,26.0,14207.0,11.44,660.0,36,Rent,Home_Improvement,Master,Single,0
100390,46,52803.0,21.0,13124.0,8.31,690.0,60,Rent,Home_Improvement,Master,Divorced,0
100391,64,133908.0,10.0,31232.0,14.94,680.0,36,Own,Debt_Consolidation,Master,Divorced,1
100392,26,91424.0,4.0,8968.0,10.86,699.0,60,Rent,Home_Improvement,High_School,Single,0
100393,45,31839.0,26.0,13966.0,11.33,617.0,48,,Debt_Consolidation,Bachelor,Married,0
100394,29,43291.0,6.0,30032.0,9.39,734.0,60,Rent,Education,High_School,Single,1
100395,34,147828.0,22.0,23749.0,14.68,627.0,36,Mortgage,Medical,Bachelor,Single,0
100396,59,50964.0,12.0,17645.0,12.88,692.0,60,Rent,Home_Improvement,PhD,Single,1
100397,64,47776.0,28.0,20201.0,10.43,754.0,36,Own,Debt_Consolidation,High_School,Married,0
100398,61,60658.0,10.0,31110.0,12.42,687.0,36,Own,Medical,Master,Married,1
100399,26,85040.0,24.0,11321.0,9.56,710.0,60,Mortgage,Debt_Consolidation,Bachelor,Single,0
100400,53,99873.0,13.0,17340.0,11.91,771.0,60,Mortgage,Debt_Consolidation,Bachelor,Single,0
100401,38,56863.0,20.0,5418.0,12.18,713.0,36,Rent,Debt_Consolidation,Bachelor,Divorced,0
100402,33,30833.0,25.0,3859.0,9.31,618.0,36,Mortgage,Debt_Consolidation,Bachelor,Married,0
100403,55,86696.0,5.0,22445.0,9.71,652.0,36,Mortgage,Home_Improvement,Master,Married,0
100404,44,105685.0,7.0,12247.0,4.0,603.0,72,Mortgage,Debt_Consolidation,Bachelor,Single,0
100405,62,19699.0,15.0,33986.0,10.81,757.0,48,Mortgage,Debt_Consolidation,Bachelor,Married,1
100406,28,90894.0,15.0,15077.0,12.36,686.0,48,Rent,Home_Improvement,Master,Single,0
100407,36,72025.0,12.0,5968.0,8.01,740.0,60,Rent,Debt_Consolidation,Master,Married,0
100408,33,73665.0,2.0,11058.0,10.57,662.0,60,Rent,Education,Master,Married,0
100409,39,43334.0,1.0,18194.0,13.98,657.0,36,Rent,Medical,Bachelor,Married,1
100410,51,52655.0,7.0,32099.0,9.02,758.0,36,Rent,Debt_Consolidation,Master,Married,1
100411,24,78656.0,22.0,16349.0,11.98,591.0,72,Rent,Home_Improvement,Master,Married,1
100412,21,39581.0,24.0,34280.0,11.7,698.0,60,Own,Debt_Consolidation,Bachelor,Single,1
100413,52,65849.0,10.0,10559.0,15.11,713.0,60,Mortgage,Debt_Consolidation,Master,Divorced,0
100414,59,58210.0,28.0,28606.0,6.29,665.0,60,Mortgage,Business,Bachelor,Married,0
100415,45,61194.0,22.0,8030.0,5.56,728.0,48,Mortgage,Home_Improvement,High_School,Married,0
100416,33,60550.0,2.0,28074.0,12.98,633.0,36,Rent,Medical,Bachelor,Single,1
100417,43,58691.0,14.0,6991.0,9.14,760.0,72,Mortgage,Debt_Consolidation,Bachelor,Single,0
100418,53,71916.0,16.0,34026.0,7.26,672.0,60,Own,Education,Bachelor,Single,0
100419,29,67567.0,3.0,25253.0,10.36,632.0,60,Rent,Debt_Consolidation,Master,Single,1
100420,55,32058.0,4.0,16340.0,16.49,655.0,72,Own,Home_Improvement,High_School,Married,1
100421,38,60768.0,24.0,18077.0,9.0,731.0,36,Rent,Debt_Consolidation,High_School,Married,0
100422,52,90652.0,2.0,6345.0,10.08,673.0,36,Rent,Debt_Consolidation,Bachelor,Divorced,0
100423,31,89989.0,18.0,3563.0,16.19,710.0,60,Mortgage,Home_Improvement,Master,Married,0
100424,36,105744.0,7.0,10339.0,7.17,727.0,36,Rent,Home_Improvement,High_School,Single,0
100425,64,36118.0,25.0,8029.0,19.53,711.0,36,Own,Debt_Consolidation,High_School,Married,0
100426,40,49684.0,8.0,34070.0,8.57,684.0,48,Own,Home_Improvement,High_School,Single,1
100427,46,56547.0,4.0,27058.0,7.19,679.0,36,Own,Debt_Consolidation,Master,Single,0
100428,35,89663.0,3.0,5688.0,15.24,680.0,36,Mortgage,Debt_Consolidation,Bachelor,Married,0
100429,58,105944.0,25.0,24984.0,13.96,763.0,72,Mortgage,Debt_Consolidation,Bachelor,Divorced,1
100430,34,88520.0,21.0,25800.0,8.81,655.0,60,Rent,Debt_Consolidation,Bachelor,Single,0
100431,63,17740.0,4.0,5415.0,10.39,716.0,60,Rent,Debt_Consolidation,Master,Married,0
100432,36,140535.0,8.0,15602.0,10.23,711.0,36,Mortgage,Home_Improvement,Bachelor,Married,0
100433,42,72311.0,10.0,29006.0,5.2,672.0,48,Rent,Education,Master,Single,1
100434,54,33861.0,26.0,28180.0,12.02,676.0,60,Own,Business,High_School,Single,1
100435,59,38973.0,28.0,27423.0,9.51,656.0,36,Rent,Debt_Consolidation,Bachelor,Married,0
100436,51,41005.0,2.0,22027.0,,666.0,36,Rent,Home_Improvement,Master,Single,0
100437,44,94039.0,26.0,11202.0,7.6,639.0,60,Mortgage,Home_Improvement,Master,Single,0
100438,65,44014.0,5.0,9405.0,14.32,689.0,60,Mortgage,Medical,High_School,Married,0
100439,52,46117.0,1.0,12879.0,11.94,694.0,36,Rent,Education,Bachelor,Married,0
100440,41,37951.0,12.0,8034.0,16.65,737.0,36,Rent,Debt_Consolidation,Bachelor,Divorced,1
100441,46,61755.0,30.0,14925.0,8.16,685.0,72,Rent,Home_Improvement,Master,Married,1
100442,47,71922.0,15.0,19051.0,11.1,619.0,60,Rent,Business,High_School,Single,0
100443,25,113702.0,6.0,10431.0,12.54,723.0,36,Rent,Debt_Consolidation,Master,Married,0
100444,37,97629.0,30.0,17943.0,6.94,780.0,60,Rent,Debt_Consolidation,Bachelor,Single,0
100445,32,94606.0,2.0,24719.0,16.81,769.0,60,Mortgage,Medical,PhD,Single,0
100446,36,62385.0,16.0,15422.0,7.87,746.0,60,Own,Education,High_School,Single,1
100447,61,92060.0,0.0,17937.0,4.0,797.0,36,Mortgage,Education,High_School,Single,1
100448,36,68109.0,3.0,16009.0,14.12,780.0,72,Rent,Debt_Consolidation,Bachelor,Single,1
100449,31,76525.0,2.0,8131.0,9.34,768.0,72,Rent,Education,Bachelor,Married,0
100450,46,109339.0,13.0,21028.0,9.23,578.0,60,Rent,Home_Improvement,High_School,Married,0
100451,39,107699.0,19.0,37420.0,9.8,748.0,48,Mortgage,Debt_Consolidation,Master,Single,1
100452,33,89036.0,4.0,21716.0,9.45,685.0,72,Mortgage,Debt_Consolidation,PhD,Divorced,0
100453,61,80155.0,4.0,12087.0,12.12,787.0,36,Mortgage,Debt_Consolidation,High_School,Married,0
100454,34,97254.0,7.0,23221.0,12.71,750.0,60,Rent,Home_Improvement,High_School,Married,1
100455,64,50652.0,19.0,9310.0,10.67,717.0,48,Rent,Home_Improvement,High_School,Single,0
100456,60,110885.0,17.0,16126.0,9.06,631.0,36,Rent,Home_Improvement,High_School,Divorced,0
100457,38,51241.0,25.0,16308.0,10.33,736.0,60,Own,Debt_Consolidation,Master,Divorced,0
100458,46,34657.0,13.0,24817.0,11.06,622.0,36,Mortgage,Business,High_School,Married,1
100459,50,118774.0,1.0,26794.0,10.83,604.0,60,Own,Debt_Consolidation,Bachelor,Married,1
100460,49,90247.0,5.0,28678.0,12.87,693.0,36,Mortgage,Medical,Master,Married,1
100461,35,27723.0,11.0,27848.0,5.08,625.0,36,Rent,Debt_Consolidation,PhD,Married,1
100462,61,51684.0,20.0,4061.0,6.85,633.0,36,Rent,Business,High_School,Single,0
100463,59,72040.0,24.0,26051.0,11.25,593.0,60,Rent,Debt_Consolidation,PhD,Married,1
100464,40,52371.0,5.0,29521.0,10.66,693.0,48,Rent,Debt_Consolidation,Bachelor,Married,1
100465,62,36006.0,0.0,21005.0,15.78,632.0,48,Mortgage,Debt_Consolidation,High_School,Married,1
100466,47,73315.0,1.0,4177.0,9.22,682.0,36,Rent,Debt_Consolidation,Bachelor,Married,0
100467,63,113506.0,13.0,27589.0,13.64,656.0,60,Rent,Debt_Consolidation,High_School,Single,0
100468,48,61880.0,18.0,5839.0,4.0,681.0,60,Rent,Debt_Consolidation,High_School,Single,0
100469,24,81219.0,,23889.0,9.23,713.0,36,Rent,Debt_Consolidation,High_School,Single,0
100470,56,63344.0,0.0,25144.0,5.49,789.0,60,Rent,Home_Improvement,Bachelor,Divorced,0
100471,40,72256.0,0.0,5810.0,14.48,629.0,36,Rent,Medical,Bachelor,Single,0
100472,31,103198.0,28.0,13990.0,10.05,698.0,60,Rent,Debt_Consolidation,Bachelor,Single,1
100473,38,61939.0,1.0,15171.0,15.63,671.0,60,Mortgage,Medical,Bachelor,Divorced,0
100474,50,92076.0,4.0,28255.0,13.15,717.0,60,Mortgage,Debt_Consolidation,Bachelor,Single,1
100475,28,85370.0,17.0,24552.0,5.57,735.0,72,Mortgage,Home_Improvement,Bachelor,Single,0
100476,29,89436.0,13.0,30585.0,12.25,643.0,48,Mortgage,Debt_Consolidation,Bachelor,Single,1
100477,62,141960.0,8.0,26051.0,8.56,626.0,60,Mortgage,Medical,Bachelor,Divorced,0
100478,31,108161.0,4.0,24027.0,14.82,711.0,36,Rent,Education,Bachelor,Married,1
100479,32,91574.0,2.0,2000.0,5.96,726.0,36,Rent,Debt_Consolidation,Bachelor,Single,0
100480,23,33289.0,0.0,15351.0,11.89,745.0,60,Rent,Home_Improvement,High_School,Married,0
100481,64,64750.0,4.0,2000.0,7.09,641.0,48,Rent,Debt_Consolidation,High_School,Single,0
100482,37,86530.0,28.0,14519.0,5.09,711.0,60,Own,Debt_Consolidation,Bachelor,Single,0
100483,25,141239.0,23.0,35165.0,7.16,700.0,48,Rent,Home_Improvement,High_School,Single,0
100484,39,78161.0,4.0,12893.0,9.81,670.0,36,Mortgage,Debt_Consolidation,Bachelor,Single,0
100485,54,80333.0,10.0,24820.0,9.56,685.0,60,Mortgage,Education,Master,Single,0
100486,23,37401.0,0.0,22015.0,11.38,634.0,48,Rent,Debt_Consolidation,High_School,Married,0
100487,59,38050.0,23.0,19419.0,4.17,673.0,36,Rent,Education,High_School,Married,0
100488,31,121814.0,4.0,18284.0,11.82,679.0,60,Rent,Debt_Consolidation,Bachelor,Divorced,0
100489,50,65364.0,2.0,20263.0,14.35,706.0,60,Rent,Medical,Master,Married,1
100490,34,72575.0,1.0,26448.0,11.59,760.0,36,Rent,Education,Master,Single,1
100491,49,73189.0,2.0,11865.0,12.73,710.0,60,Rent,Debt_Consolidation,High_School,Married,1
100492,23,59655.0,9.0,32696.0,18.63,726.0,72,Mortgage,Home_Improvement,Bachelor,Married,1
100493,36,62952.0,27.0,2000.0,9.71,685.0,36,Rent,Education,Bachelor,Married,1
100494,26,49230.0,23.0,27150.0,6.62,720.0,36,Rent,Debt_Consolidation,High_School,Married,0
100495,26,63175.0,0.0,22619.0,15.93,719.0,60,Own,Home_Improvement,High_School,Single,1
100496,24,87301.0,4.0,13329.0,7.48,695.0,48,Rent,Home_Improvement,High_School,Single,0
100497,33,64381.0,15.0,23480.0,13.14,792.0,36,Mortgage,Home_Improvement,Bachelor,Married,1
100498,23,140842.0,12.0,16570.0,10.7,722.0,36,Mortgage,Education,High_School,Married,0
100499,28,128113.0,2.0,10619.0,11.93,652.0,36,Rent,Debt_Consolidation,Bachelor,Single,0
100500,31,100265.0,0.0,14125.0,7.13,642.0,60,Rent,Debt_Consolidation,Bachelor,Single,0
100501,44,47363.0,30.0,9158.0,15.26,623.0,48,Rent,Home_Improvement,Bachelor,Married,1
100502,34,59225.0,8.0,29021.0,8.46,729.0,60,Mortgage,Medical,Bachelor,Married,1
100503,58,55466.0,18.0,7820.0,10.47,636.0,72,Mortgage,Debt_Consolidation,PhD,Married,0
100504,61,,14.0,2000.0,11.5,709.0,36,Mortgage,Business,Master,Married,1
100505,46,74475.0,11.0,17191.0,12.91,618.0,60,Mortgage,Education,Bachelor,Married,1
100506,40,55964.0,20.0,18908.0,13.48,661.0,48,Mortgage,Debt_Consolidation,High_School,Divorced,0
100507,56,121237.0,26.0,18133.0,13.27,674.0,60,Mortgage,Home_Improvement,Bachelor,Divorced,0
100508,53,41823.0,8.0,15099.0,11.9,730.0,36,Own,Home_Improvement,Bachelor,Married,0
100509,53,65019.0,5.0,12533.0,12.18,631.0,60,Mortgage,Debt_Consolidation,Bachelor,Single,1
100510,43,59666.0,0.0,6184.0,11.82,769.0,60,Rent,Debt_Consolidation,PhD,Married,0
100511,57,42735.0,4.0,23698.0,10.84,,60,Mortgage,Debt_Consolidation,Bachelor,Single,1
100512,50,83958.0,,9623.0,9.69,712.0,36,Mortgage,Business,Master,Divorced,0
100513,27,57273.0,2.0,18064.0,9.41,697.0,60,Rent,Education,Bachelor,Single,1
100514,51,78735.0,30.0,15583.0,10.31,786.0,60,Mortgage,Home_Improvement,Bachelor,Married,0
100515,32,49869.0,19.0,22077.0,7.37,719.0,60,Rent,Debt_Consolidation,Bachelor,Single,0
100516,25,117905.0,30.0,7769.0,11.37,615.0,60,Own,Business,PhD,Married,0
100517,26,103986.0,3.0,22940.0,8.02,703.0,48,Rent,Home_Improvement,Bachelor,Married,1
100518,64,52618.0,23.0,17218.0,12.08,607.0,60,Rent,Education,High_School,Single,0
100519,30,56716.0,1.0,33873.0,7.71,685.0,36,Mortgage,Medical,Bachelor,Single,1
100520,59,67544.0,0.0,19426.0,12.34,729.0,72,Rent,Business,Bachelor,Married,1
100521,35,71313.0,13.0,15832.0,8.91,646.0,36,Rent,Home_Improvement,Bachelor,Married,1
100522,38,29724.0,20.0,23736.0,12.44,715.0,72,Mortgage,Home_Improvement,Bachelor,Divorced,1
100523,59,82294.0,23.0,25102.0,9.33,651.0,36,Rent,Debt_Consolidation,High_School,Married,0
100524,33,62567.0,21.0,9170.0,5.21,681.0,48,Rent,Business,PhD,Single,0
100525,39,61041.0,16.0,2000.0,8.35,687.0,60,Mortgage,Home_Improvement,PhD,Married,0
100526,34,120441.0,26.0,2000.0,7.78,759.0,48,Rent,Debt_Consolidation,Master,Single,0
100527,56,47961.0,0.0,28437.0,13.9,687.0,60,Rent,Business,Bachelor,Single,1
100528,63,49764.0,29.0,6511.0,7.8,722.0,36,Rent,Debt_Consolidation,Bachelor,Single,0
100529,57,93048.0,16.0,11449.0,,684.0,36,Mortgage,Education,Master,Married,0
100530,24,39674.0,0.0,7404.0,8.64,642.0,60,Own,Debt_Consolidation,High_School,Single,0
100531,45,47538.0,2.0,29485.0,5.14,581.0,36,Mortgage,Debt_Consolidation,Bachelor,Single,1
100532,61,44232.0,24.0,4659.0,12.48,705.0,36,Own,Debt_Consolidation,Bachelor,Single,0
100533,35,53516.0,15.0,17492.0,13.9,657.0,48,Mortgage,Home_Improvement,PhD,Married,0
100534,28,34429.0,21.0,3427.0,12.35,769.0,60,Mortgage,Home_Improvement,Bachelor,Married,0
100535,33,73612.0,22.0,15283.0,12.16,795.0,60,Mortgage,Debt_Consolidation,High_School,Married,0
100536,55,66928.0,19.0,25912.0,15.48,674.0,36,Rent,Debt_Consolidation,Bachelor,Married,1
100537,35,21358.0,10.0,26494.0,15.85,684.0,60,Mortgage,Debt_Consolidation,PhD,Married,0
100538,47,35923.0,25.0,9996.0,9.44,671.0,60,Mortgage,Medical,Bachelor,Married,0
100539,65,47615.0,29.0,13902.0,11.73,713.0,36,Own,Debt_Consolidation,Master,Divorced,0
100540,47,77269.0,28.0,14358.0,11.65,724.0,72,Rent,Debt_Consolidation,High_School,Single,0
100541,25,154558.0,14.0,20189.0,10.71,660.0,36,Mortgage,,Master,Married,1
100542,59,84608.0,22.0,19185.0,16.55,639.0,48,Rent,Business,PhD,Single,1
100543,47,41263.0,26.0,22687.0,12.57,717.0,60,Mortgage,Debt_Consolidation,Bachelor,Married,0
100544,53,29909.0,27.0,19305.0,8.87,680.0,36,Rent,Debt_Consolidation,Master,Married,0
100545,47,84659.0,5.0,9762.0,15.3,711.0,36,Rent,Home_Improvement,High_School,Divorced,0
100546,46,49496.0,1.0,8054.0,9.12,713.0,72,Rent,Education,Bachelor,Single,0
100547,29,75095.0,6.0,32012.0,8.9,621.0,36,Rent,Home_Improvement,Bachelor,Married,1
100548,39,101244.0,7.0,21326.0,14.62,708.0,72,Rent,Home_Improvement,Bachelor,Married,0
100549,51,41994.0,17.0,17454.0,12.89,655.0,48,Mortgage,Medical,,Married,1
100550,47,33666.0,10.0,28150.0,8.22,642.0,48,Rent,Education,PhD,Married,1
100551,42,69351.0,24.0,9277.0,8.9,672.0,60,Own,Business,Master,Married,0
100552,59,52092.0,18.0,27397.0,11.55,655.0,60,Mortgage,Medical,Bachelor,Married,1
100553,59,73500.0,30.0,10252.0,11.44,605.0,36,Rent,Debt_Consolidation,Bachelor,Married,0
100554,22,97758.0,14.0,20059.0,11.07,716.0,48,Own,Debt_Consolidation,High_School,Single,0
100555,41,45677.0,20.0,29919.0,11.46,722.0,72,Rent,Debt_Consolidation,Master,Single,1
100556,65,51205.0,7.0,19227.0,4.0,616.0,36,Rent,Debt_Consolidation,Bachelor,Married,0
100557,49,72648.0,23.0,5347.0,6.83,723.0,60,Mortgage,Debt_Consolidation,PhD,Married,0
100558,43,86140.0,15.0,19788.0,10.01,591.0,60,Own,Debt_Consolidation,PhD,Single,1
100559,38,81938.0,7.0,16970.0,16.32,670.0,36,Rent,Debt_Consolidation,Master,Divorced,1
100560,31,117757.0,13.0,13982.0,11.36,,48,Mortgage,Medical,Master,Single,1
100561,48,81621.0,10.0,7795.0,9.85,646.0,48,Own,Debt_Consolidation,Bachelor,Married,0
100562,41,64651.0,15.0,24586.0,12.14,709.0,72,Rent,Debt_Consolidation,Bachelor,Single,1
100563,44,121716.0,15.0,24412.0,10.97,763.0,72,Rent,Debt_Consolidation,Master,Single,0
100564,50,152897.0,8.0,24078.0,16.68,638.0,36,Mortgage,Education,Bachelor,Single,1
100565,31,71834.0,15.0,11193.0,10.37,726.0,36,Mortgage,Education,Bachelor,Married,0
100566,65,52171.0,27.0,26252.0,11.28,798.0,36,Rent,Debt_Consolidation,PhD,Single,0
100567,64,94157.0,29.0,22700.0,11.27,720.0,60,Own,Home_Improvement,Bachelor,Married,0
100568,23,53500.0,2.0,3974.0,9.47,516.0,36,Rent,Debt_Consolidation,High_School,Single,0
100569,44,95212.0,26.0,11846.0,6.6,732.0,72,Rent,Business,Master,Single,0
100570,26,74389.0,10.0,21573.0,10.69,806.0,60,Mortgage,Business,Bachelor,Married,1
100571,61,59916.0,27.0,37914.0,9.64,624.0,36,Mortgage,Debt_Consolidation,Bachelor,Divorced,1
100572,55,32856.0,8.0,11442.0,13.05,587.0,60,Rent,Debt_Consolidation,Bachelor,Divorced,1
100573,59,132307.0,24.0,20427.0,10.99,744.0,72,Mortgage,Medical,Bachelor,Single,0
100574,34,90133.0,29.0,20985.0,11.64,718.0,72,Rent,Medical,High_School,Single,0
100575,32,61877.0,14.0,31408.0,8.97,709.0,36,Rent,Education,Bachelor,Married,1
100576,65,88194.0,12.0,32131.0,8.73,659.0,60,Rent,Home_Improvement,Bachelor,Single,1
100577,54,37345.0,7.0,21725.0,6.97,704.0,60,Rent,Education,Bachelor,Single,1
100578,65,92156.0,1.0,11780.0,8.94,682.0,36,Rent,Education,High_School,Single,0
100579,56,91397.0,3.0,25426.0,12.53,676.0,36,Mortgage,Business,Bachelor,Single,0
100580,32,95895.0,12.0,17164.0,8.16,726.0,60,Rent,Debt_Consolidation,Bachelor,Single,0
100581,62,60192.0,6.0,30867.0,11.75,732.0,36,Mortgage,Home_Improvement,Bachelor,Single,0
100582,31,70715.0,18.0,25679.0,5.09,687.0,60,Rent,Home_Improvement,Bachelor,Single,0
100583,64,77217.0,25.0,25265.0,,756.0,36,Mortgage,Home_Improvement,Master,Divorced,0
100584,53,69495.0,21.0,21086.0,7.79,704.0,36,Rent,Medical,Bachelor,Married,1
100585,40,61554.0,2.0,2000.0,5.01,706.0,48,Mortgage,Medical,High_School,Married,0
100586,59,36572.0,24.0,21007.0,14.54,760.0,36,Rent,Debt_Consolidation,Bachelor,Married,1
100587,65,52684.0,29.0,13741.0,8.51,612.0,60,Rent,Debt_Consolidation,Master,Single,0
100588,58,31711.0,7.0,19722.0,4.87,634.0,60,Rent,Medical,High_School,Single,0
100589,63,48377.0,14.0,10995.0,11.01,665.0,48,Mortgage,Debt_Consolidation,Bachelor,Single,1
100590,57,72174.0,2.0,18640.0,13.77,766.0,36,,Medical,Master,Single,1
100591,33,33363.0,5.0,25179.0,14.0,652.0,36,Mortgage,Home_Improvement,Bachelor,Married,1
100592,24,72158.0,,10624.0,5.99,760.0,60,Rent,Business,PhD,Single,0
100593,38,59282.0,16.0,18397.0,16.29,824.0,60,Rent,Debt_Consolidation,Master,Divorced,0
100594,48,52655.0,29.0,11064.0,8.57,747.0,36,Rent,Debt_Consolidation,PhD,Married,0
100595,59,48621.0,17.0,10849.0,6.27,706.0,72,Rent,Home_Improvement,Bachelor,Married,0
100596,27,133570.0,,21600.0,7.09,598.0,36,Rent,Medical,Bachelor,Married,1
100597,50,86802.0,18.0,40570.0,10.43,567.0,60,Rent,Home_Improvement,Bachelor,Married,1
100598,62,106599.0,27.0,19419.0,9.91,689.0,48,Rent,Education,Bachelor,Single,0
100599,48,88605.0,18.0,19560.0,11.41,718.0,36,Mortgage,Home_Improvement,Bachelor,Married,0
100600,58,48555.0,5.0,30586.0,8.16,,48,Mortgage,Education,High_School,Single,1
100601,49,83708.0,13.0,29135.0,,689.0,60,Own,Education,High_School,Single,1
100602,58,31559.0,2.0,25013.0,9.95,704.0,36,Rent,Home_Improvement,Bachelor,Married,0
100603,61,111456.0,5.0,16406.0,4.0,705.0,36,Rent,Home_Improvement,Master,Married,0
100604,50,62922.0,11.0,12420.0,14.73,654.0,60,Mortgage,Debt_Consolidation,High_School,Single,0
100605,27,62576.0,14.0,19185.0,11.99,744.0,60,Rent,Debt_Consolidation,Bachelor,Single,0
100606,41,64056.0,3.0,18917.0,10.48,651.0,48,Mortgage,Debt_Consolidation,Master,Married,0
100607,55,66453.0,0.0,2000.0,8.37,725.0,60,Mortgage,Debt_Consolidation,High_School,Single,0
100608,62,47250.0,16.0,8260.0,12.66,809.0,60,Rent,Home_Improvement,Master,Divorced,0
100609,31,130317.0,26.0,14249.0,4.21,706.0,60,Mortgage,Education,High_School,Single,0
100610,43,117118.0,13.0,9848.0,14.58,711.0,60,Rent,Education,PhD,Married,0
100611,61,43479.0,23.0,24102.0,10.95,721.0,60,Mortgage,Debt_Consolidation,High_School,Single,0
100612,54,40216.0,27.0,14235.0,16.57,724.0,36,Mortgage,Debt_Consolidation,Bachelor,Divorced,0
100613,32,32396.0,23.0,8573.0,16.12,685.0,72,Rent,Home_Improvement,Bachelor,Married,0
100614,58,,13.0,8643.0,13.53,754.0,60,Rent,Debt_Consolidation,Master,Divorced,0
100615,63,88074.0,13.0,25201.0,11.42,746.0,60,Mortgage,Medical,Bachelor,Divorced,0
100616,21,41103.0,18.0,2710.0,4.43,800.0,60,Rent,Home_Improvement,Bachelor,Married,0
100617,50,61835.0,28.0,20359.0,11.71,630.0,36,Rent,Medical,Bachelor,Single,0
100618,51,37642.0,18.0,13322.0,10.61,757.0,72,Rent,Medical,Bachelor,Single,1
100619,55,72075.0,4.0,38579.0,8.77,729.0,36,Rent,Home_Improvement,Bachelor,Single,1
100620,54,122754.0,0.0,12712.0,10.89,680.0,48,Rent,Home_Improvement,High_School,Married,0
100621,28,31832.0,10.0,10000.0,7.53,700.0,60,Mortgage,Debt_Consolidation,Bachelor,Single,0
100622,49,66851.0,25.0,17109.0,11.5,717.0,36,Own,Home_Improvement,High_School,Single,0
100623,56,59113.0,30.0,22112.0,12.26,711.0,60,Mortgage,Home_Improvement,PhD,Single,0
100624,33,64671.0,9.0,16719.0,5.45,693.0,36,Own,Education,High_School,Single,1
100625,27,102800.0,15.0,17270.0,12.42,657.0,72,Own,Medical,Master,Single,0
100626,24,79001.0,3.0,17423.0,9.36,718.0,36,Own,Debt_Consolidation,Master,Married,0
100627,44,68466.0,2.0,13068.0,12.28,631.0,72,Own,Debt_Consolidation,High_School,Single,1
100628,41,99488.0,17.0,14023.0,9.14,765.0,36,Rent,Education,Bachelor,Married,0
100629,39,,18.0,18480.0,10.49,724.0,36,Mortgage,Business,Master,Married,0
100630,44,53200.0,30.0,31768.0,15.39,668.0,36,Mortgage,Home_Improvement,Bachelor,Married,1
100631,52,79753.0,30.0,5826.0,,684.0,36,Rent,Medical,Bachelor,Single,0
100632,55,48806.0,1.0,19451.0,7.56,,36,Mortgage,Business,Bachelor,Single,0
100633,53,77159.0,20.0,20409.0,10.74,628.0,36,Rent,Home_Improvement,Bachelor,Single,0
100634,24,73661.0,26.0,28389.0,10.15,694.0,36,Mortgage,Education,Bachelor,Single,1
100635,56,110363.0,28.0,4206.0,7.82,711.0,60,Rent,Education,Bachelor,Married,0
100636,55,31637.0,22.0,6483.0,13.29,587.0,72,Rent,Medical,High_School,Married,0
100637,44,51316.0,25.0,2000.0,13.41,779.0,36,Mortgage,Debt_Consolidation,Bachelor,Married,0
100638,26,90615.0,23.0,8383.0,11.12,707.0,60,Mortgage,Home_Improvement,High_School,Single,0
100639,39,117377.0,6.0,18887.0,8.16,620.0,72,Rent,Debt_Consolidation,Master,Married,0
100640,43,118093.0,5.0,2000.0,9.72,738.0,60,Rent,Debt_Consolidation,Master,Single,0
100641,57,43583.0,20.0,30926.0,17.15,626.0,48,Rent,Debt_Consolidation,High_School,Divorced,1
100642,41,39564.0,3.0,16315.0,13.6,706.0,60,Own,Business,Bachelor,Single,1
100643,43,105977.0,20.0,25435.0,10.56,727.0,60,Mortgage,Debt_Consolidation,High_School,Divorced,0
100644,25,60477.0,9.0,14786.0,10.11,788.0,60,Mortgage,Medical,Master,Married,1
100645,48,89170.0,0.0,10644.0,10.1,658.0,60,Mortgage,Education,Master,Married,1
100646,26,99642.0,1.0,16236.0,15.53,666.0,36,Mortgage,Debt_Consolidation,Bachelor,Married,0
100647,32,113125.0,11.0,28343.0,7.84,683.0,36,Rent,Education,Bachelor,Single,0
100648,41,51438.0,5.0,16849.0,4.7,683.0,60,Own,Education,Bachelor,Married,0
100649,63,19932.0,29.0,22451.0,11.54,658.0,36,Mortgage,Debt_Consolidation,High_School,Married,0
100650,21,86692.0,17.0,21881.0,7.95,741.0,60,Rent,Education,PhD,Married,0
100651,27,97830.0,24.0,14640.0,7.16,639.0,36,Mortgage,Medical,Bachelor,Single,0
100652,65,29922.0,30.0,22646.0,6.62,711.0,72,Mortgage,Debt_Consolidation,Bachelor,Married,0
100653,59,118995.0,4.0,19306.0,9.91,620.0,60,Rent,Debt_Consolidation,Bachelor,Divorced,0
100654,21,108810.0,29.0,15011.0,12.54,660.0,36,Own,Education,Master,Married,0
100655,21,38443.0,11.0,31215.0,6.95,698.0,72,Own,Debt_Consolidation,High_School,Married,1
100656,41,82568.0,0.0,6486.0,6.72,699.0,36,Mortgage,Home_Improvement,Bachelor,Married,0
100657,64,61784.0,18.0,18186.0,12.73,710.0,36,Mortgage,Debt_Consolidation,PhD,Married,1
100658,40,27876.0,6.0,2000.0,9.7,687.0,48,Rent,Home_Improvement,High_School,Married,0
100659,49,85837.0,12.0,21866.0,12.1,673.0,60,Mortgage,Education,Bachelor,Divorced,0
100660,59,56553.0,18.0,11658.0,5.88,725.0,48,Mortgage,Debt_Consolidation,High_School,Divorced,0
100661,24,47907.0,13.0,13987.0,6.52,612.0,36,Rent,Debt_Consolidation,Bachelor,Single,1
100662,54,61589.0,11.0,22910.0,12.69,649.0,36,Mortgage,Home_Improvement,High_School,Single,0
100663,27,66228.0,5.0,17886.0,11.49,,48,Rent,Home_Improvement,Bachelor,Single,0
100664,26,84854.0,17.0,8956.0,13.92,657.0,48,Own,Debt_Consolidation,High_School,Divorced,1
100665,59,40707.0,3.0,10135.0,11.54,562.0,60,Mortgage,Debt_Consolidation,High_School,Married,0
100666,65,47419.0,0.0,26212.0,9.13,619.0,36,Rent,Debt_Consolidation,Master,Single,1
100667,35,61747.0,15.0,17677.0,12.3,705.0,60,Rent,Home_Improvement,Master,Married,0
100668,45,34183.0,15.0,27349.0,8.27,644.0,60,Mortgage,Debt_Consolidation,Bachelor,Married,0
100669,40,60636.0,22.0,33029.0,7.37,630.0,72,Rent,Debt_Consolidation,Master,Married,1
100670,63,134539.0,5.0,18810.0,11.62,846.0,72,Mortgage,Debt_Consolidation,Bachelor,Married,0
100671,30,48615.0,6.0,29479.0,10.38,590.0,72,Mortgage,Debt_Consolidation,High_School,Married,1
100672,40,74883.0,27.0,2000.0,10.65,656.0,60,Mortgage,Business,High_School,Divorced,0
100673,53,92695.0,7.0,25927.0,6.38,690.0,48,Mortgage,Debt_Consolidation,High_School,Single,0
100674,30,77415.0,11.0,2000.0,6.84,704.0,60,Own,Home_Improvement,High_School,Single,0
100675,60,,5.0,23767.0,14.97,725.0,36,Rent,Debt_Consolidation,Bachelor,Married,1
100676,30,92791.0,25.0,30953.0,5.22,717.0,36,Own,Medical,Bachelor,Married,0
100677,33,182542.0,4.0,2000.0,11.09,819.0,48,Mortgage,Education,Bachelor,Married,0
100678,33,43349.0,18.0,18075.0,9.01,638.0,36,Mortgage,Home_Improvement,Bachelor,Married,0
100679,31,105506.0,5.0,17535.0,7.13,716.0,48,Mortgage,Education,Master,Married,0
100680,27,52788.0,9.0,23407.0,10.77,700.0,36,Mortgage,Debt_Consolidation,Bachelor,Single,0
100681,65,56970.0,20.0,26638.0,10.08,683.0,48,Rent,Debt_Consolidation,High_School,Single,1
100682,42,66457.0,17.0,13460.0,15.6,653.0,36,Mortgage,Medical,Bachelor,Single,0
100683,63,63816.0,2.0,28978.0,11.22,688.0,48,Rent,Debt_Consolidation,Bachelor,Married,1
100684,37,116876.0,13.0,14678.0,12.79,664.0,36,Rent,Debt_Consolidation,High_School,Single,0
100685,32,78507.0,21.0,32584.0,10.55,788.0,36,Own,Education,High_School,Single,0
100686,35,49165.0,26.0,21534.0,8.53,805.0,36,Mortgage,Debt_Consolidation,PhD,Divorced,0
100687,32,39261.0,13.0,23584.0,10.13,701.0,36,Rent,Debt_Consolidation,High_School,Single,0
100688,31,72018.0,4.0,17014.0,13.42,777.0,60,Mortgage,Business,Bachelor,Married,0
100689,42,51909.0,24.0,19002.0,8.63,674.0,48,Rent,Home_Improvement,High_School,Divorced,1
100690,38,28814.0,2.0,38635.0,13.44,718.0,72,Mortgage,Debt_Consolidation,High_School,Divorced,1
100691,30,25119.0,18.0,16096.0,9.39,592.0,36,Mortgage,Business,Master,Married,0
100692,46,110476.0,30.0,33388.0,8.75,713.0,36,Mortgage,Medical,Bachelor,Married,0
100693,38,75869.0,11.0,12833.0,6.61,670.0,48,Own,Home_Improvement,Master,Divorced,0
100694,39,56505.0,2.0,16711.0,13.7,654.0,36,Mortgage,Home_Improvement,High_School,Single,0
100695,22,55829.0,5.0,18843.0,5.65,704.0,60,Mortgage,Debt_Consolidation,Bachelor,Married,1
100696,42,55469.0,11.0,17613.0,12.77,650.0,36,Own,Business,High_School,Single,1
100697,62,143013.0,24.0,11475.0,12.67,698.0,72,Rent,Medical,High_School,Single,0
100698,44,114431.0,27.0,19462.0,10.33,704.0,60,Mortgage,Home_Improvement,High_School,Married,0
100699,24,30809.0,29.0,11516.0,6.44,583.0,36,Mortgage,Business,Bachelor,Single,0
100700,23,168596.0,19.0,13490.0,8.2,758.0,72,Rent,Debt_Consolidation,Bachelor,Single,0
100701,57,58723.0,19.0,20312.0,7.69,740.0,60,Mortgage,Debt_Consolidation,Bachelor,Married,0
100702,31,38159.0,28.0,13127.0,11.76,621.0,60,Mortgage,Debt_Consolidation,PhD,Married,0
100703,44,40839.0,20.0,5777.0,12.25,730.0,72,Mortgage,Business,Bachelor,Single,0
100704,47,53303.0,17.0,13547.0,15.2,701.0,36,Rent,Debt_Consolidation,Master,Single,0
100705,54,70199.0,6.0,14862.0,11.26,711.0,48,Rent,Debt_Consolidation,Bachelor,Divorced,1
100706,22,31055.0,20.0,9397.0,10.89,677.0,60,Rent,Business,Master,Divorced,0
100707,50,77038.0,26.0,19956.0,7.31,678.0,36,Own,Education,Bachelor,Divorced,0
100708,23,204702.0,15.0,41493.0,11.78,669.0,48,Rent,Education,Master,Married,0
100709,48,21362.0,27.0,8731.0,9.06,690.0,72,Rent,Business,High_School,Divorced,0
100710,48,51691.0,30.0,17765.0,8.1,603.0,36,Own,Home_Improvement,High_School,Single,1
100711,29,136306.0,21.0,39031.0,14.72,782.0,48,Mortgage,Medical,Master,Single,1
100712,42,80946.0,27.0,28305.0,9.42,637.0,36,Mortgage,Debt_Consolidation,Bachelor,Single,0
100713,38,124233.0,12.0,21395.0,5.67,690.0,60,Own,Education,Bachelor,Single,0
100714,59,86467.0,24.0,19592.0,10.16,613.0,72,Rent,Education,High_School,Married,1
100715,25,117062.0,21.0,13459.0,12.31,742.0,36,Rent,Debt_Consolidation,Bachelor,Married,0
100716,33,40448.0,21.0,18035.0,6.91,772.0,72,Mortgage,Business,High_School,Divorced,0
100717,59,57092.0,0.0,17384.0,6.83,720.0,36,Rent,Debt_Consolidation,Bachelor,Married,0
100718,52,60915.0,30.0,14289.0,11.98,681.0,72,Rent,Home_Improvement,Bachelor,Married,0
100719,63,42700.0,30.0,10846.0,7.82,734.0,60,Mortgage,Debt_Consolidation,High_School,Married,0
100720,23,105751.0,27.0,26186.0,14.1,649.0,60,Own,Debt_Consolidation,High_School,Married,1
100721,62,47548.0,26.0,21745.0,7.5,687.0,60,Rent,Medical,Bachelor,Single,1
100722,60,51363.0,12.0,21318.0,7.82,632.0,48,Own,Medical,High_School,Single,1
100723,59,,5.0,2515.0,15.6,752.0,36,Mortgage,Debt_Consolidation,High_School,Single,0
100724,63,155573.0,18.0,8953.0,7.97,681.0,48,Own,Education,High_School,Married,0
100725,48,53126.0,0.0,30358.0,8.38,564.0,72,Rent,Business,Bachelor,Married,0
100726,53,42222.0,7.0,2000.0,9.37,772.0,60,Mortgage,Debt_Consolidation,High_School,Married,0
100727,41,58834.0,21.0,22087.0,9.44,731.0,60,Rent,Medical,Master,Married,1
100728,60,132508.0,12.0,22860.0,8.17,713.0,36,Mortgage,Medical,Bachelor,Married,0
100729,36,81821.0,23.0,27879.0,13.98,620.0,60,Rent,Debt_Consolidation,Bachelor,Married,1
100730,35,84101.0,18.0,34596.0,10.43,739.0,60,Mortgage,Home_Improvement,Master,Divorced,0
100731,27,59853.0,18.0,10473.0,9.31,662.0,36,Mortgage,Medical,Bachelor,Single,0
100732,55,163692.0,10.0,21490.0,7.87,661.0,60,Rent,Debt_Consolidation,PhD,Single,0
100733,57,66689.0,3.0,29530.0,12.43,692.0,36,Rent,Medical,Bachelor,Married,1
100734,63,34405.0,9.0,15955.0,14.42,645.0,48,Rent,Medical,Master,Married,1
100735,40,28277.0,2.0,37154.0,9.98,778.0,36,Rent,Debt_Consolidation,Master,Married,1
100736,46,50670.0,14.0,26010.0,9.68,662.0,36,Mortgage,Home_Improvement,Bachelor,Single,0
100737,27,37994.0,29.0,17110.0,11.23,749.0,60,Mortgage,Debt_Consolidation,Master,Single,0
100738,60,52281.0,11.0,23403.0,5.57,730.0,36,Rent,Home_Improvement,Bachelor,Married,0
100739,43,190806.0,8.0,19209.0,9.14,709.0,60,Rent,Home_Improvement,High_School,Divorced,0
100740,53,102400.0,8.0,19781.0,8.17,769.0,60,Mortgage,Home_Improvement,Bachelor,Single,0
100741,42,56176.0,9.0,17050.0,8.6,703.0,48,Rent,Business,High_School,Divorced,1
100742,64,78879.0,18.0,4077.0,4.02,744.0,72,Rent,Medical,Bachelor,Married,0
100743,45,69688.0,27.0,8317.0,6.75,609.0,60,Rent,Debt_Consolidation,Bachelor,Single,0
100744,27,79796.0,18.0,3076.0,13.0,758.0,72,Rent,Business,Master,Married,1
100745,39,26688.0,30.0,21960.0,12.14,760.0,36,Mortgage,Debt_Consolidation,Bachelor,Single,1
100746,50,26715.0,10.0,27460.0,12.97,674.0,60,Mortgage,Home_Improvement,Bachelor,Single,1
100747,35,111493.0,4.0,4285.0,8.52,587.0,60,Rent,Debt_Consolidation,PhD,Single,0
100748,22,49815.0,11.0,22991.0,13.64,681.0,60,Rent,Debt_Consolidation,Bachelor,Single,1
100749,22,43520.0,5.0,21517.0,9.28,700.0,36,Mortgage,Business,Master,Single,1
100750,33,133691.0,5.0,9326.0,9.44,721.0,36,Mortgage,Medical,PhD,Single,0
100751,37,49758.0,13.0,15347.0,11.4,766.0,60,Mortgage,Education,,Married,0
100752,34,38695.0,27.0,13719.0,11.92,722.0,36,Mortgage,Home_Improvement,Master,Married,0
100753,45,43530.0,30.0,6073.0,14.55,638.0,60,Rent,Home_Improvement,Bachelor,Single,0
100754,57,239055.0,10.0,17380.0,16.77,661.0,36,Rent,Business,Bachelor,Single,0
100755,49,172883.0,3.0,10318.0,4.0,641.0,48,Mortgage,Debt_Consolidation,High_School,Single,0
100756,27,44725.0,21.0,25077.0,7.84,664.0,36,Rent,Home_Improvement,High_School,Single,1
100757,48,105386.0,7.0,14413.0,13.56,661.0,48,Rent,Medical,High_School,Married,1
100758,54,,13.0,19540.0,12.47,630.0,36,Rent,Home_Improvement,High_School,Single,0
100759,58,68316.0,29.0,40621.0,13.41,745.0,48,Mortgage,Debt_Consolidation,Bachelor,Divorced,1
100760,50,112492.0,27.0,28757.0,9.67,,36,Rent,Business,High_School,Single,1
100761,29,69877.0,23.0,17653.0,13.39,674.0,36,Rent,Medical,Master,Single,1
100762,48,106732.0,5.0,4228.0,6.49,778.0,48,Rent,Business,Bachelor,Divorced,0
100763,54,45390.0,13.0,31544.0,11.49,750.0,60,Rent,Education,High_School,Single,1
100764,52,156968.0,22.0,13687.0,19.3,745.0,72,Rent,Home_Improvement,Bachelor,Married,0
100765,22,50200.0,13.0,7622.0,10.34,707.0,60,Own,Debt_Consolidation,Bachelor,Married,0
100766,60,102045.0,4.0,9292.0,12.26,743.0,60,Rent,,Bachelor,Married,0
100767,36,60597.0,3.0,16197.0,10.8,770.0,36,Mortgage,Education,Master,Married,0
100768,49,35375.0,14.0,19581.0,8.04,722.0,48,Own,Debt_Consolidation,Master,Single,0
100769,21,71516.0,15.0,15753.0,9.92,648.0,36,Rent,Debt_Consolidation,PhD,Married,1
100770,30,92498.0,23.0,28126.0,15.0,690.0,36,Own,Debt_Consolidation,Bachelor,Single,1
100771,52,56140.0,14.0,31958.0,12.36,710.0,60,Rent,Medical,Bachelor,Single,0
100772,30,57700.0,29.0,32483.0,7.13,754.0,60,Rent,Business,Bachelor,Married,0
100773,28,39066.0,15.0,18857.0,11.14,716.0,60,Mortgage,Home_Improvement,Bachelor,Divorced,1
100774,27,52690.0,16.0,17937.0,8.13,627.0,48,Rent,Education,High_School,Single,0
100775,47,96189.0,4.0,11373.0,9.81,747.0,48,Rent,Home_Improvement,High_School,Married,0
100776,59,82114.0,0.0,32846.0,7.82,655.0,36,Rent,Debt_Consolidation,High_School,Single,0
100777,30,66736.0,5.0,28866.0,4.79,664.0,36,Mortgage,Home_Improvement,Bachelor,Divorced,0
100778,22,64083.0,0.0,28269.0,11.41,741.0,60,Rent,Debt_Consolidation,Bachelor,Married,1
100779,23,68985.0,23.0,20084.0,8.21,771.0,48,Mortgage,Debt_Consolidation,Master,Married,0
100780,48,60641.0,21.0,24356.0,10.32,643.0,72,Rent,Education,High_School,Married,0
100781,39,51740.0,16.0,4755.0,12.27,829.0,36,Rent,Business,High_School,Single,0
100782,48,102083.0,0.0,27001.0,11.88,654.0,60,Rent,Home_Improvement,High_School,Married,0
100783,58,67354.0,18.0,23015.0,6.78,661.0,72,Rent,Debt_Consolidation,Master,Married,1
100784,28,53970.0,5.0,7514.0,15.55,,36,Rent,Debt_Consolidation,Bachelor,Married,0
100785,38,33667.0,19.0,16451.0,10.99,649.0,36,Mortgage,Debt_Consolidation,Bachelor,Single,0
100786,55,,7.0,22695.0,9.79,779.0,36,Mortgage,Education,Bachelor,Married,0
100787,53,34860.0,13.0,13842.0,12.39,558.0,48,Mortgage,Home_Improvement,Bachelor,Married,0
100788,21,67035.0,26.0,12308.0,12.2,679.0,60,Rent,Home_Improvement,Bachelor,Divorced,0
100789,32,38289.0,8.0,9457.0,16.27,705.0,60,Rent,Debt_Consolidation,Master,Single,0
100790,29,50489.0,4.0,13664.0,10.37,820.0,36,Rent,Education,,Married,0
100791,44,97662.0,28.0,24397.0,11.6,640.0,48,Own,Home_Improvement,Bachelor,Married,0
100792,57,72685.0,30.0,9794.0,5.8,624.0,60,Rent,Debt_Consolidation,Bachelor,Single,0
100793,53,87184.0,0.0,33947.0,7.19,630.0,48,Rent,Debt_Consolidation,High_School,Divorced,1
100794,63,61577.0,27.0,2000.0,7.99,762.0,36,Rent,Debt_Consolidation,Bachelor,Married,0
100795,62,56570.0,8.0,13456.0,13.74,802.0,60,Rent,Debt_Consolidation,Bachelor,Married,0
100796,54,76430.0,8.0,29272.0,9.6,715.0,36,Rent,Debt_Consolidation,Bachelor,Divorced,0
100797,44,29960.0,0.0,11163.0,9.82,790.0,60,Rent,Medical,Bachelor,Single,0
100798,54,58918.0,15.0,21165.0,10.88,647.0,48,Mortgage,Debt_Consolidation,High_School,Married,0
100799,45,64865.0,2.0,45444.0,11.5,708.0,60,Rent,Debt_Consolidation,Bachelor,Single,1
100800,56,43279.0,11.0,24982.0,9.08,629.0,36,Own,Home_Improvement,High_School,Married,0
100801,26,55832.0,6.0,9933.0,12.85,643.0,36,Rent,Debt_Consolidation,Master,Single,1
100802,21,26775.0,11.0,37154.0,13.58,660.0,60,Rent,Home_Improvement,Master,Married,1
100803,34,44916.0,12.0,32555.0,7.25,685.0,48,Mortgage,Debt_Consolidation,Master,Single,0
100804,34,48796.0,9.0,9248.0,8.49,734.0,60,Own,Debt_Consolidation,High_School,Single,0
100805,59,63244.0,25.0,16914.0,10.31,668.0,60,Mortgage,Medical,Bachelor,Married,1
100806,22,66575.0,15.0,2000.0,8.97,764.0,60,Rent,Medical,Bachelor,Married,0
100807,25,100129.0,1.0,19952.0,10.24,787.0,60,Rent,Debt_Consolidation,High_School,Single,0
100808,57,83095.0,8.0,2000.0,13.34,738.0,48,Rent,Home_Improvement,Bachelor,Single,0
100809,31,122354.0,21.0,25905.0,9.1,725.0,36,Rent,Debt_Consolidation,Master,Married,0
100810,60,98947.0,15.0,23365.0,13.53,736.0,36,Own,Debt_Consolidation,Master,Single,0
100811,62,94505.0,13.0,21729.0,4.23,735.0,60,Own,Debt_Consolidation,High_School,Single,0
100812,46,141475.0,0.0,20094.0,10.6,691.0,60,Mortgage,Home_Improvement,High_School,Married,0
100813,39,41694.0,4.0,30611.0,8.21,616.0,60,Own,Debt_Consolidation,High_School,Single,1
100814,47,54871.0,30.0,13109.0,9.15,690.0,60,Rent,Business,Bachelor,Married,0
100815,35,57008.0,7.0,6199.0,9.2,711.0,36,Rent,Home_Improvement,Master,Married,0
100816,32,44178.0,21.0,24795.0,13.01,642.0,36,Mortgage,Debt_Consolidation,PhD,Single,0
100817,58,40902.0,16.0,28653.0,10.17,709.0,60,Rent,Home_Improvement,Bachelor,Single,0
100818,46,103488.0,23.0,29738.0,9.7,614.0,72,Rent,Business,Bachelor,Married,0
100819,35,,25.0,38228.0,6.99,676.0,36,Rent,Education,Bachelor,Married,1
100820,59,32766.0,1.0,12309.0,7.69,620.0,72,Mortgage,Debt_Consolidation,High_School,Married,0
100821,35,149021.0,18.0,24404.0,11.4,671.0,60,Mortgage,Home_Improvement,Bachelor,Married,1
100822,27,33368.0,3.0,13736.0,12.14,716.0,60,Own,Debt_Consolidation,Master,Single,0
100823,30,51997.0,4.0,11180.0,9.11,767.0,60,Mortgage,Debt_Consolidation,Bachelor,Married,0
100824,56,59293.0,12.0,20977.0,7.44,729.0,48,Own,Debt_Consolidation,Bachelor,Divorced,0
100825,50,42611.0,16.0,15696.0,13.07,713.0,48,Rent,Debt_Consolidation,Master,Single,0
100826,64,66110.0,6.0,10306.0,8.89,651.0,60,Rent,Home_Improvement,Bachelor,Married,0
100827,57,,20.0,41131.0,12.9,775.0,60,Rent,Home_Improvement,Bachelor,Married,1
100828,30,81771.0,28.0,30505.0,10.43,670.0,36,Mortgage,Medical,Bachelor,Divorced,0
100829,56,57741.0,0.0,10099.0,10.37,617.0,36,Own,Business,Bachelor,Single,0
100830,58,43694.0,21.0,8549.0,10.36,668.0,36,Rent,Debt_Consolidation,High_School,Married,1
100831,64,90243.0,12.0,24221.0,8.95,715.0,36,Rent,Debt_Consolidation,High_School,Single,1
100832,45,80524.0,0.0,29530.0,6.27,638.0,48,Rent,Home_Improvement,Master,Single,1
100833,32,70882.0,1.0,19872.0,10.54,777.0,36,Mortgage,Debt_Consolidation,Bachelor,Single,0
100834,31,63296.0,12.0,8422.0,15.08,783.0,72,Rent,Debt_Consolidation,PhD,Married,1
100835,50,105893.0,16.0,28712.0,10.81,766.0,36,Rent,Home_Improvement,Master,Married,0
100836,33,44791.0,20.0,30987.0,16.24,675.0,36,Own,Debt_Consolidation,Bachelor,Single,1
100837,58,111233.0,29.0,10138.0,10.4,791.0,72,Own,Home_Improvement,Bachelor,Married,0
100838,55,36555.0,14.0,39535.0,8.41,623.0,48,Mortgage,Business,PhD,Married,0
100839,43,61015.0,24.0,17823.0,13.39,654.0,36,Rent,Debt_Consolidation,Master,Single,0
100840,53,51396.0,4.0,28994.0,8.7,684.0,48,Mortgage,Education,Bachelor,Married,1
100841,34,30485.0,5.0,21903.0,11.59,789.0,60,Mortgage,Debt_Consolidation,Master,Divorced,0
100842,60,87792.0,8.0,21039.0,14.74,683.0,60,Rent,Home_Improvement,Bachelor,Single,1
100843,44,76575.0,22.0,2000.0,10.81,644.0,60,Own,Medical,Master,Single,0
100844,65,81375.0,14.0,29491.0,7.0,650.0,60,Mortgage,Debt_Consolidation,Bachelor,Married,0
100845,43,106787.0,10.0,2000.0,10.11,702.0,60,Rent,Home_Improvement,Master,Divorced,0
100846,43,94945.0,3.0,2000.0,9.46,723.0,60,Rent,Home_Improvement,PhD,Single,0
100847,55,33974.0,26.0,27389.0,5.65,760.0,60,Rent,Medical,Bachelor,Single,1
100848,35,55264.0,9.0,25159.0,9.58,745.0,60,Mortgage,Home_Improvement,Bachelor,Married,1
100849,37,122085.0,26.0,19313.0,13.32,649.0,72,Mortgage,Debt_Consolidation,Master,Married,0
100850,41,32627.0,2.0,22408.0,13.52,728.0,36,Own,Medical,Bachelor,Single,1
100851,29,42179.0,7.0,11320.0,12.02,670.0,60,Rent,Debt_Consolidation,Bachelor,Married,1
100852,56,71997.0,19.0,33886.0,8.13,712.0,60,Rent,Debt_Consolidation,Bachelor,Single,0
100853,39,61041.0,21.0,15986.0,12.0,652.0,36,Own,Home_Improvement,Bachelor,Single,0
100854,44,83092.0,26.0,40548.0,10.14,681.0,36,Rent,Debt_Consolidation,High_School,Married,0
100855,26,80851.0,,14329.0,10.85,720.0,60,Mortgage,Business,Bachelor,Married,0
100856,42,82578.0,12.0,12760.0,11.8,703.0,60,Rent,Home_Improvement,PhD,Single,0
100857,31,96848.0,6.0,18233.0,9.12,726.0,60,Rent,Education,Bachelor,Married,0
100858,38,45922.0,12.0,3870.0,14.67,712.0,36,Rent,Debt_Consolidation,,Single,0
100859,31,51999.0,23.0,11938.0,12.13,726.0,36,Mortgage,Business,Bachelor,Single,0
100860,32,94754.0,22.0,17557.0,7.27,651.0,36,Mortgage,Medical,High_School,Divorced,0
100861,28,150169.0,20.0,30929.0,7.17,776.0,72,Mortgage,Home_Improvement,Bachelor,Single,0
100862,55,156490.0,16.0,32644.0,11.17,677.0,36,Own,Education,Master,Single,1
100863,52,45864.0,4.0,27852.0,10.42,654.0,36,Mortgage,Debt_Consolidation,Bachelor,Divorced,1
100864,25,79877.0,30.0,9166.0,8.41,,36,Mortgage,Home_Improvement,Master,Married,0
100865,57,39066.0,3.0,25597.0,9.61,757.0,60,Mortgage,Debt_Consolidation,Master,Married,0
100866,59,51661.0,18.0,7705.0,9.65,711.0,60,Mortgage,Debt_Consolidation,Bachelor,Married,0
100867,35,26172.0,3.0,20906.0,13.15,697.0,60,Mortgage,Medical,Bachelor,Single,1
100868,30,93268.0,27.0,14473.0,9.12,713.0,60,Mortgage,Debt_Consolidation,Bachelor,Married,0
100869,32,71310.0,6.0,15172.0,10.28,813.0,36,Rent,Debt_Consolidation,Bachelor,Single,0
100870,60,83357.0,29.0,19136.0,14.44,708.0,36,Own,Business,Bachelor,Married,1
100871,61,43793.0,16.0,24312.0,12.35,587.0,60,Rent,Business,Bachelor,Single,1
100872,34,81557.0,16.0,34898.0,6.36,702.0,60,Rent,Medical,High_School,Married,0
100873,57,52755.0,29.0,11968.0,6.53,776.0,60,Mortgage,Debt_Consolidation,High_School,Married,0
100874,60,86351.0,23.0,11178.0,10.76,687.0,36,Rent,Debt_Consolidation,Bachelor,Married,0
100875,28,43624.0,1.0,20954.0,11.71,658.0,36,Mortgage,Debt_Consolidation,Bachelor,Single,0
100876,29,198902.0,9.0,14710.0,15.06,622.0,72,Mortgage,Medical,Bachelor,Single,1
100877,45,72657.0,20.0,19514.0,14.2,726.0,72,Mortgage,Debt_Consolidation,High_School,Divorced,0
100878,36,70670.0,7.0,6790.0,7.94,643.0,36,Mortgage,Debt_Consolidation,Master,Divorced,0
100879,48,67569.0,22.0,23298.0,7.33,698.0,60,Mortgage,Home_Improvement,High_School,Single,1
100880,57,40856.0,12.0,34168.0,11.14,613.0,72,Rent,Debt_Consolidation,High_School,Married,1
100881,60,114757.0,22.0,16190.0,15.18,726.0,60,Mortgage,Home_Improvement,Bachelor,Married,0
100882,33,82561.0,4.0,26495.0,6.8,680.0,60,Mortgage,Business,Bachelor,Married,0
100883,45,53801.0,15.0,29936.0,6.22,777.0,60,Rent,Education,PhD,Single,0
100884,48,92879.0,4.0,11787.0,11.94,623.0,60,Rent,Business,Bachelor,Single,0
100885,39,28059.0,1.0,14605.0,9.44,643.0,60,Mortgage,Education,High_School,Married,1
100886,35,,13.0,11329.0,9.86,730.0,48,Mortgage,Home_Improvement,Master,Single,0
100887,60,,19.0,19306.0,5.56,737.0,48,Rent,Education,Bachelor,Single,0
100888,50,38608.0,15.0,20107.0,6.6,600.0,36,Rent,Debt_Consolidation,High_School,Single,1
100889,54,89800.0,2.0,12631.0,9.95,669.0,60,Mortgage,,Master,Married,1
100890,38,67969.0,21.0,16027.0,14.72,713.0,60,Rent,Education,Bachelor,Single,0
100891,50,88380.0,17.0,11199.0,4.0,782.0,36,Rent,Debt_Consolidation,High_School,Married,0
100892,65,70442.0,17.0,10000.0,11.3,619.0,60,Mortgage,Education,Master,Single,0
100893,24,83595.0,7.0,19058.0,12.51,544.0,60,Mortgage,Business,Bachelor,Married,1
100894,54,69551.0,15.0,30032.0,10.89,658.0,60,Mortgage,Home_Improvement,Bachelor,Single,1
100895,51,97329.0,26.0,13691.0,6.3,659.0,60,Own,Debt_Consolidation,Master,Single,0
100896,52,57362.0,24.0,12816.0,11.28,687.0,60,Rent,Home_Improvement,Bachelor,Married,0
100897,56,91027.0,19.0,17604.0,12.75,754.0,36,Mortgage,Debt_Consolidation,Bachelor,Single,1
100898,46,41110.0,13.0,4631.0,9.88,703.0,60,Mortgage,Debt_Consolidation,Bachelor,Divorced,0
100899,53,63330.0,24.0,5668.0,10.92,562.0,60,Rent,Debt_Consolidation,Bachelor,Single,0
100900,55,70672.0,12.0,18868.0,9.52,628.0,60,Rent,Home_Improvement,Bachelor,Married,0
100901,63,68404.0,25.0,22948.0,7.78,646.0,48,Mortgage,Education,Master,Married,0
100902,51,79750.0,25.0,21322.0,8.62,651.0,60,Own,Home_Improvement,PhD,Single,0
100903,52,52181.0,24.0,22501.0,12.34,714.0,60,Rent,Debt_Consolidation,Master,Single,1
100904,30,143839.0,21.0,21934.0,11.42,698.0,60,Rent,Home_Improvement,High_School,Married,0
100905,28,108779.0,3.0,16693.0,15.62,676.0,60,Own,Debt_Consolidation,,Single,0
100906,55,,12.0,29376.0,13.59,682.0,48,Mortgage,Business,Bachelor,Married,1
100907,38,48460.0,13.0,2000.0,10.56,817.0,36,Rent,Debt_Consolidation,Bachelor,Married,0
100908,34,85700.0,14.0,2000.0,8.53,675.0,60,Mortgage,Business,Bachelor,Single,1
100909,25,53123.0,0.0,6159.0,10.92,619.0,60,Own,Debt_Consolidation,Bachelor,Married,0
100910,44,24364.0,7.0,16698.0,12.85,791.0,36,Rent,Home_Improvement,Master,Married,0
100911,64,73259.0,16.0,22130.0,6.7,793.0,36,Rent,Business,High_School,Divorced,1
100912,22,32662.0,7.0,17297.0,11.05,714.0,36,Own,Medical,High_School,Single,1
100913,61,49723.0,27.0,8230.0,9.22,641.0,60,Rent,Debt_Consolidation,Bachelor,Married,0
100914,42,100082.0,1.0,7955.0,11.85,601.0,36,Rent,Medical,Bachelor,Divorced,0
100915,55,34115.0,7.0,2000.0,14.34,675.0,36,,Debt_Consolidation,High_School,Single,1
100916,27,92166.0,15.0,28720.0,13.34,633.0,60,Mortgage,Debt_Consolidation,Bachelor,Divorced,1
100917,56,79509.0,21.0,9119.0,10.09,586.0,60,Rent,Home_Improvement,Bachelor,Divorced,0
100918,53,39465.0,1.0,6011.0,17.15,630.0,48,Rent,Education,Bachelor,Single,1
100919,48,90476.0,5.0,18514.0,,688.0,60,Rent,Business,Master,Married,1
100920,64,43637.0,26.0,16729.0,5.38,609.0,60,Rent,Debt_Consolidation,High_School,Married,0
100921,65,44507.0,15.0,12276.0,7.19,690.0,60,Rent,Medical,Bachelor,Married,0
100922,59,69829.0,22.0,18621.0,10.14,695.0,48,Own,Debt_Consolidation,Bachelor,Married,0
100923,52,41586.0,30.0,9154.0,15.25,709.0,36,Own,Business,PhD,Single,0
100924,29,129386.0,26.0,25909.0,9.78,689.0,48,Rent,Education,High_School,Single,1
100925,65,187311.0,23.0,18349.0,10.84,783.0,36,Rent,Debt_Consolidation,Bachelor,Single,0
100926,52,130331.0,3.0,20831.0,11.64,770.0,60,Rent,Debt_Consolidation,Master,Divorced,0
100927,54,97835.0,22.0,27298.0,9.59,674.0,60,Mortgage,Debt_Consolidation,Bachelor,Single,1
100928,25,106170.0,7.0,13333.0,9.54,618.0,36,Rent,Home_Improvement,Bachelor,Married,0
100929,56,60150.0,8.0,31235.0,14.51,712.0,60,Mortgage,Home_Improvement,Bachelor,Single,1
100930,58,45514.0,9.0,29376.0,8.9,773.0,60,Rent,Debt_Consolidation,Master,Single,1
100931,25,60124.0,25.0,29123.0,8.17,639.0,48,Mortgage,Debt_Consolidation,Master,Married,0
100932,58,90550.0,12.0,11762.0,11.0,675.0,48,Rent,Medical,High_School,Married,0
100933,33,81924.0,12.0,21282.0,4.0,703.0,36,,Medical,Bachelor,Single,0
100934,44,41259.0,24.0,14910.0,11.13,747.0,60,Rent,Medical,Bachelor,Divorced,0
100935,47,101444.0,9.0,16320.0,4.19,648.0,60,Mortgage,Debt_Consolidation,Bachelor,Married,0
100936,46,50192.0,2.0,23464.0,4.0,801.0,36,Mortgage,Home_Improvement,Bachelor,Single,0
100937,59,47255.0,19.0,16622.0,13.68,586.0,36,Own,Home_Improvement,Bachelor,Single,1
100938,38,68183.0,23.0,10280.0,13.48,638.0,36,Mortgage,Debt_Consolidation,High_School,Married,0
100939,46,86934.0,10.0,4673.0,15.02,701.0,60,Mortgage,Debt_Consolidation,High_School,Single,0
100940,42,57122.0,8.0,9239.0,4.0,588.0,60,Mortgage,Debt_Consolidation,Master,Single,0
100941,48,101694.0,8.0,6988.0,7.47,719.0,36,Mortgage,Home_Improvement,High_School,Married,0
100942,36,65622.0,11.0,13314.0,11.26,691.0,60,Rent,Medical,High_School,Single,0
100943,56,199850.0,0.0,13135.0,10.19,706.0,36,Mortgage,Debt_Consolidation,Master,Divorced,0
100944,49,30644.0,1.0,23917.0,7.69,656.0,48,Own,Debt_Consolidation,Bachelor,Single,0
100945,35,103013.0,12.0,11456.0,8.36,588.0,72,Mortgage,Education,High_School,Single,0
100946,32,34258.0,26.0,8614.0,4.29,590.0,60,Rent,Debt_Consolidation,Bachelor,Single,0
100947,65,64846.0,3.0,21798.0,13.23,716.0,36,Mortgage,Home_Improvement,High_School,Single,0
100948,29,56167.0,16.0,16828.0,7.94,675.0,60,Rent,Business,Bachelor,Single,1
100949,31,89179.0,21.0,27908.0,13.88,702.0,36,Own,Debt_Consolidation,High_School,Married,1
100950,56,20136.0,5.0,19063.0,9.72,735.0,48,Mortgage,Business,Bachelor,Married,1
100951,27,85058.0,3.0,24857.0,16.19,701.0,48,Mortgage,Business,Bachelor,Single,1
100952,53,199770.0,6.0,25647.0,11.89,656.0,48,Mortgage,Education,High_School,Single,0
100953,41,67874.0,4.0,4390.0,7.83,624.0,36,Mortgage,Debt_Consolidation,PhD,Single,0
100954,29,50181.0,12.0,21565.0,12.27,618.0,36,Mortgage,Business,High_School,Married,1
100955,42,88769.0,4.0,14574.0,21.09,713.0,36,Rent,Medical,High_School,Married,1
100956,45,38924.0,7.0,11264.0,12.93,745.0,60,Own,Medical,Bachelor,Married,0
100957,64,67027.0,9.0,25240.0,14.03,733.0,60,Rent,Debt_Consolidation,Bachelor,Single,1
100958,44,147190.0,4.0,22909.0,7.41,802.0,72,Mortgage,Business,Bachelor,Divorced,0
100959,30,50277.0,12.0,22946.0,8.15,635.0,72,Mortgage,Debt_Consolidation,PhD,Single,0
100960,58,101910.0,25.0,32085.0,11.12,607.0,36,Own,Business,Master,Married,1
100961,56,52389.0,18.0,14669.0,7.44,659.0,48,Rent,Debt_Consolidation,High_School,Divorced,1
100962,47,106152.0,14.0,13102.0,,663.0,60,Rent,Medical,High_School,Single,1
100963,22,63760.0,19.0,37645.0,13.93,623.0,60,Mortgage,Debt_Consolidation,High_School,Married,1
100964,54,51211.0,26.0,24415.0,11.39,712.0,48,Rent,Medical,Bachelor,Married,0
100965,55,40561.0,2.0,7244.0,8.89,749.0,48,Rent,Debt_Consolidation,Bachelor,Divorced,0
100966,38,67784.0,5.0,8554.0,12.92,708.0,48,Rent,Debt_Consolidation,Bachelor,Single,0
100967,60,85710.0,18.0,2000.0,11.45,648.0,36,Mortgage,Education,Bachelor,Married,0
100968,29,22623.0,1.0,24093.0,6.7,679.0,48,Mortgage,Home_Improvement,Master,Single,0
100969,58,42180.0,24.0,9481.0,4.0,695.0,60,Mortgage,Debt_Consolidation,High_School,Married,0
100970,46,92326.0,30.0,17055.0,14.18,736.0,36,Mortgage,Business,PhD,Single,0
100971,32,32585.0,29.0,21855.0,7.35,723.0,60,Rent,Home_Improvement,Bachelor,Divorced,0
100972,33,74030.0,22.0,18709.0,5.59,645.0,36,Mortgage,Education,Bachelor,Married,0
100973,48,52522.0,9.0,2698.0,12.65,625.0,36,Mortgage,Medical,Bachelor,Single,0
100974,40,68303.0,2.0,31855.0,14.86,745.0,60,Rent,Debt_Consolidation,Master,Married,0
100975,35,68712.0,24.0,44164.0,11.21,688.0,36,Rent,Debt_Consolidation,Master,Married,1
100976,24,29889.0,13.0,9028.0,11.98,691.0,36,Rent,Education,Bachelor,Single,1
100977,27,27194.0,30.0,16199.0,16.1,794.0,36,Rent,Debt_Consolidation,High_School,Divorced,0
100978,28,31561.0,28.0,25410.0,11.19,609.0,36,Mortgage,Home_Improvement,Bachelor,Single,1
100979,49,117798.0,10.0,17420.0,8.83,683.0,48,Rent,,High_School,Divorced,0
100980,57,127705.0,8.0,16163.0,8.57,614.0,48,Own,Medical,Bachelor,Married,0
100981,37,76780.0,27.0,18572.0,15.61,670.0,60,Rent,Business,Bachelor,Divorced,1
100982,37,56138.0,10.0,11500.0,10.17,688.0,60,Rent,Home_Improvement,High_School,Married,0
100983,62,53206.0,1.0,4307.0,10.28,701.0,72,Own,Debt_Consolidation,Master,Married,0
100984,37,50221.0,3.0,11615.0,12.47,850.0,48,Rent,Debt_Consolidation,Bachelor,Single,0
100985,22,63099.0,19.0,8354.0,10.19,608.0,60,Mortgage,Debt_Consolidation,High_School,Married,0
100986,38,54071.0,19.0,21109.0,10.27,724.0,48,Own,Education,Bachelor,Single,1
100987,64,62121.0,27.0,17764.0,11.8,748.0,36,Mortgage,Business,Bachelor,Single,0
100988,23,,22.0,31666.0,9.05,637.0,60,Mortgage,Medical,Bachelor,Married,1
100989,48,80471.0,28.0,11223.0,11.5,694.0,60,Rent,Debt_Consolidation,Master,Married,0
100990,57,64670.0,21.0,4340.0,,671.0,60,Mortgage,Debt_Consolidation,Bachelor,Married,0
100991,51,47315.0,14.0,5643.0,9.23,731.0,60,Mortgage,Debt_Consolidation,Bachelor,Married,0
100992,24,99345.0,28.0,24781.0,8.77,721.0,60,Rent,Debt_Consolidation,High_School,Married,1
100993,50,,21.0,29286.0,9.42,684.0,36,Mortgage,Medical,High_School,Married,0
100994,62,92853.0,14.0,31551.0,10.47,700.0,36,Own,Business,Master,Married,1
100995,56,76596.0,0.0,22414.0,7.45,633.0,36,Rent,Home_Improvement,Bachelor,Married,0
100996,31,66856.0,11.0,21152.0,11.52,652.0,60,Rent,Business,Master,Divorced,0
100997,42,37698.0,19.0,2000.0,7.11,814.0,72,Rent,Home_Improvement,High_School,Married,0
100998,54,61501.0,1.0,21996.0,4.0,684.0,36,Rent,Debt_Consolidation,High_School,Single,0
100999,32,40455.0,25.0,33632.0,13.6,659.0,48,Rent,Debt_Consolidation,Master,Single,0
101000,24,77858.0,16.0,15160.0,13.13,695.0,60,Mortgage,Home_Improvement,Bachelor,Married,0
101001,50,84663.0,8.0,22327.0,12.14,768.0,60,Rent,Debt_Consolidation,Bachelor,Married,0
101002,52,67126.0,7.0,9864.0,14.17,764.0,60,Rent,Debt_Consolidation,High_School,Married,0
101003,34,30414.0,22.0,15635.0,16.79,696.0,72,Rent,Debt_Consolidation,High_School,Married,1
101004,44,43078.0,18.0,6002.0,15.27,750.0,36,Rent,Debt_Consolidation,High_School,Married,0
101005,65,67222.0,11.0,12126.0,8.92,634.0,36,Rent,Business,Bachelor,Single,1
101006,61,117658.0,18.0,21561.0,10.83,689.0,60,Rent,Medical,Bachelor,Divorced,0
101007,36,112294.0,25.0,24039.0,13.38,787.0,60,Mortgage,Home_Improvement,Bachelor,Married,0
101008,59,76113.0,4.0,10147.0,10.97,696.0,36,Own,Debt_Consolidation,High_School,Married,0
101009,38,62623.0,6.0,28209.0,9.41,693.0,72,Mortgage,Home_Improvement,Master,Married,1
101010,29,42418.0,25.0,26775.0,10.65,605.0,60,Mortgage,Debt_Consolidation,Bachelor,Single,0
101011,41,108424.0,20.0,10356.0,7.41,648.0,36,Mortgage,Debt_Consolidation,Master,Single,0
101012,55,86159.0,27.0,20994.0,9.66,638.0,36,Rent,Debt_Consolidation,High_School,Single,0
101013,46,78472.0,1.0,16897.0,10.53,653.0,36,Own,Debt_Consolidation,Bachelor,Single,1
101014,39,77999.0,5.0,35443.0,9.69,755.0,48,Own,Business,Bachelor,Married,1
101015,61,46148.0,16.0,20993.0,8.06,725.0,60,Own,Education,High_School,Married,0
101016,47,48106.0,1.0,37787.0,9.1,751.0,48,Rent,Home_Improvement,Bachelor,Married,1
101017,52,110668.0,16.0,32886.0,15.33,717.0,60,Own,Debt_Consolidation,High_School,Married,0
101018,26,61268.0,28.0,21121.0,13.85,753.0,36,Rent,Debt_Consolidation,Bachelor,Married,1
101019,39,104863.0,23.0,4009.0,7.12,640.0,36,Rent,Debt_Consolidation,Bachelor,Single,0
101020,31,99686.0,27.0,18628.0,5.6,688.0,36,Mortgage,Medical,Bachelor,Divorced,0
101021,39,54673.0,4.0,22618.0,9.05,727.0,36,Mortgage,Medical,High_School,Married,0
101022,23,109143.0,0.0,22225.0,9.74,675.0,36,Rent,Medical,High_School,Married,1
101023,41,63078.0,27.0,11218.0,10.74,666.0,60,Rent,Debt_Consolidation,Master,Single,0
101024,64,54322.0,12.0,33363.0,10.38,698.0,60,Mortgage,Debt_Consolidation,Master,Married,1
101025,61,201289.0,9.0,26540.0,5.06,627.0,72,Rent,Debt_Consolidation,Master,Single,0
101026,54,50641.0,4.0,2000.0,11.22,656.0,72,Rent,Business,Master,Married,0
101027,39,26253.0,7.0,4714.0,9.12,725.0,36,Rent,Debt_Consolidation,Bachelor,Single,0
101028,38,100774.0,19.0,12987.0,6.11,724.0,36,Own,Debt_Consolidation,Bachelor,Married,0
101029,53,44275.0,28.0,18261.0,15.31,736.0,60,Own,Debt_Consolidation,Master,Married,0
101030,61,50245.0,21.0,14055.0,8.8,694.0,36,Mortgage,Debt_Consolidation,Bachelor,Married,0
101031,46,95614.0,30.0,11641.0,7.21,784.0,36,Rent,Medical,Bachelor,Married,0
101032,23,29733.0,14.0,21682.0,11.78,711.0,72,Mortgage,Business,Bachelor,Single,0
101033,27,72468.0,17.0,7659.0,5.6,730.0,60,Mortgage,Debt_Consolidation,High_School,Single,0
101034,32,111274.0,7.0,28477.0,10.15,701.0,48,Mortgage,Debt_Consolidation,Bachelor,Divorced,0
101035,43,48504.0,3.0,25903.0,11.04,691.0,48,Own,Home_Improvement,Master,Married,1
101036,62,53083.0,29.0,32247.0,8.25,720.0,36,Mortgage,Medical,Bachelor,Married,1
101037,35,95490.0,23.0,19426.0,10.69,642.0,36,Mortgage,Home_Improvement,Bachelor,Married,0
101038,61,162990.0,24.0,24854.0,15.86,734.0,36,Mortgage,Education,Master,Married,0
101039,57,33393.0,28.0,19964.0,11.15,749.0,36,Rent,Business,Bachelor,Married,0
101040,51,47313.0,7.0,19534.0,11.26,715.0,48,Mortgage,Debt_Consolidation,Master,Married,0
101041,51,83050.0,23.0,36360.0,7.06,677.0,60,Mortgage,Home_Improvement,Bachelor,Single,1
101042,35,41301.0,15.0,23648.0,11.62,681.0,60,Rent,Medical,High_School,Married,0
101043,50,50681.0,4.0,20926.0,12.24,707.0,36,Own,Debt_Consolidation,High_School,Divorced,1
101044,30,117996.0,,14924.0,10.8,639.0,36,Own,Business,Master,Married,1
101045,52,47417.0,5.0,20214.0,12.51,616.0,48,Rent,Debt_Consolidation,Master,Single,1
101046,33,99468.0,5.0,14845.0,11.46,718.0,60,Rent,Debt_Consolidation,Bachelor,Married,1
101047,22,55097.0,,13207.0,13.09,718.0,48,Rent,Medical,Bachelor,Married,0
101048,63,64520.0,16.0,15963.0,12.61,719.0,36,Own,Debt_Consolidation,Master,Single,0
101049,34,65163.0,13.0,19865.0,8.18,659.0,60,Mortgage,Debt_Consolidation,Master,Married,0
101050,33,74477.0,19.0,13161.0,14.45,814.0,36,Rent,Debt_Consolidation,Bachelor,Married,0
101051,54,76270.0,14.0,18177.0,10.37,701.0,36,Mortgage,Medical,High_School,Divorced,0
101052,65,79812.0,7.0,31952.0,12.47,701.0,60,Mortgage,Education,High_School,Married,1
101053,49,30598.0,24.0,24165.0,11.69,571.0,36,Rent,Business,High_School,Married,1
101054,39,57379.0,5.0,4122.0,16.75,659.0,36,Rent,Debt_Consolidation,Bachelor,Married,1
101055,47,127459.0,1.0,28868.0,5.91,705.0,36,Rent,Home_Improvement,Master,Single,0
101056,61,48089.0,24.0,21258.0,12.02,671.0,48,Mortgage,Medical,Bachelor,Single,1
101057,53,81884.0,22.0,15835.0,10.7,650.0,36,Mortgage,Debt_Consolidation,Bachelor,Divorced,0
101058,50,133278.0,10.0,45203.0,8.36,689.0,48,Mortgage,Home_Improvement,Master,Single,0
101059,40,85219.0,9.0,15932.0,12.35,710.0,60,Mortgage,Home_Improvement,High_School,Divorced,0
101060,28,144771.0,8.0,7044.0,12.44,697.0,72,Mortgage,Education,High_School,Single,0
101061,42,126550.0,12.0,20788.0,17.52,703.0,60,Mortgage,Home_Improvement,Bachelor,Single,0
101062,54,61265.0,6.0,20536.0,6.96,676.0,48,Mortgage,Debt_Consolidation,High_School,Single,0
101063,52,75513.0,1.0,18872.0,11.68,681.0,60,Rent,Debt_Consolidation,Bachelor,Married,1
101064,59,52127.0,29.0,11269.0,4.97,716.0,36,Rent,Home_Improvement,Master,Single,1
101065,38,90819.0,25.0,17175.0,13.95,702.0,36,Rent,Debt_Consolidation,,Single,0
101066,28,47708.0,15.0,27411.0,13.32,710.0,36,Own,Debt_Consolidation,Master,Married,0
101067,58,62137.0,3.0,26568.0,7.9,679.0,60,Rent,Education,Master,Single,1
101068,22,59654.0,10.0,9501.0,17.51,712.0,36,Rent,Medical,Master,Single,0
101069,64,30587.0,,20356.0,,791.0,60,Mortgage,Home_Improvement,Bachelor,Single,0
101070,39,27488.0,5.0,21471.0,13.17,741.0,36,Rent,Debt_Consolidation,Bachelor,Single,1
101071,25,144172.0,18.0,27786.0,13.33,689.0,36,Rent,Medical,Master,Single,1
101072,53,35742.0,4.0,11911.0,13.58,814.0,36,Rent,Home_Improvement,Bachelor,Married,0
101073,39,73987.0,28.0,21928.0,4.0,557.0,60,Own,Debt_Consolidation,Bachelor,Married,0
101074,39,37435.0,20.0,5395.0,6.99,651.0,60,Own,Debt_Consolidation,High_School,Married,0
101075,45,98890.0,6.0,34456.0,7.13,686.0,60,Rent,Debt_Consolidation,Master,Divorced,0
101076,54,49053.0,21.0,10159.0,8.45,709.0,36,Mortgage,Medical,Bachelor,Married,0
101077,30,109718.0,13.0,24531.0,11.22,753.0,60,,Debt_Consolidation,Master,Single,1
101078,36,76403.0,22.0,30664.0,8.32,730.0,36,Rent,Debt_Consolidation,Bachelor,Married,1
101079,57,100543.0,29.0,18478.0,4.66,680.0,36,Own,Debt_Consolidation,Bachelor,Divorced,0
101080,34,83129.0,23.0,23652.0,12.06,673.0,48,Own,Home_Improvement,,Married,0
101081,38,106251.0,25.0,24770.0,15.32,643.0,60,Mortgage,Business,Bachelor,Single,1
101082,22,89141.0,26.0,7347.0,6.47,678.0,36,Rent,Home_Improvement,High_School,Single,0
101083,55,111832.0,15.0,32515.0,14.15,715.0,60,Rent,Medical,PhD,Single,1
101084,50,69984.0,21.0,18596.0,4.94,621.0,60,Rent,Home_Improvement,Master,Married,0
101085,64,45081.0,1.0,2000.0,10.17,684.0,48,Rent,Debt_Consolidation,Bachelor,Married,0
101086,56,63259.0,0.0,11304.0,10.53,685.0,36,Mortgage,Business,Master,Single,0
101087,64,148524.0,1.0,11430.0,14.85,848.0,36,Mortgage,Debt_Consolidation,PhD,Single,0
101088,50,89596.0,9.0,9378.0,10.97,771.0,36,Mortgage,Debt_Consolidation,Master,Single,0
101089,27,70143.0,21.0,10367.0,9.39,700.0,60,Rent,Debt_Consolidation,High_School,Married,0
101090,59,58298.0,8.0,7070.0,15.46,625.0,48,Mortgage,Education,Bachelor,Divorced,0
101091,51,70022.0,23.0,16399.0,8.76,705.0,36,Mortgage,Business,Bachelor,Single,0
101092,42,34252.0,11.0,28941.0,17.96,721.0,60,Mortgage,Debt_Consolidation,Bachelor,Married,1
101093,41,104199.0,6.0,8270.0,9.68,681.0,48,Rent,Debt_Consolidation,Bachelor,Single,0
101094,53,27772.0,11.0,23524.0,13.82,731.0,36,Rent,Debt_Consolidation,Bachelor,Married,1
101095,51,50580.0,13.0,17801.0,11.55,752.0,36,Rent,Medical,Bachelor,Divorced,1
101096,64,101724.0,1.0,21086.0,11.42,672.0,36,Mortgage,Education,Bachelor,Single,0
101097,33,32540.0,19.0,13632.0,13.27,611.0,60,Mortgage,Medical,Bachelor,Single,1
101098,28,47178.0,17.0,7257.0,10.38,701.0,60,Rent,Business,Bachelor,Single,0
101099,39,109197.0,3.0,11120.0,4.0,685.0,60,Rent,Debt_Consolidation,Master,Married,0
101100,58,33740.0,25.0,23919.0,10.85,713.0,36,Mortgage,Home_Improvement,Master,Single,0
101101,58,95591.0,23.0,11226.0,11.42,629.0,36,Rent,Debt_Consolidation,Bachelor,Single,0
101102,60,51705.0,22.0,2000.0,8.85,702.0,60,Mortgage,Debt_Consolidation,Bachelor,Married,0
101103,38,56614.0,11.0,41461.0,16.27,634.0,72,Mortgage,Home_Improvement,Master,Single,1
101104,45,59712.0,23.0,2000.0,17.82,738.0,36,Rent,Home_Improvement,Bachelor,Single,0
101105,38,174571.0,19.0,27874.0,8.85,597.0,36,Rent,Education,High_School,Single,1
101106,65,64379.0,30.0,7783.0,16.1,642.0,60,Mortgage,Home_Improvement,Bachelor,Married,0
101107,65,70753.0,17.0,19542.0,12.18,708.0,72,Own,Debt_Consolidation,High_School,Divorced,0
101108,21,92151.0,26.0,4914.0,15.92,768.0,36,Own,Home_Improvement,Bachelor,Married,0
101109,41,39049.0,3.0,22851.0,10.1,739.0,60,Mortgage,Education,High_School,Married,0
101110,33,100386.0,7.0,15361.0,10.31,690.0,60,Mortgage,Medical,Bachelor,Married,0
101111,62,82758.0,3.0,27306.0,11.53,675.0,36,Rent,Home_Improvement,High_School,Divorced,1
101112,53,52220.0,4.0,12505.0,8.24,674.0,60,Rent,Debt_Consolidation,High_School,Married,0
101113,55,34863.0,1.0,14405.0,9.16,709.0,36,Mortgage,Home_Improvement,Master,Married,0
101114,54,103708.0,29.0,10952.0,10.21,776.0,36,Mortgage,Debt_Consolidation,High_School,Divorced,0
101115,45,145759.0,29.0,20070.0,11.45,760.0,36,Own,Debt_Consolidation,High_School,Single,0
101116,25,62078.0,12.0,25023.0,15.01,630.0,48,Mortgage,Business,Master,Single,1
101117,21,86207.0,24.0,4722.0,11.88,670.0,60,Rent,Debt_Consolidation,Master,Married,0
101118,39,68943.0,20.0,21928.0,8.84,701.0,36,Rent,Debt_Consolidation,Bachelor,Single,0
101119,64,45642.0,11.0,7937.0,12.76,756.0,48,Mortgage,Debt_Consolidation,Master,Single,0
101120,61,104024.0,22.0,11987.0,6.69,685.0,36,Own,Home_Improvement,Bachelor,Married,0
101121,24,83833.0,16.0,18289.0,11.83,672.0,36,Rent,Medical,Master,Married,0
101122,59,82605.0,29.0,6894.0,12.81,668.0,48,Rent,Medical,High_School,Married,0
101123,62,39096.0,25.0,19624.0,12.45,672.0,60,Rent,Home_Improvement,Bachelor,Married,0
101124,21,,28.0,25793.0,14.93,768.0,60,Mortgage,Home_Improvement,High_School,Single,1
101125,46,43365.0,0.0,17534.0,6.63,580.0,60,Rent,Education,High_School,Divorced,1
101126,54,42523.0,23.0,26144.0,12.94,633.0,48,Own,Debt_Consolidation,Master,Single,1
101127,53,37178.0,5.0,13228.0,13.33,670.0,60,Mortgage,Debt_Consolidation,Master,Married,0
101128,25,65380.0,3.0,19886.0,16.21,,60,Own,Medical,High_School,Single,1
101129,58,108916.0,18.0,28820.0,11.4,637.0,60,Rent,Home_Improvement,PhD,Married,1
101130,41,41451.0,6.0,11679.0,12.2,632.0,36,Rent,Debt_Consolidation,Master,Single,1
101131,32,37481.0,9.0,9257.0,8.41,658.0,36,Rent,Debt_Consolidation,Bachelor,Single,0
101132,60,43408.0,9.0,17582.0,16.97,761.0,36,Rent,Medical,Bachelor,Single,1
101133,22,108590.0,26.0,15236.0,13.34,698.0,36,Mortgage,Education,Master,Married,0
101134,30,77137.0,16.0,16099.0,11.27,609.0,60,Mortgage,Medical,High_School,Married,0
101135,53,63496.0,19.0,8101.0,4.0,698.0,60,Mortgage,Debt_Consolidation,Bachelor,Single,0
101136,48,77062.0,1.0,21311.0,9.46,663.0,36,Rent,Debt_Consolidation,Master,Single,1
101137,50,70885.0,23.0,2000.0,10.89,751.0,72,Rent,Debt_Consolidation,Bachelor,Married,0
101138,40,86680.0,7.0,25242.0,10.02,707.0,48,Mortgage,Home_Improvement,Bachelor,Divorced,0
101139,51,99818.0,18.0,28461.0,11.77,690.0,36,Rent,Debt_Consolidation,Bachelor,Divorced,1
101140,38,57589.0,23.0,16426.0,16.27,662.0,48,Rent,Business,High_School,Single,0
101141,30,124484.0,27.0,9240.0,7.41,703.0,60,Rent,Education,Bachelor,Divorced,0
101142,61,,14.0,14555.0,7.75,600.0,60,Mortgage,Debt_Consolidation,Bachelor,Married,0
101143,30,57137.0,4.0,20726.0,4.87,659.0,48,Rent,Home_Improvement,Bachelor,Divorced,0
101144,56,115715.0,19.0,24353.0,17.74,691.0,72,Mortgage,Debt_Consolidation,Bachelor,Married,0
101145,61,66941.0,16.0,11215.0,7.45,649.0,60,Own,Education,Bachelor,Married,0
101146,44,44407.0,3.0,30348.0,8.62,699.0,72,Rent,Education,High_School,Married,1
101147,62,80539.0,5.0,13877.0,4.78,704.0,60,Rent,Debt_Consolidation,Bachelor,Divorced,0
101148,34,38921.0,15.0,11867.0,4.69,652.0,36,Own,Education,Bachelor,Married,0
101149,57,67406.0,4.0,5711.0,8.99,691.0,72,Rent,Home_Improvement,Bachelor,Married,0
101150,43,59247.0,11.0,20062.0,10.71,627.0,60,Mortgage,Business,Bachelor,Single,0
101151,27,72999.0,26.0,4888.0,11.67,766.0,60,Rent,Debt_Consolidation,High_School,Married,0
101152,38,44183.0,2.0,33759.0,9.9,688.0,60,Mortgage,Business,PhD,Married,1
101153,53,69709.0,4.0,6702.0,12.66,661.0,36,Mortgage,Education,PhD,Married,0
101154,25,47936.0,12.0,34459.0,11.36,659.0,36,Mortgage,Education,Bachelor,Single,1
101155,50,35860.0,13.0,22311.0,15.82,680.0,72,Mortgage,Debt_Consolidation,Bachelor,Single,1
101156,61,92223.0,14.0,21339.0,16.36,712.0,48,Rent,Debt_Consolidation,Bachelor,Single,1
101157,21,65041.0,13.0,26414.0,10.85,741.0,72,Rent,Medical,Bachelor,Single,1
101158,36,54175.0,5.0,9537.0,11.03,608.0,60,Mortgage,Home_Improvement,Bachelor,Single,0
101159,40,123543.0,2.0,24011.0,8.97,598.0,36,Rent,Business,High_School,Single,0
101160,41,126700.0,30.0,20111.0,10.74,743.0,60,Mortgage,Business,Bachelor,Single,0
101161,52,19702.0,26.0,40348.0,9.29,720.0,60,Rent,Debt_Consolidation,Bachelor,Married,1
101162,34,63752.0,21.0,25534.0,11.07,781.0,48,Rent,Home_Improvement,Bachelor,Divorced,1
101163,58,30357.0,22.0,27134.0,14.94,754.0,60,Mortgage,Education,Master,Single,0
101164,59,66133.0,0.0,21312.0,10.76,700.0,60,Rent,Home_Improvement,Bachelor,Married,0
101165,51,61776.0,1.0,7681.0,5.58,704.0,60,Rent,Business,PhD,Married,0
101166,31,57722.0,2.0,19501.0,11.95,703.0,60,Mortgage,Debt_Consolidation,Bachelor,Married,0
101167,36,72402.0,3.0,16523.0,5.37,661.0,60,Rent,Debt_Consolidation,Bachelor,Married,0
101168,65,32114.0,14.0,2000.0,6.74,666.0,60,Rent,Home_Improvement,Master,Married,0
101169,22,69416.0,23.0,28839.0,7.62,,60,Rent,Debt_Consolidation,High_School,Single,0
101170,45,110590.0,24.0,5953.0,11.45,708.0,36,Mortgage,Debt_Consolidation,Bachelor,Divorced,0
101171,28,97124.0,26.0,15155.0,12.07,640.0,36,Mortgage,Debt_Consolidation,Master,Single,0
101172,31,77166.0,29.0,21258.0,13.99,751.0,36,Rent,Business,Bachelor,Single,0
101173,59,153187.0,16.0,17484.0,4.0,652.0,48,Mortgage,Education,Bachelor,Married,0
101174,22,39867.0,15.0,14062.0,10.94,638.0,36,Mortgage,Debt_Consolidation,Bachelor,Married,0
101175,52,145944.0,24.0,12757.0,14.07,618.0,48,Mortgage,Debt_Consolidation,High_School,Married,0
101176,38,65883.0,8.0,19775.0,13.38,664.0,60,Rent,Home_Improvement,Bachelor,Married,0
101177,60,27113.0,25.0,20841.0,10.51,672.0,36,Mortgage,Debt_Consolidation,Bachelor,Married,1
101178,54,77489.0,7.0,8735.0,16.04,654.0,36,Rent,Home_Improvement,Bachelor,Married,0
101179,46,44441.0,25.0,9958.0,14.89,738.0,36,Own,Debt_Consolidation,Bachelor,Married,0
101180,42,75672.0,2.0,17847.0,15.15,677.0,48,Rent,Debt_Consolidation,Bachelor,Married,1
101181,61,58892.0,23.0,33758.0,10.64,620.0,60,Rent,Business,PhD,Married,1
101182,46,70219.0,23.0,20376.0,13.67,682.0,36,Rent,Medical,Bachelor,Married,0
101183,52,75700.0,15.0,22921.0,15.62,685.0,60,Mortgage,Debt_Consolidation,PhD,Married,1
101184,39,66258.0,15.0,2000.0,16.01,682.0,48,Own,Debt_Consolidation,Bachelor,Single,0
101185,47,72835.0,24.0,16463.0,14.66,629.0,60,Own,Debt_Consolidation,Bachelor,Married,0
101186,44,74085.0,24.0,15006.0,5.17,655.0,36,Mortgage,Medical,Bachelor,Single,0
101187,26,47093.0,27.0,11010.0,8.22,617.0,72,Rent,Debt_Consolidation,PhD,Divorced,0
101188,39,100177.0,21.0,19272.0,11.7,690.0,60,Mortgage,Education,PhD,Married,1
101189,47,41535.0,22.0,27878.0,9.72,677.0,60,Own,Debt_Consolidation,High_School,Married,1
101190,63,59931.0,5.0,19386.0,14.07,689.0,36,Own,Debt_Consolidation,Bachelor,Single,1
101191,21,69229.0,13.0,37593.0,9.75,580.0,36,Mortgage,Medical,Bachelor,Married,1
101192,58,51830.0,17.0,2000.0,11.99,678.0,60,Rent,Education,Master,Single,0
101193,50,69948.0,7.0,7965.0,6.75,,72,Own,Debt_Consolidation,Bachelor,Single,0
101194,38,42553.0,27.0,20176.0,10.02,625.0,60,Rent,Home_Improvement,Bachelor,Married,1
101195,64,66277.0,14.0,9515.0,8.68,671.0,48,Rent,Debt_Consolidation,Bachelor,Single,0
101196,48,70171.0,12.0,28047.0,8.9,693.0,72,Rent,Debt_Consolidation,High_School,Divorced,0
101197,64,31004.0,1.0,15706.0,9.7,713.0,60,Rent,Debt_Consolidation,High_School,Married,0
101198,26,101997.0,27.0,9351.0,6.53,703.0,60,Own,Debt_Consolidation,Bachelor,Married,0
101199,25,109240.0,11.0,30136.0,13.09,722.0,60,Rent,Debt_Consolidation,High_School,Married,0
101200,33,156072.0,17.0,29335.0,15.7,689.0,60,Mortgage,Business,Master,Divorced,1
101201,44,36021.0,14.0,22403.0,12.74,639.0,48,Rent,Debt_Consolidation,High_School,Married,0
101202,49,62791.0,19.0,27876.0,17.77,770.0,60,Rent,Home_Improvement,Bachelor,Married,1
101203,48,145506.0,24.0,9547.0,12.25,653.0,48,Rent,Home_Improvement,Bachelor,Divorced,0
101204,64,44411.0,17.0,9589.0,13.79,677.0,60,Mortgage,Home_Improvement,Bachelor,Married,0
101205,21,80436.0,28.0,30185.0,12.58,651.0,36,Rent,Medical,High_School,Single,1
101206,51,72197.0,20.0,19733.0,5.2,713.0,60,,Education,Master,Single,1
101207,24,56700.0,23.0,14122.0,13.88,670.0,36,Own,Medical,Bachelor,Married,0
101208,39,54295.0,22.0,10812.0,7.58,572.0,48,Mortgage,Business,Bachelor,Single,1
101209,49,126611.0,4.0,27395.0,6.66,686.0,60,Mortgage,Education,Bachelor,Divorced,0
101210,48,78120.0,15.0,21311.0,12.69,699.0,36,Own,Debt_Consolidation,Bachelor,Married,0
101211,40,95903.0,11.0,30763.0,9.67,772.0,36,Mortgage,Debt_Consolidation,High_School,Single,0
101212,37,31211.0,27.0,35644.0,10.36,682.0,60,Own,Medical,High_School,Divorced,0
101213,21,57320.0,10.0,17939.0,9.16,754.0,36,Rent,Home_Improvement,Bachelor,Divorced,0
101214,65,102660.0,22.0,18906.0,10.9,740.0,60,Mortgage,Medical,Master,Single,0
101215,54,51930.0,23.0,21872.0,9.38,770.0,60,Mortgage,Home_Improvement,Bachelor,Married,1
101216,59,122082.0,21.0,20640.0,10.61,710.0,36,Mortgage,Home_Improvement,Bachelor,Single,0
101217,28,135265.0,23.0,13026.0,7.42,628.0,60,Rent,Debt_Consolidation,Bachelor,Single,0
101218,65,59082.0,18.0,32527.0,7.65,660.0,60,Rent,Home_Improvement,Bachelor,Single,0
101219,54,160897.0,30.0,27725.0,4.85,652.0,60,Rent,Debt_Consolidation,Bachelor,Single,0
101220,49,133281.0,3.0,33286.0,10.25,629.0,72,Mortgage,Education,High_School,Married,1
101221,62,45343.0,25.0,14814.0,4.0,765.0,36,Own,Debt_Consolidation,Bachelor,Married,0
101222,63,65648.0,22.0,2491.0,10.66,733.0,72,Mortgage,Debt_Consolidation,,Divorced,1
101223,46,175493.0,13.0,26304.0,7.02,642.0,48,Own,Home_Improvement,PhD,Married,0
101224,26,48972.0,30.0,7209.0,8.64,717.0,36,Mortgage,Debt_Consolidation,High_School,Divorced,0
101225,21,31355.0,6.0,11130.0,12.13,730.0,60,Rent,Debt_Consolidation,Bachelor,Married,0
101226,39,51192.0,7.0,28202.0,10.48,666.0,60,Rent,Business,Bachelor,Single,1
101227,52,50187.0,9.0,21172.0,11.39,636.0,72,Mortgage,Home_Improvement,Master,Divorced,1
101228,61,46857.0,11.0,20404.0,8.11,760.0,36,Rent,Business,Bachelor,Single,1
101229,29,87151.0,12.0,33894.0,13.98,723.0,36,Rent,Home_Improvement,Bachelor,Single,1
101230,53,62470.0,13.0,27980.0,8.51,743.0,36,Own,Debt_Consolidation,Bachelor,Married,1
101231,51,29768.0,20.0,16492.0,7.96,776.0,48,Own,Debt_Consolidation,High_School,Single,1
101232,60,98785.0,8.0,12800.0,7.2,666.0,60,Rent,Business,High_School,Married,0
101233,40,105870.0,29.0,6638.0,11.04,645.0,48,Rent,Education,Bachelor,Single,0
101234,50,75638.0,14.0,26097.0,14.18,712.0,60,Own,Education,Bachelor,Single,1
101235,33,87449.0,19.0,28813.0,13.46,571.0,48,Mortgage,Debt_Consolidation,Bachelor,Married,1
101236,44,120498.0,0.0,15828.0,10.35,788.0,60,Mortgage,Medical,Bachelor,Married,0
101237,31,39905.0,21.0,6491.0,8.9,537.0,60,Rent,Debt_Consolidation,Master,Single,0
101238,63,54643.0,12.0,16960.0,12.46,639.0,36,Own,Debt_Consolidation,Bachelor,Single,0
101239,57,56929.0,15.0,12695.0,13.79,663.0,60,Mortgage,Debt_Consolidation,Master,Married,0
101240,51,83722.0,26.0,24673.0,4.0,717.0,36,Mortgage,Business,High_School,Married,0
101241,46,97656.0,22.0,24403.0,11.23,675.0,60,Rent,Medical,Master,Married,1
101242,41,58311.0,16.0,3807.0,16.28,676.0,60,Rent,Business,Master,Single,0
101243,60,169933.0,2.0,25187.0,14.56,728.0,60,Mortgage,Education,Master,Married,1
101244,45,93689.0,21.0,17885.0,11.04,,48,Mortgage,Debt_Consolidation,Master,Single,0
101245,60,115483.0,13.0,22010.0,11.21,740.0,48,Mortgage,Home_Improvement,Bachelor,Married,0
101246,39,23585.0,26.0,18534.0,7.34,718.0,36,Mortgage,Medical,PhD,Married,0
101247,35,132479.0,3.0,15804.0,9.7,661.0,60,Rent,Medical,Master,Single,0
101248,55,94718.0,18.0,15960.0,5.14,677.0,60,Rent,Debt_Consolidation,Bachelor,Married,0
101249,50,95144.0,4.0,22481.0,13.67,778.0,36,Rent,Debt_Consolidation,Bachelor,Divorced,1
101250,32,51351.0,14.0,20181.0,9.75,695.0,60,Mortgage,Home_Improvement,High_School,Divorced,1
101251,28,41265.0,9.0,19348.0,5.45,676.0,60,Rent,Debt_Consolidation,Bachelor,Married,0
101252,53,63221.0,4.0,22356.0,8.61,712.0,60,Mortgage,Home_Improvement,Bachelor,Married,1
101253,49,36384.0,29.0,13813.0,14.71,710.0,48,Rent,Debt_Consolidation,Bachelor,Single,0
101254,58,104311.0,29.0,14254.0,8.15,836.0,60,Rent,Debt_Consolidation,High_School,Single,0
101255,63,59216.0,28.0,23538.0,13.29,700.0,60,Rent,Debt_Consolidation,High_School,Married,0
101256,30,,1.0,9640.0,10.63,635.0,72,Rent,Home_Improvement,High_School,Single,0
101257,40,74299.0,7.0,10178.0,10.5,640.0,48,Mortgage,Debt_Consolidation,Master,Married,0
101258,21,44848.0,25.0,13919.0,7.16,742.0,72,Own,Medical,Bachelor,Single,0
101259,49,31618.0,28.0,3970.0,12.79,732.0,60,Rent,Home_Improvement,Bachelor,Single,1
101260,48,57699.0,16.0,2000.0,9.04,687.0,36,Mortgage,Debt_Consolidation,Bachelor,Married,0
101261,63,92191.0,11.0,5409.0,12.83,,60,Mortgage,Business,High_School,Married,0
101262,52,96325.0,11.0,20084.0,5.47,795.0,48,Mortgage,Home_Improvement,High_School,Single,0
101263,36,61698.0,8.0,21410.0,12.04,764.0,48,Mortgage,Home_Improvement,Bachelor,Single,1
101264,49,43620.0,23.0,17578.0,4.0,773.0,48,Rent,Debt_Consolidation,Bachelor,Single,0
101265,57,133695.0,2.0,27296.0,7.72,705.0,60,Rent,Debt_Consolidation,High_School,Single,0
101266,36,33805.0,11.0,40195.0,11.85,613.0,60,Rent,,Master,Married,1
101267,38,43342.0,17.0,28446.0,13.5,729.0,60,Mortgage,Education,Bachelor,Married,1
101268,21,78381.0,2.0,19123.0,13.27,601.0,72,Rent,Business,Bachelor,Single,1
101269,50,85026.0,2.0,13407.0,13.9,732.0,36,Mortgage,Debt_Consolidation,Master,Divorced,0
101270,54,38711.0,23.0,28041.0,14.25,671.0,60,Mortgage,Home_Improvement,Bachelor,Divorced,1
101271,24,62861.0,4.0,14774.0,5.39,712.0,36,Own,Debt_Consolidation,Master,Married,0
101272,45,135124.0,15.0,27233.0,11.19,615.0,36,Mortgage,Debt_Consolidation,Master,Divorced,0
101273,32,115078.0,14.0,27183.0,10.48,759.0,48,Mortgage,Debt_Consolidation,High_School,Married,1
101274,28,44233.0,30.0,26916.0,16.68,793.0,48,Mortgage,Debt_Consolidation,Bachelor,Married,1
101275,30,110599.0,0.0,2000.0,9.53,772.0,48,Rent,Debt_Consolidation,Bachelor,Single,0
101276,39,34469.0,16.0,26815.0,10.35,586.0,72,Mortgage,Debt_Consolidation,Bachelor,Married,1
101277,24,170561.0,21.0,18290.0,7.47,716.0,36,Rent,Debt_Consolidation,High_School,Married,0
101278,42,52022.0,30.0,31924.0,11.28,653.0,60,Mortgage,Medical,Bachelor,Divorced,1
101279,52,,11.0,8406.0,9.03,754.0,36,Mortgage,Debt_Consolidation,Master,Single,1
101280,56,26220.0,21.0,18735.0,11.97,657.0,36,Mortgage,Debt_Consolidation,High_School,Single,1
101281,38,97617.0,29.0,8164.0,16.01,692.0,36,Rent,Medical,Bachelor,Married,0
101282,46,,6.0,22836.0,10.5,754.0,72,Rent,Debt_Consolidation,Bachelor,Single,1
101283,38,45462.0,11.0,28032.0,7.73,677.0,36,Rent,Debt_Consolidation,High_School,Single,1
101284,57,76250.0,3.0,16389.0,9.06,679.0,48,Mortgage,Debt_Consolidation,Master,Married,0
101285,65,107156.0,21.0,15937.0,8.12,739.0,60,Own,Home_Improvement,Bachelor,Single,0
101286,54,27856.0,28.0,7799.0,8.01,,60,Mortgage,Debt_Consolidation,High_School,Married,0
101287,42,134392.0,5.0,12132.0,12.16,644.0,36,Rent,,,Divorced,0
101288,56,46271.0,13.0,4859.0,6.57,574.0,48,Rent,Home_Improvement,Bachelor,Married,0
101289,36,82721.0,19.0,27561.0,8.47,595.0,48,Mortgage,Home_Improvement,Master,Single,0
101290,35,36289.0,14.0,2000.0,9.06,739.0,60,Rent,Education,Master,Married,0
101291,45,105754.0,6.0,16600.0,6.07,672.0,36,Own,Medical,Bachelor,Married,0
101292,37,102483.0,24.0,16731.0,10.62,702.0,36,Mortgage,Home_Improvement,Master,Single,1
101293,59,64632.0,1.0,22339.0,13.71,691.0,72,Mortgage,Business,Bachelor,Single,0
101294,23,47639.0,12.0,19466.0,8.86,647.0,36,Mortgage,Debt_Consolidation,High_School,Single,1
101295,24,55590.0,16.0,12690.0,7.67,703.0,60,Rent,Medical,Bachelor,Married,0
101296,34,58362.0,21.0,2000.0,9.45,,60,Rent,Debt_Consolidation,Bachelor,Married,0
101297,34,105733.0,11.0,15007.0,4.44,712.0,60,Rent,Debt_Consolidation,Bachelor,Married,0
101298,44,48613.0,2.0,12402.0,10.53,672.0,36,Rent,Education,High_School,Single,0
101299,36,152313.0,19.0,19437.0,16.28,763.0,36,Own,Business,Master,Single,0
101300,35,19407.0,12.0,2000.0,13.18,814.0,60,Rent,Debt_Consolidation,Bachelor,Single,0
101301,30,129470.0,19.0,32233.0,6.84,699.0,48,Mortgage,Business,Bachelor,Married,1
101302,41,48291.0,7.0,12969.0,5.83,729.0,36,Mortgage,Education,Master,Divorced,0
101303,50,61284.0,24.0,23020.0,11.15,767.0,60,Own,Home_Improvement,Bachelor,Single,0
101304,29,32012.0,22.0,14000.0,8.73,735.0,60,Own,Medical,PhD,Single,1
101305,40,94985.0,24.0,11723.0,11.03,,36,Own,Medical,Bachelor,Single,0
101306,54,58082.0,9.0,12601.0,10.14,683.0,48,Mortgage,Debt_Consolidation,Bachelor,Married,0
101307,62,94773.0,27.0,18253.0,7.04,744.0,36,Own,Debt_Consolidation,Bachelor,Married,0
101308,59,37708.0,19.0,29995.0,8.1,626.0,60,Mortgage,Business,Master,Single,0
101309,21,52501.0,26.0,14613.0,14.28,717.0,60,Own,Business,Bachelor,Married,0
101310,52,36163.0,15.0,29306.0,12.37,677.0,60,Rent,Home_Improvement,Bachelor,Married,1
101311,64,75726.0,21.0,25107.0,9.67,625.0,48,Mortgage,Business,Master,Married,1
101312,25,47527.0,15.0,12621.0,9.11,754.0,72,Mortgage,Debt_Consolidation,Master,Single,0
101313,57,117197.0,23.0,21153.0,7.15,702.0,60,Rent,Debt_Consolidation,Bachelor,Single,0
101314,41,60971.0,16.0,3419.0,14.0,812.0,36,Rent,Home_Improvement,Bachelor,Married,0
101315,54,118933.0,30.0,5742.0,12.13,668.0,36,Rent,Business,High_School,Single,0
101316,28,69847.0,5.0,13981.0,4.0,692.0,60,Mortgage,Education,High_School,Single,0
101317,41,39639.0,13.0,22147.0,10.3,755.0,36,Mortgage,Debt_Consolidation,High_School,Married,0
101318,35,58806.0,25.0,27106.0,13.09,716.0,48,Rent,Home_Improvement,Master,Single,1
101319,31,68933.0,15.0,26780.0,8.43,665.0,60,Mortgage,Debt_Consolidation,High_School,Married,1
101320,37,59791.0,0.0,48492.0,9.54,678.0,60,Rent,Debt_Consolidation,Bachelor,Married,0
101321,35,77164.0,24.0,39832.0,10.33,603.0,72,Rent,Education,Master,Single,1
101322,37,72732.0,7.0,25857.0,8.86,768.0,60,Rent,Home_Improvement,Bachelor,Single,1
101323,29,96938.0,21.0,22193.0,10.97,650.0,36,Rent,Debt_Consolidation,Master,Single,0
101324,40,43496.0,25.0,21299.0,8.48,722.0,72,Rent,Education,High_School,Single,0
101325,55,82989.0,14.0,18454.0,12.53,641.0,36,Own,Business,Bachelor,Married,0
101326,48,98267.0,5.0,7122.0,6.33,708.0,72,Mortgage,Education,PhD,Married,0
101327,56,81554.0,13.0,25882.0,4.0,746.0,60,Rent,Debt_Consolidation,Master,Divorced,0
101328,39,60380.0,20.0,20478.0,14.57,732.0,60,Rent,Debt_Consolidation,Bachelor,Single,0
101329,28,,22.0,21750.0,14.25,668.0,60,Rent,Education,Bachelor,Married,0
101330,26,49126.0,2.0,15695.0,8.41,685.0,48,Rent,Debt_Consolidation,High_School,Married,1
101331,60,71302.0,30.0,27191.0,4.6,612.0,48,Mortgage,Debt_Consolidation,High_School,Married,0
101332,55,75805.0,20.0,20408.0,14.28,551.0,60,Mortgage,Debt_Consolidation,Bachelor,Married,1
101333,53,58366.0,7.0,22672.0,13.54,659.0,36,Mortgage,Debt_Consolidation,High_School,Divorced,1
101334,42,54053.0,17.0,28331.0,10.07,758.0,36,Mortgage,Medical,High_School,Divorced,0
101335,36,45758.0,11.0,24885.0,12.16,733.0,60,Mortgage,Business,PhD,Single,1
101336,38,65193.0,17.0,6614.0,8.38,646.0,72,Mortgage,Medical,Bachelor,Single,0
101337,23,98561.0,1.0,16347.0,7.97,663.0,36,Mortgage,Medical,Master,Married,1
101338,46,40512.0,23.0,29739.0,5.5,716.0,60,Mortgage,Education,High_School,Married,1
101339,35,54629.0,19.0,10348.0,13.64,741.0,48,Mortgage,Debt_Consolidation,Master,Single,0
101340,63,42720.0,20.0,20967.0,12.65,652.0,36,Rent,Education,Bachelor,Married,0
101341,27,202786.0,14.0,5229.0,9.78,739.0,60,Rent,Education,PhD,Married,0
101342,65,182174.0,23.0,33401.0,7.99,730.0,36,Own,Home_Improvement,Bachelor,Single,1
101343,39,105387.0,20.0,5961.0,9.7,621.0,36,Mortgage,Medical,High_School,Single,0
101344,24,58676.0,25.0,16132.0,13.04,685.0,60,Mortgage,Education,High_School,Married,0
101345,26,37898.0,23.0,39002.0,12.23,,36,Rent,Home_Improvement,Bachelor,Married,1
101346,52,40915.0,12.0,13050.0,8.68,,72,Rent,Debt_Consolidation,High_School,Married,0
101347,42,23472.0,20.0,5109.0,13.59,768.0,48,Mortgage,Debt_Consolidation,Bachelor,Married,0
101348,32,67645.0,8.0,27833.0,10.64,729.0,36,Mortgage,Business,High_School,Single,0
101349,33,,15.0,8429.0,12.7,672.0,36,Rent,Debt_Consolidation,High_School,Married,0
101350,59,61644.0,14.0,11083.0,11.9,627.0,60,,Education,Bachelor,Married,0
101351,38,66765.0,1.0,18669.0,10.08,704.0,36,Own,Home_Improvement,Bachelor,Single,0
101352,27,51351.0,5.0,21974.0,8.8,590.0,36,Rent,Debt_Consolidation,PhD,Divorced,0
101353,39,54650.0,9.0,4214.0,8.54,709.0,60,Rent,Education,Bachelor,Single,0
101354,32,53083.0,19.0,15444.0,10.2,780.0,60,Mortgage,Debt_Consolidation,Bachelor,Married,0
101355,40,55738.0,2.0,9968.0,9.83,661.0,60,Rent,Debt_Consolidation,High_School,Single,0
101356,57,86587.0,19.0,14071.0,18.0,735.0,36,Mortgage,Education,Bachelor,Single,0
101357,37,33358.0,2.0,9581.0,16.11,647.0,72,Own,Business,Bachelor,Married,0
101358,45,87515.0,21.0,13646.0,15.26,710.0,36,Rent,Education,Bachelor,Married,0
101359,28,65632.0,0.0,2166.0,8.17,694.0,36,Mortgage,Debt_Consolidation,Master,Divorced,1
101360,32,107239.0,21.0,7815.0,8.1,711.0,72,Mortgage,Debt_Consolidation,Bachelor,Single,0
101361,61,27224.0,4.0,20437.0,12.56,665.0,60,Mortgage,Education,Bachelor,Married,0
101362,49,39798.0,26.0,17007.0,13.27,761.0,72,Rent,Debt_Consolidation,Master,Single,0
101363,61,92281.0,17.0,25186.0,8.52,683.0,60,Mortgage,Home_Improvement,High_School,Single,0
101364,32,48903.0,23.0,12154.0,13.23,690.0,60,Mortgage,Home_Improvement,Bachelor,Married,0
101365,43,88558.0,14.0,25496.0,11.76,653.0,36,Mortgage,Education,Bachelor,Married,0
101366,62,70645.0,9.0,19504.0,13.42,645.0,36,Rent,Business,Bachelor,Single,1
101367,29,39495.0,24.0,17413.0,13.6,695.0,36,Own,Debt_Consolidation,Bachelor,Single,0
101368,58,74737.0,9.0,8063.0,13.8,708.0,36,Own,Medical,High_School,Married,0
101369,32,84506.0,14.0,8698.0,12.88,735.0,36,Mortgage,Business,High_School,Single,0
101370,50,69130.0,5.0,6742.0,14.29,604.0,36,Mortgage,Business,Bachelor,Single,0
101371,47,47568.0,27.0,13295.0,14.03,732.0,72,Mortgage,Home_Improvement,Master,Single,0
101372,36,122796.0,0.0,12596.0,11.79,702.0,36,Mortgage,Education,Bachelor,Single,0
101373,27,26981.0,0.0,30313.0,9.17,664.0,60,Rent,Home_Improvement,Bachelor,Single,1
101374,55,66547.0,7.0,26690.0,11.55,630.0,60,Mortgage,Business,Master,Divorced,1
101375,61,54384.0,13.0,7650.0,11.57,721.0,72,Mortgage,Business,High_School,Married,0
101376,62,90514.0,9.0,12700.0,12.45,658.0,60,Rent,Debt_Consolidation,Bachelor,Divorced,1
101377,57,18546.0,6.0,19070.0,7.29,739.0,36,Mortgage,Business,Master,Single,0
101378,51,46304.0,13.0,25050.0,8.05,674.0,48,Own,Debt_Consolidation,Master,Single,0
101379,57,42498.0,16.0,15795.0,8.89,658.0,60,Mortgage,Home_Improvement,High_School,Single,1
101380,35,72512.0,18.0,4208.0,5.18,685.0,36,Mortgage,Debt_Consolidation,Master,Married,0
101381,45,55690.0,26.0,15574.0,7.96,672.0,60,Own,Home_Improvement,Bachelor,Married,0
101382,32,95671.0,14.0,25807.0,7.12,750.0,60,Rent,Debt_Consolidation,High_School,Married,0
101383,65,53628.0,21.0,25226.0,7.76,695.0,60,Mortgage,Debt_Consolidation,Bachelor,Married,0
101384,23,,12.0,20729.0,6.01,741.0,60,Mortgage,Medical,PhD,Single,0
101385,63,167402.0,21.0,11675.0,10.51,713.0,48,Rent,Debt_Consolidation,Bachelor,Married,0
101386,36,37169.0,14.0,20551.0,14.5,682.0,48,Rent,Medical,Master,Single,0
101387,34,84555.0,16.0,16308.0,11.43,654.0,36,Rent,Debt_Consolidation,PhD,Single,1
101388,59,75816.0,19.0,16417.0,4.96,709.0,72,Mortgage,Home_Improvement,Bachelor,Single,0
101389,65,106755.0,5.0,8095.0,10.79,697.0,60,Rent,Home_Improvement,High_School,Single,0
101390,31,57474.0,1.0,18855.0,4.86,633.0,48,Rent,Debt_Consolidation,Master,Single,0
101391,21,41168.0,20.0,18726.0,15.31,725.0,36,Mortgage,Debt_Consolidation,Bachelor,Married,1
101392,22,79059.0,23.0,25094.0,10.03,540.0,48,Mortgage,Medical,Master,Married,0
101393,59,40134.0,1.0,18438.0,7.42,570.0,36,Mortgage,Debt_Consolidation,Master,Single,1
101394,63,60229.0,21.0,2336.0,16.75,693.0,48,Mortgage,Debt_Consolidation,Master,Single,0
101395,62,89425.0,30.0,24484.0,4.0,633.0,60,Mortgage,Home_Improvement,High_School,Married,0
101396,28,53712.0,29.0,9752.0,4.0,648.0,36,Mortgage,Home_Improvement,Bachelor,Single,0
101397,52,46683.0,9.0,14262.0,14.3,753.0,36,Rent,Education,Bachelor,Single,0
101398,40,88508.0,13.0,21590.0,13.2,678.0,36,Mortgage,Debt_Consolidation,High_School,Single,1
101399,62,55759.0,22.0,17255.0,7.9,630.0,36,Mortgage,Home_Improvement,Bachelor,Married,1
101400,32,65632.0,11.0,24172.0,9.45,740.0,60,Mortgage,Home_Improvement,Bachelor,Married,0
101401,44,50447.0,15.0,21160.0,8.1,651.0,36,Mortgage,Debt_Consolidation,High_School,Single,1
101402,57,55475.0,0.0,24517.0,6.36,678.0,60,Rent,Debt_Consolidation,PhD,Single,0
101403,38,142613.0,,15084.0,10.5,723.0,60,Rent,Home_Improvement,Bachelor,Single,0
101404,46,105264.0,30.0,34517.0,13.93,725.0,60,Mortgage,Business,High_School,Married,0
101405,49,22932.0,24.0,4376.0,10.93,649.0,60,Mortgage,Education,High_School,Married,0
101406,62,76413.0,16.0,15843.0,8.84,715.0,36,Mortgage,Home_Improvement,,Single,0
101407,36,74384.0,19.0,2000.0,6.65,679.0,60,Mortgage,Debt_Consolidation,High_School,Single,0
101408,40,72260.0,1.0,16366.0,7.66,639.0,48,Rent,Debt_Consolidation,Master,Married,1
101409,52,104133.0,6.0,24858.0,6.7,682.0,60,Rent,Education,High_School,Divorced,1
101410,44,28322.0,21.0,24248.0,9.86,,36,Mortgage,Debt_Consolidation,High_School,Single,0
101411,34,93744.0,25.0,27885.0,13.01,749.0,60,Own,Business,High_School,Single,1
101412,52,74133.0,16.0,36428.0,11.0,715.0,60,Mortgage,Debt_Consolidation,Bachelor,Single,1
101413,54,46038.0,30.0,24242.0,5.62,687.0,60,Mortgage,Debt_Consolidation,Bachelor,Single,0
101414,50,63494.0,16.0,20581.0,10.15,708.0,60,Rent,Business,Bachelor,Single,1
101415,29,43716.0,15.0,11032.0,6.45,704.0,72,Rent,Debt_Consolidation,,Single,0
101416,55,26974.0,27.0,29277.0,11.52,668.0,60,Rent,Debt_Consolidation,Bachelor,Married,1
101417,57,89277.0,28.0,14305.0,11.16,669.0,60,Rent,Home_Improvement,Bachelor,Married,0
101418,33,51955.0,19.0,15960.0,11.52,681.0,60,Mortgage,Education,Bachelor,Married,1
101419,61,,20.0,24045.0,14.26,761.0,36,Mortgage,Home_Improvement,Bachelor,Married,0
101420,41,54212.0,6.0,18664.0,12.57,659.0,60,Rent,Medical,Master,Married,1
101421,30,118112.0,4.0,24231.0,7.07,720.0,36,Own,Medical,Bachelor,Married,0
101422,29,55301.0,10.0,12510.0,11.07,654.0,60,Rent,Business,Bachelor,Single,0
101423,50,89082.0,8.0,15327.0,11.92,742.0,60,Mortgage,Debt_Consolidation,Master,Married,0
101424,29,112394.0,24.0,22696.0,12.89,639.0,60,Mortgage,Debt_Consolidation,PhD,Single,0
101425,37,34434.0,11.0,8538.0,10.78,781.0,60,Rent,Debt_Consolidation,Bachelor,Married,0
101426,60,48509.0,10.0,18238.0,6.8,765.0,60,Own,Medical,Bachelor,Divorced,0
101427,25,84931.0,8.0,19115.0,12.83,679.0,60,Rent,Debt_Consolidation,Master,Single,0
101428,44,76934.0,13.0,21195.0,8.51,628.0,36,Rent,Debt_Consolidation,Master,Married,0
101429,54,63544.0,9.0,21729.0,7.24,783.0,48,Rent,Debt_Consolidation,PhD,Single,0
101430,59,53060.0,27.0,15141.0,12.69,802.0,60,Mortgage,Debt_Consolidation,Bachelor,Married,0
101431,34,42014.0,21.0,29670.0,12.04,693.0,48,Rent,Debt_Consolidation,Master,Married,1
101432,23,25582.0,11.0,18988.0,9.73,739.0,60,Rent,Debt_Consolidation,Bachelor,Single,1
101433,37,63948.0,10.0,5345.0,6.98,680.0,60,Rent,Home_Improvement,Bachelor,Divorced,0
101434,63,22644.0,11.0,3228.0,13.72,789.0,48,Rent,Home_Improvement,Bachelor,Married,0
101435,35,123060.0,7.0,32600.0,13.03,644.0,72,Rent,Business,High_School,Divorced,1
101436,57,169316.0,19.0,27770.0,8.25,662.0,36,Mortgage,Home_Improvement,Bachelor,Married,0
101437,44,75461.0,24.0,18818.0,10.96,772.0,36,Mortgage,Debt_Consolidation,Master,Married,0
101438,49,78769.0,14.0,6168.0,7.87,766.0,36,Rent,Home_Improvement,High_School,Single,1
101439,61,84785.0,22.0,23601.0,13.84,710.0,60,Rent,Debt_Consolidation,Bachelor,Married,1
101440,63,113668.0,22.0,12654.0,6.83,756.0,36,Own,Education,PhD,Married,0
101441,35,63776.0,28.0,24010.0,8.54,658.0,60,Mortgage,Education,High_School,Married,0
101442,46,88996.0,25.0,4597.0,11.07,714.0,60,Rent,Home_Improvement,High_School,Divorced,0
101443,27,40809.0,4.0,19722.0,10.72,778.0,36,Own,Debt_Consolidation,Master,Divorced,1
101444,61,57452.0,27.0,12205.0,15.82,587.0,60,Rent,Debt_Consolidation,Bachelor,Single,1
101445,26,109529.0,12.0,15899.0,13.71,660.0,36,Rent,Medical,Bachelor,Married,0
101446,32,48317.0,12.0,6983.0,9.09,682.0,48,Rent,Home_Improvement,Master,Married,1
101447,64,80057.0,21.0,3686.0,8.73,672.0,60,Own,Debt_Consolidation,Master,Married,0
101448,58,44596.0,8.0,3519.0,6.67,752.0,60,Mortgage,Debt_Consolidation,Bachelor,Married,0
101449,23,39299.0,20.0,21362.0,8.81,644.0,48,Own,Education,Bachelor,Married,0
101450,55,50511.0,23.0,10322.0,10.2,714.0,60,Mortgage,Education,Master,Divorced,0
101451,47,80970.0,11.0,5712.0,12.03,628.0,36,Mortgage,Medical,Master,Single,0
101452,49,72737.0,9.0,14542.0,11.82,665.0,60,Rent,Debt_Consolidation,Master,Single,0
101453,49,40656.0,1.0,16004.0,7.8,592.0,60,Rent,Debt_Consolidation,Bachelor,Married,1
101454,43,101796.0,9.0,17703.0,4.0,694.0,72,Mortgage,Debt_Consolidation,PhD,Single,0
101455,39,152811.0,21.0,6777.0,9.39,566.0,36,Mortgage,Home_Improvement,Master,Single,0
101456,41,92364.0,6.0,21651.0,7.9,673.0,36,Mortgage,Debt_Consolidation,Bachelor,Married,0
101457,53,74867.0,20.0,25082.0,8.86,730.0,60,Mortgage,Medical,High_School,Divorced,0
101458,63,49984.0,2.0,24616.0,8.5,,72,Rent,Medical,Master,Single,1
101459,33,57365.0,29.0,11977.0,9.72,722.0,36,Rent,Debt_Consolidation,High_School,Single,0
101460,47,61325.0,28.0,21579.0,10.92,663.0,72,Mortgage,Debt_Consolidation,Bachelor,Married,0
101461,36,75332.0,25.0,17117.0,7.63,761.0,72,Rent,Medical,Master,Single,0
101462,60,33889.0,25.0,8546.0,9.7,688.0,36,Rent,Education,Bachelor,Married,0
101463,63,86209.0,29.0,26382.0,10.55,743.0,36,Mortgage,Business,Bachelor,Single,0
101464,37,61541.0,24.0,2000.0,11.08,679.0,36,Mortgage,Debt_Consolidation,Master,Married,0
101465,28,34442.0,5.0,8779.0,4.0,656.0,60,Mortgage,Medical,Bachelor,Married,0
101466,60,81252.0,27.0,22799.0,13.76,691.0,60,Rent,Home_Improvement,Bachelor,Single,1
101467,62,35349.0,3.0,15246.0,12.83,797.0,60,Rent,Debt_Consolidation,Bachelor,Married,0
101468,47,69217.0,29.0,9056.0,17.87,680.0,60,Rent,Debt_Consolidation,Bachelor,Divorced,0
101469,47,69775.0,30.0,16378.0,8.53,631.0,36,Own,Education,Bachelor,Single,1
101470,58,45263.0,19.0,41713.0,8.12,663.0,48,Rent,Medical,Master,Single,1
101471,30,45845.0,0.0,8549.0,14.53,723.0,36,Rent,Debt_Consolidation,Master,Single,1
101472,29,36307.0,28.0,8587.0,8.91,668.0,48,Rent,Home_Improvement,Bachelor,Married,0
101473,50,95297.0,24.0,22632.0,12.79,654.0,72,Rent,Debt_Consolidation,,Single,1
101474,46,39062.0,3.0,5624.0,11.32,726.0,36,Mortgage,Debt_Consolidation,High_School,Married,0
101475,49,87022.0,28.0,17502.0,7.27,610.0,72,Mortgage,Home_Improvement,High_School,Married,0
101476,61,53044.0,19.0,21102.0,18.48,667.0,36,Mortgage,Home_Improvement,Bachelor,Married,1
101477,35,73783.0,15.0,21565.0,12.75,815.0,60,Rent,Business,Bachelor,Married,0
101478,43,100723.0,22.0,14660.0,6.89,694.0,48,Mortgage,Debt_Consolidation,Bachelor,Single,0
101479,32,112321.0,14.0,10795.0,11.44,743.0,72,Rent,Home_Improvement,High_School,Married,0
101480,30,59817.0,16.0,12404.0,9.87,705.0,60,Rent,Debt_Consolidation,Master,Single,0
101481,38,99773.0,17.0,14809.0,13.9,792.0,60,Rent,Medical,Bachelor,Single,0
101482,52,50427.0,10.0,17198.0,6.26,700.0,36,Mortgage,Debt_Consolidation,Master,Single,0
101483,51,63256.0,10.0,30185.0,11.69,674.0,48,Rent,Debt_Consolidation,Master,Single,1
101484,58,42965.0,8.0,18320.0,12.18,661.0,36,Mortgage,Home_Improvement,Bachelor,Single,1
101485,62,92623.0,13.0,17172.0,12.55,804.0,60,Rent,Education,Bachelor,Married,1
101486,30,80949.0,4.0,12267.0,9.04,698.0,36,Mortgage,Debt_Consolidation,Bachelor,Divorced,0
101487,25,126007.0,14.0,20038.0,12.08,726.0,48,Mortgage,Debt_Consolidation,High_School,Single,0
101488,36,62474.0,24.0,15088.0,9.14,674.0,72,Rent,Debt_Consolidation,Bachelor,Single,0
101489,64,70789.0,14.0,19587.0,13.28,608.0,72,Rent,Debt_Consolidation,High_School,Married,1
101490,51,54858.0,9.0,15158.0,7.6,654.0,36,Mortgage,Debt_Consolidation,Bachelor,Married,0
101491,23,24043.0,29.0,11209.0,14.9,675.0,36,Mortgage,Home_Improvement,High_School,Single,1
101492,37,60956.0,8.0,12454.0,8.25,632.0,36,Mortgage,Debt_Consolidation,Bachelor,Married,1
101493,65,59088.0,27.0,21536.0,9.68,603.0,60,Rent,Debt_Consolidation,High_School,Divorced,0
101494,54,68990.0,24.0,25060.0,14.15,704.0,72,Rent,Debt_Consolidation,Bachelor,Divorced,1
101495,34,90230.0,0.0,16511.0,15.79,766.0,60,Mortgage,Debt_Consolidation,Bachelor,Married,0
101496,36,53411.0,6.0,9056.0,7.36,653.0,36,Mortgage,Debt_Consolidation,High_School,Single,0
101497,22,67030.0,25.0,2000.0,12.82,652.0,36,Rent,Debt_Consolidation,High_School,Married,0
101498,43,82540.0,14.0,19522.0,7.49,666.0,36,Rent,Medical,Bachelor,Single,0
101499,44,65198.0,12.0,18862.0,15.28,632.0,72,Own,Home_Improvement,Master,Married,1
101500,47,70841.0,21.0,26884.0,12.11,653.0,36,Mortgage,Debt_Consolidation,High_School,Divorced,1
101501,45,130641.0,23.0,26512.0,8.72,659.0,60,Rent,Education,Bachelor,Divorced,0
101502,56,26410.0,18.0,3113.0,9.89,636.0,60,Rent,Debt_Consolidation,Bachelor,Married,0
101503,56,69005.0,23.0,35971.0,7.84,741.0,60,Rent,Medical,Bachelor,Divorced,1
101504,37,107931.0,14.0,15815.0,11.03,722.0,72,Mortgage,Debt_Consolidation,Bachelor,Single,0
101505,34,28349.0,6.0,15370.0,7.29,738.0,60,Rent,Debt_Consolidation,Master,Divorced,0
101506,65,47408.0,11.0,4933.0,8.3,663.0,36,Mortgage,Business,High_School,Single,0
101507,28,136243.0,16.0,15258.0,12.4,681.0,36,Mortgage,Debt_Consolidation,Master,Married,0
101508,32,106004.0,30.0,18435.0,10.84,726.0,60,Own,Debt_Consolidation,Bachelor,Single,0
101509,35,60131.0,23.0,24023.0,7.04,685.0,36,Rent,Debt_Consolidation,Master,Married,0
101510,53,88934.0,18.0,20798.0,8.86,652.0,36,Own,Business,Master,Divorced,1
101511,30,89450.0,28.0,25451.0,12.13,672.0,72,Rent,Business,Bachelor,Divorced,1
101512,36,114678.0,26.0,2788.0,12.56,612.0,36,Own,Medical,Bachelor,Single,0
101513,40,28551.0,26.0,9475.0,8.57,685.0,48,Rent,Debt_Consolidation,High_School,Married,0
101514,42,81836.0,23.0,19542.0,13.11,758.0,72,Rent,Debt_Consolidation,Bachelor,Married,0
101515,62,44800.0,5.0,9581.0,9.52,727.0,72,Mortgage,Education,Bachelor,Single,0
101516,32,75789.0,6.0,26961.0,6.39,705.0,60,Rent,Home_Improvement,Bachelor,Married,0
101517,31,101113.0,5.0,14556.0,7.41,624.0,60,Rent,Debt_Consolidation,Bachelor,Single,1
101518,28,43023.0,10.0,14629.0,10.4,614.0,60,Rent,Debt_Consolidation,Bachelor,Married,1
101519,42,42336.0,7.0,14479.0,7.19,632.0,60,Rent,Home_Improvement,PhD,Single,0
101520,40,89996.0,9.0,30837.0,10.0,670.0,48,Rent,Education,Bachelor,Married,0
101521,60,71161.0,23.0,20929.0,10.77,744.0,72,Rent,Medical,Master,Single,0
101522,64,148554.0,18.0,18327.0,9.14,734.0,48,Rent,Medical,High_School,Married,0
101523,58,87642.0,18.0,14963.0,10.71,771.0,60,Rent,Debt_Consolidation,Bachelor,Married,0
101524,39,58639.0,14.0,32365.0,10.1,730.0,36,Rent,Education,Master,Married,1
101525,36,102827.0,22.0,14683.0,8.69,692.0,60,Rent,Education,Bachelor,Divorced,1
101526,21,36326.0,6.0,15512.0,6.45,737.0,36,Rent,Business,Bachelor,Married,0
101527,39,46006.0,4.0,31870.0,13.42,757.0,60,Rent,Home_Improvement,High_School,Divorced,1
101528,60,57023.0,5.0,19049.0,14.88,696.0,48,Rent,Debt_Consolidation,Master,Married,0
101529,38,99094.0,18.0,16844.0,9.7,735.0,48,Own,Home_Improvement,Bachelor,Married,0
101530,62,85190.0,26.0,34543.0,14.85,780.0,36,Rent,Debt_Consolidation,High_School,Married,1
101531,22,60269.0,2.0,16975.0,6.03,646.0,36,Own,Debt_Consolidation,Bachelor,Single,1
101532,36,71247.0,4.0,18980.0,6.59,643.0,60,Rent,Debt_Consolidation,Bachelor,Single,0
101533,50,53269.0,30.0,13349.0,12.39,567.0,36,Rent,Home_Improvement,High_School,Married,0
101534,44,164463.0,5.0,11109.0,14.28,695.0,36,Rent,Debt_Consolidation,Bachelor,Single,0
101535,27,45151.0,5.0,17980.0,10.36,663.0,36,Mortgage,Education,High_School,Divorced,0
101536,22,69355.0,19.0,12435.0,4.82,711.0,48,Mortgage,Education,High_School,Single,0
101537,62,17434.0,29.0,23890.0,12.07,594.0,72,Mortgage,Medical,Master,Married,1
101538,53,85179.0,30.0,8551.0,13.73,737.0,60,Rent,Home_Improvement,Bachelor,Divorced,0
101539,40,127823.0,24.0,3988.0,8.31,800.0,36,Rent,Home_Improvement,High_School,Married,0
101540,40,107021.0,4.0,19340.0,10.27,691.0,36,Rent,Home_Improvement,High_School,Single,0
101541,21,86165.0,5.0,2000.0,4.0,685.0,60,Mortgage,Home_Improvement,High_School,Divorced,0
101542,51,108235.0,11.0,11983.0,12.13,690.0,60,Mortgage,Debt_Consolidation,Master,Married,0
101543,63,55910.0,24.0,14849.0,14.38,723.0,60,Rent,Debt_Consolidation,Bachelor,Single,0
101544,39,46237.0,5.0,12399.0,12.12,670.0,60,Own,Debt_Consolidation,Bachelor,Single,0
101545,27,193028.0,10.0,26233.0,4.0,608.0,60,Mortgage,Debt_Consolidation,Bachelor,Married,0
101546,36,122558.0,28.0,4655.0,8.08,705.0,60,Mortgage,Medical,Bachelor,Single,0
101547,35,81979.0,20.0,28231.0,4.38,625.0,36,Mortgage,Medical,Bachelor,Single,0
101548,47,29957.0,15.0,15016.0,8.62,652.0,60,Rent,Debt_Consolidation,Bachelor,Single,0
101549,63,35668.0,24.0,4897.0,10.53,677.0,48,Own,Debt_Consolidation,Bachelor,Married,0
101550,34,43970.0,28.0,11286.0,11.08,615.0,36,Rent,Home_Improvement,Bachelor,Single,0
101551,60,71195.0,19.0,23819.0,13.68,807.0,60,Rent,Home_Improvement,Master,Single,1
101552,60,40389.0,,11418.0,12.6,711.0,48,Rent,Debt_Consolidation,Bachelor,Married,0
101553,26,51524.0,30.0,10497.0,12.26,677.0,60,Rent,Debt_Consolidation,Master,Married,0
101554,46,68821.0,1.0,14999.0,12.63,714.0,36,Rent,Debt_Consolidation,Master,Married,0
101555,24,19400.0,15.0,16177.0,9.15,709.0,36,Own,Debt_Consolidation,Bachelor,Married,1
101556,24,30293.0,9.0,27346.0,7.08,692.0,36,Mortgage,Home_Improvement,PhD,Divorced,1
101557,22,73933.0,23.0,28751.0,9.42,665.0,60,Mortgage,Debt_Consolidation,Bachelor,Single,0
101558,64,63558.0,29.0,17822.0,19.64,686.0,36,,Medical,Master,Married,1
101559,30,86328.0,20.0,28144.0,7.41,673.0,60,Mortgage,Debt_Consolidation,Master,Married,1
101560,32,69288.0,29.0,14447.0,7.21,765.0,60,Mortgage,Business,High_School,Single,0
101561,44,75192.0,23.0,17833.0,6.36,673.0,72,Mortgage,Debt_Consolidation,Master,Single,0
101562,28,65787.0,15.0,18060.0,7.29,787.0,36,Rent,Education,Master,Single,0
101563,50,55697.0,15.0,7129.0,8.09,749.0,60,Mortgage,Debt_Consolidation,Bachelor,Married,0
101564,46,51239.0,27.0,20239.0,11.31,674.0,36,Own,Education,High_School,Married,0
101565,47,92276.0,16.0,20685.0,12.82,740.0,36,Mortgage,Home_Improvement,Bachelor,Single,1
101566,46,43414.0,23.0,8539.0,6.57,677.0,60,Rent,Education,High_School,Single,0
101567,48,45698.0,22.0,29276.0,9.1,606.0,36,Mortgage,Debt_Consolidation,Bachelor,Single,0
101568,49,32568.0,27.0,36485.0,12.85,706.0,48,Mortgage,Business,Bachelor,Single,1
101569,29,84340.0,16.0,22925.0,8.98,626.0,36,Mortgage,Medical,Master,Single,0
101570,40,42761.0,23.0,33541.0,12.73,749.0,36,Rent,Home_Improvement,Master,Married,1
101571,29,65310.0,9.0,20345.0,10.56,637.0,48,Own,Medical,High_School,Single,0
101572,21,72116.0,25.0,31409.0,7.39,618.0,36,Mortgage,Debt_Consolidation,Bachelor,Married,0
101573,57,48067.0,13.0,33392.0,4.57,717.0,36,Mortgage,Education,Bachelor,Divorced,1
101574,25,76053.0,11.0,22578.0,9.38,665.0,60,Rent,Education,Master,Married,1
101575,58,148076.0,22.0,14088.0,4.0,,36,Mortgage,Debt_Consolidation,High_School,Married,0
101576,59,145093.0,6.0,23872.0,9.1,577.0,60,Mortgage,Debt_Consolidation,Bachelor,Married,0
101577,37,52131.0,12.0,36387.0,11.26,728.0,48,Rent,Debt_Consolidation,Bachelor,Married,1
101578,34,115082.0,26.0,22870.0,7.45,609.0,60,Mortgage,Debt_Consolidation,Bachelor,Single,0
101579,35,36964.0,17.0,24005.0,12.06,702.0,60,Mortgage,Debt_Consolidation,Bachelor,Married,1
101580,39,34040.0,16.0,8053.0,8.84,678.0,60,Own,Business,Bachelor,Single,0
101581,35,143089.0,0.0,11385.0,11.26,702.0,48,Own,Home_Improvement,Master,Single,0
101582,44,36838.0,9.0,26576.0,5.84,628.0,60,Mortgage,Debt_Consolidation,Bachelor,Single,0
101583,48,158829.0,19.0,20458.0,7.18,650.0,60,Rent,Medical,Master,Married,0
101584,61,102673.0,18.0,17650.0,6.47,666.0,60,Own,Business,Master,Married,0
101585,65,150285.0,27.0,23021.0,8.24,733.0,72,Rent,Home_Improvement,High_School,Divorced,0
101586,48,83616.0,18.0,2954.0,9.5,651.0,48,Mortgage,Education,Bachelor,Married,0
101587,25,81496.0,12.0,19774.0,12.14,688.0,48,Own,Business,Master,Single,0
101588,28,33577.0,19.0,27043.0,7.49,665.0,60,Rent,Debt_Consolidation,High_School,Married,0
101589,21,160099.0,4.0,20927.0,8.79,735.0,36,Rent,Home_Improvement,Master,Married,0
101590,22,154399.0,30.0,17431.0,13.15,692.0,36,Mortgage,Education,Bachelor,Married,0
101591,26,76049.0,22.0,25743.0,8.81,664.0,36,Own,Business,Bachelor,Divorced,0
101592,23,130643.0,22.0,2000.0,13.89,633.0,60,Rent,Business,High_School,Married,0
101593,29,78131.0,0.0,21484.0,11.75,646.0,60,Rent,Education,Bachelor,Single,1
101594,21,42591.0,12.0,10205.0,11.93,627.0,60,Own,Business,Master,Single,0
101595,49,85329.0,8.0,35287.0,16.08,721.0,60,Mortgage,Medical,Bachelor,Single,1
101596,60,59942.0,7.0,25330.0,13.48,766.0,60,Mortgage,Debt_Consolidation,Bachelor,Married,1
101597,54,103295.0,20.0,24146.0,,650.0,60,Mortgage,Education,Bachelor,Married,1
101598,26,82234.0,21.0,8560.0,14.09,633.0,60,Rent,Education,High_School,Divorced,0
101599,27,42601.0,21.0,3750.0,10.48,776.0,72,Mortgage,Education,Bachelor,Married,0
101600,35,84362.0,11.0,28498.0,10.53,759.0,60,Rent,Debt_Consolidation,Bachelor,Single,0
101601,57,83195.0,14.0,21194.0,,637.0,60,Rent,Medical,High_School,Married,0
101602,62,88022.0,28.0,23279.0,8.6,671.0,60,Mortgage,Home_Improvement,Bachelor,Married,1
101603,43,64678.0,8.0,36266.0,12.49,674.0,60,Own,Home_Improvement,High_School,Married,1
101604,43,54145.0,9.0,10747.0,14.09,700.0,36,Rent,Debt_Consolidation,Bachelor,Married,1
101605,49,65876.0,1.0,22872.0,9.15,760.0,72,Mortgage,Debt_Consolidation,Bachelor,Married,0
101606,57,62748.0,30.0,4348.0,10.4,739.0,60,Mortgage,Education,Bachelor,Married,0
101607,31,66052.0,3.0,27177.0,8.88,655.0,60,Rent,Home_Improvement,Bachelor,Married,1
101608,55,74981.0,18.0,21907.0,13.83,696.0,48,Mortgage,Business,Bachelor,Single,1
101609,41,91093.0,21.0,17283.0,,712.0,36,Own,Debt_Consolidation,High_School,Married,0
101610,21,49594.0,27.0,11588.0,10.91,850.0,60,Rent,Business,Bachelor,Single,0
101611,65,121777.0,12.0,19274.0,13.77,614.0,36,Rent,Medical,Bachelor,Divorced,0
101612,64,31326.0,11.0,24880.0,16.75,778.0,60,Rent,Education,Bachelor,Married,1
101613,32,70679.0,9.0,17871.0,10.67,681.0,60,Mortgage,Education,Bachelor,Married,0
101614,37,52648.0,12.0,23886.0,5.91,725.0,60,Rent,Debt_Consolidation,Master,Married,0
101615,65,70155.0,3.0,17676.0,7.97,654.0,60,Mortgage,Debt_Consolidation,Bachelor,Single,1
101616,50,81784.0,23.0,30091.0,8.49,594.0,36,Mortgage,Home_Improvement,High_School,Married,1
101617,49,76572.0,20.0,20071.0,4.53,723.0,36,Rent,Medical,Master,Married,0
101618,41,55276.0,14.0,14460.0,8.18,780.0,60,Rent,Home_Improvement,Master,Married,0
101619,61,84954.0,6.0,26711.0,8.59,682.0,60,Mortgage,Home_Improvement,Bachelor,Single,0
101620,37,63192.0,6.0,2000.0,12.78,648.0,36,Rent,Education,Master,Single,0
101621,40,61036.0,29.0,4585.0,7.94,690.0,60,Own,Debt_Consolidation,High_School,Single,0
101622,40,87185.0,6.0,23626.0,13.91,699.0,60,Rent,Home_Improvement,Master,Married,0
101623,30,17042.0,10.0,34493.0,8.36,712.0,72,Mortgage,Home_Improvement,Bachelor,Married,1
101624,54,27042.0,1.0,27649.0,8.73,613.0,60,Own,Debt_Consolidation,Master,Single,1
101625,45,183459.0,29.0,22936.0,11.42,662.0,60,Own,Debt_Consolidation,Master,Single,0
101626,54,104995.0,7.0,9287.0,9.53,679.0,72,Rent,Education,Bachelor,Married,0
101627,55,148018.0,29.0,16656.0,4.0,657.0,60,Mortgage,Education,Bachelor,Single,1
101628,56,36184.0,15.0,28438.0,7.32,648.0,36,Rent,Debt_Consolidation,Bachelor,Married,0
101629,22,28360.0,22.0,12570.0,11.34,684.0,60,Mortgage,Home_Improvement,Master,Married,0
101630,64,70938.0,26.0,25046.0,4.0,750.0,36,Mortgage,Medical,Bachelor,Single,0
101631,44,83187.0,15.0,14190.0,6.89,621.0,72,Rent,Debt_Consolidation,Bachelor,Married,0
101632,63,47977.0,21.0,19365.0,4.03,688.0,48,Rent,Debt_Consolidation,Bachelor,Divorced,0
101633,46,40058.0,13.0,12800.0,16.15,689.0,72,Own,Home_Improvement,Bachelor,Married,1
101634,54,132543.0,15.0,18530.0,14.5,685.0,72,Rent,Debt_Consolidation,Bachelor,Married,1
101635,29,148419.0,30.0,25146.0,11.53,741.0,36,Rent,Medical,High_School,Single,1
101636,46,79603.0,5.0,28752.0,7.77,665.0,36,Mortgage,Business,Master,Married,1
101637,49,76237.0,24.0,21933.0,8.92,663.0,36,Own,Education,PhD,Married,1
101638,48,39993.0,26.0,30792.0,11.43,694.0,60,Rent,Debt_Consolidation,Bachelor,Married,1
101639,57,96173.0,30.0,24878.0,9.4,731.0,36,Rent,Debt_Consolidation,High_School,Married,0
101640,48,154171.0,12.0,12953.0,7.51,718.0,48,Own,Medical,Bachelor,Married,0
101641,65,44825.0,18.0,26511.0,11.12,628.0,60,Mortgage,Education,Master,Married,1
101642,51,64982.0,24.0,26601.0,6.38,716.0,36,Rent,Education,Master,Single,0
101643,47,110305.0,28.0,7923.0,13.93,687.0,72,Rent,Education,Master,Married,0
101644,46,48263.0,29.0,11622.0,10.92,737.0,48,Rent,Home_Improvement,Bachelor,Divorced,0
101645,61,35632.0,14.0,19295.0,15.68,811.0,60,Mortgage,Debt_Consolidation,High_School,Single,0
101646,57,74254.0,29.0,11251.0,8.97,,60,Rent,Debt_Consolidation,High_School,Married,0
101647,45,158048.0,11.0,23929.0,11.45,633.0,60,Own,Home_Improvement,Bachelor,Single,0
101648,55,36061.0,26.0,2000.0,6.97,689.0,60,Rent,Education,Master,Single,0
101649,58,58304.0,3.0,9491.0,13.5,666.0,36,Rent,Debt_Consolidation,Bachelor,Married,1
101650,65,43039.0,,22655.0,16.73,635.0,48,Mortgage,Business,PhD,Married,1
101651,25,67228.0,7.0,19512.0,10.17,735.0,60,Mortgage,Home_Improvement,Bachelor,Single,1
101652,62,171175.0,28.0,13894.0,7.44,724.0,60,Rent,Business,High_School,Married,0
101653,29,130314.0,7.0,13359.0,8.46,637.0,36,Rent,Debt_Consolidation,Bachelor,Single,0
101654,61,41792.0,2.0,34372.0,10.06,660.0,60,Rent,Debt_Consolidation,Bachelor,Married,1
101655,35,86473.0,2.0,12744.0,12.3,679.0,36,Own,Debt_Consolidation,Bachelor,Single,0
101656,29,65881.0,30.0,28482.0,13.93,676.0,48,Rent,Debt_Consolidation,Bachelor,Single,1
101657,32,73921.0,0.0,21095.0,9.4,661.0,36,Rent,Debt_Consolidation,Bachelor,Married,0
101658,30,41280.0,0.0,17470.0,12.1,654.0,36,Rent,Medical,High_School,Single,1
101659,58,44203.0,2.0,12985.0,7.54,691.0,60,Mortgage,Business,High_School,Single,1
101660,63,44037.0,13.0,24412.0,17.02,634.0,36,Mortgage,Education,Master,Married,1
101661,31,64633.0,13.0,10214.0,7.37,634.0,60,Mortgage,Education,Master,Married,0
101662,29,69292.0,15.0,16152.0,9.4,651.0,48,Own,Debt_Consolidation,Bachelor,Married,1
101663,53,72686.0,22.0,13381.0,13.12,737.0,72,Rent,Education,Bachelor,Single,0
101664,65,60521.0,14.0,23541.0,13.73,738.0,36,Rent,Home_Improvement,High_School,Married,1
101665,43,25477.0,16.0,7083.0,6.73,662.0,36,Rent,,Bachelor,Married,0
101666,57,68569.0,25.0,5860.0,6.99,742.0,60,Mortgage,Home_Improvement,Master,Single,0
101667,56,43483.0,0.0,17992.0,13.46,621.0,60,Mortgage,Business,Bachelor,Married,1
101668,48,90520.0,8.0,16330.0,7.55,672.0,36,Own,Home_Improvement,Master,Married,1
101669,42,40822.0,29.0,24361.0,11.38,763.0,36,Mortgage,Debt_Consolidation,High_School,Single,0
101670,36,70417.0,27.0,28923.0,11.59,686.0,36,Rent,Debt_Consolidation,PhD,Married,1
101671,41,86398.0,16.0,16689.0,8.83,783.0,60,Mortgage,Debt_Consolidation,High_School,Married,0
101672,56,59128.0,13.0,19122.0,,679.0,60,Rent,Debt_Consolidation,PhD,Married,0
101673,59,46022.0,10.0,16039.0,15.74,674.0,36,Mortgage,Debt_Consolidation,Master,Single,1
101674,23,115098.0,4.0,8645.0,9.85,727.0,48,Mortgage,Debt_Consolidation,High_School,Married,1
101675,21,103104.0,29.0,27063.0,8.76,741.0,60,Rent,Debt_Consolidation,Bachelor,Single,0
101676,24,,13.0,27353.0,9.99,652.0,36,Own,Medical,Master,Married,0
101677,52,52360.0,19.0,13826.0,14.9,651.0,48,Mortgage,Debt_Consolidation,High_School,Married,0
101678,51,46342.0,20.0,21537.0,7.15,665.0,60,Mortgage,Debt_Consolidation,Master,Single,0
101679,52,102062.0,15.0,26589.0,10.02,678.0,60,Own,Debt_Consolidation,Master,Married,1
101680,33,87031.0,24.0,24432.0,9.24,698.0,60,Mortgage,Education,High_School,Single,1
101681,47,66859.0,11.0,9263.0,11.88,705.0,60,Rent,Debt_Consolidation,Bachelor,Married,0
101682,60,68701.0,27.0,7868.0,7.64,673.0,36,Own,Education,High_School,Divorced,0
101683,62,28907.0,16.0,5831.0,9.84,662.0,60,Mortgage,Medical,Bachelor,Single,0
101684,21,70364.0,1.0,20468.0,11.72,525.0,36,Mortgage,Home_Improvement,Bachelor,Divorced,1
101685,35,80763.0,20.0,20047.0,7.74,611.0,48,Mortgage,Debt_Consolidation,Master,Single,0
101686,45,38150.0,2.0,17246.0,4.76,637.0,48,Rent,Debt_Consolidation,Bachelor,Divorced,0
101687,65,36887.0,7.0,23316.0,12.58,691.0,60,Mortgage,Home_Improvement,Master,Single,0
101688,60,54698.0,10.0,2000.0,8.45,748.0,60,Mortgage,Home_Improvement,PhD,Divorced,0
101689,25,89536.0,9.0,12765.0,6.49,811.0,36,Rent,Medical,High_School,Married,0
101690,25,36246.0,30.0,5981.0,8.57,637.0,48,Rent,Debt_Consolidation,PhD,Married,0
101691,36,45633.0,13.0,37032.0,11.75,642.0,72,Mortgage,Debt_Consolidation,Bachelor,Married,1
101692,52,40473.0,30.0,17671.0,7.26,717.0,36,Mortgage,Debt_Consolidation,High_School,Single,0
101693,59,80923.0,27.0,18439.0,12.34,684.0,48,Rent,Debt_Consolidation,High_School,Married,1
101694,22,92179.0,22.0,16954.0,10.26,630.0,60,Mortgage,Debt_Consolidation,Master,Single,1
101695,62,75237.0,4.0,4279.0,9.28,672.0,60,Rent,Debt_Consolidation,Master,Single,0
101696,54,47403.0,4.0,22164.0,14.31,705.0,60,Mortgage,Medical,High_School,Married,1
101697,62,34772.0,24.0,25329.0,18.76,657.0,72,Rent,Medical,Bachelor,Single,1
101698,30,45158.0,27.0,21849.0,9.11,704.0,36,Mortgage,Debt_Consolidation,Master,Single,1
101699,27,125943.0,15.0,8954.0,11.94,655.0,72,Rent,Home_Improvement,Bachelor,Single,0
101700,60,90577.0,1.0,17977.0,11.41,616.0,60,Own,Debt_Consolidation,,Divorced,1
101701,49,113818.0,,21963.0,12.88,795.0,60,Rent,Debt_Consolidation,Master,Married,0
101702,33,107526.0,25.0,24045.0,9.87,671.0,72,Rent,Debt_Consolidation,Master,Single,1
101703,22,71127.0,1.0,25498.0,7.3,685.0,36,Rent,Debt_Consolidation,High_School,Married,1
101704,36,27948.0,22.0,11383.0,8.05,665.0,48,Rent,Home_Improvement,Bachelor,Married,0
101705,62,67926.0,3.0,23676.0,12.22,723.0,36,Rent,Debt_Consolidation,High_School,Divorced,1
101706,63,143895.0,30.0,19841.0,7.35,771.0,60,Rent,Education,PhD,Married,0
101707,53,43746.0,27.0,18100.0,8.89,651.0,36,Rent,Medical,Master,Married,1
101708,23,26445.0,3.0,20483.0,9.95,658.0,48,Rent,Home_Improvement,Bachelor,Single,1
101709,50,72245.0,29.0,34330.0,9.48,,36,Rent,Business,Bachelor,Married,1
101710,36,59290.0,14.0,7307.0,13.84,674.0,60,Rent,Medical,Bachelor,Single,0
101711,23,73169.0,3.0,17024.0,11.56,624.0,36,Rent,Home_Improvement,Master,Divorced,1
101712,56,81688.0,1.0,20913.0,15.49,669.0,60,Own,Debt_Consolidation,Bachelor,Married,0
101713,61,148130.0,12.0,14069.0,7.33,758.0,48,Mortgage,Home_Improvement,Bachelor,Single,0
101714,24,56716.0,5.0,2000.0,8.3,669.0,60,Rent,Debt_Consolidation,High_School,Married,0
101715,27,57212.0,16.0,27822.0,7.02,693.0,36,Rent,Education,Bachelor,Single,0
101716,62,33799.0,6.0,13136.0,9.6,642.0,36,Own,,Bachelor,Married,0
101717,50,90734.0,11.0,31204.0,4.0,744.0,60,Rent,Business,Bachelor,Married,0
101718,41,68279.0,20.0,19590.0,10.09,736.0,60,Rent,Debt_Consolidation,Master,Married,0
101719,64,110792.0,26.0,8227.0,9.1,726.0,36,Mortgage,Debt_Consolidation,Master,Married,0
101720,25,44501.0,7.0,12745.0,12.87,686.0,48,Mortgage,Debt_Consolidation,Master,Single,0
101721,33,50575.0,23.0,18005.0,9.84,659.0,48,Mortgage,Education,Bachelor,Married,0
101722,29,33644.0,4.0,16674.0,8.35,653.0,48,Mortgage,Medical,Bachelor,Married,0
101723,42,44517.0,14.0,13169.0,14.03,611.0,60,Own,Debt_Consolidation,PhD,Married,1
101724,21,102690.0,23.0,18676.0,13.49,767.0,36,Own,Home_Improvement,High_School,Married,0
101725,55,22848.0,7.0,24552.0,9.37,744.0,36,Rent,Business,High_School,Single,1
101726,57,35533.0,24.0,5246.0,13.33,713.0,36,Rent,Home_Improvement,Master,Single,1
101727,56,38108.0,7.0,18075.0,11.16,657.0,60,Mortgage,Medical,Bachelor,Married,0
101728,63,83236.0,13.0,14676.0,4.11,593.0,36,Rent,Debt_Consolidation,Master,Single,0
101729,43,43788.0,1.0,2000.0,8.83,605.0,72,Rent,Home_Improvement,Master,Married,0
101730,58,100544.0,19.0,13789.0,9.45,629.0,60,Rent,Medical,High_School,Married,0
101731,29,60963.0,26.0,18772.0,10.74,762.0,60,Mortgage,Education,Bachelor,Single,1
101732,25,74966.0,,30250.0,14.17,649.0,36,Rent,Business,High_School,Divorced,1
101733,40,92613.0,3.0,21535.0,14.75,656.0,36,Mortgage,Medical,High_School,Married,1
101734,37,65503.0,1.0,18749.0,5.14,579.0,60,Mortgage,Home_Improvement,High_School,Married,0
101735,56,105674.0,29.0,33566.0,11.57,720.0,48,Rent,Education,Bachelor,Single,0
101736,59,116955.0,18.0,17803.0,15.26,652.0,48,Mortgage,Debt_Consolidation,Bachelor,Single,0
101737,53,54946.0,20.0,4883.0,16.45,692.0,60,Rent,Debt_Consolidation,Bachelor,Single,0
101738,54,44683.0,12.0,13482.0,16.39,665.0,36,Mortgage,Debt_Consolidation,Bachelor,Single,1
101739,61,43143.0,13.0,21396.0,7.99,669.0,36,Mortgage,Home_Improvement,Bachelor,Married,0
101740,26,102767.0,28.0,35942.0,5.51,735.0,72,Mortgage,Home_Improvement,Bachelor,Single,0
101741,21,53821.0,28.0,20588.0,12.65,685.0,60,Rent,,Master,Single,1
101742,37,67292.0,6.0,21645.0,13.84,598.0,60,Rent,Debt_Consolidation,Bachelor,Single,1
101743,43,38476.0,20.0,15365.0,9.1,764.0,36,Rent,Medical,Master,Divorced,0
101744,49,46025.0,11.0,18438.0,9.46,784.0,36,Mortgage,Debt_Consolidation,Bachelor,Single,0
101745,38,95366.0,26.0,29775.0,10.05,711.0,60,Rent,Education,High_School,Single,1
101746,63,111330.0,4.0,26584.0,7.84,692.0,36,Own,Education,High_School,Married,1
101747,44,49161.0,0.0,34911.0,9.08,664.0,36,Rent,Debt_Consolidation,Bachelor,Married,1
101748,53,78924.0,18.0,27765.0,5.94,,48,Rent,Medical,High_School,Married,0
101749,25,43037.0,18.0,15196.0,5.63,679.0,60,Rent,Medical,PhD,Married,0
101750,26,66239.0,22.0,15452.0,11.86,805.0,60,Rent,Business,High_School,Married,0
101751,33,22877.0,9.0,24072.0,11.69,607.0,36,Mortgage,Debt_Consolidation,Master,Married,0
101752,27,51964.0,22.0,25160.0,13.85,691.0,72,Rent,Home_Improvement,Bachelor,Single,1
101753,31,57137.0,7.0,23736.0,6.76,663.0,60,Rent,Debt_Consolidation,Bachelor,Married,0
101754,31,42097.0,22.0,40386.0,9.28,761.0,60,Mortgage,Medical,Bachelor,Married,0
101755,64,76364.0,24.0,42592.0,7.0,656.0,48,Rent,Business,Bachelor,Single,1
101756,55,85925.0,7.0,3635.0,11.67,618.0,36,Rent,,Bachelor,Single,0
101757,63,72480.0,4.0,4763.0,13.38,708.0,72,Rent,Debt_Consolidation,Bachelor,Divorced,0
101758,33,58786.0,2.0,12183.0,10.04,761.0,60,Mortgage,Debt_Consolidation,High_School,Married,0
101759,50,43092.0,0.0,13540.0,10.21,746.0,36,Mortgage,Home_Improvement,Master,Divorced,0
101760,49,29280.0,15.0,2582.0,7.44,754.0,36,Mortgage,Debt_Consolidation,Bachelor,Single,0
101761,31,170535.0,23.0,40803.0,11.06,688.0,60,Mortgage,Business,High_School,Married,1
101762,60,125092.0,30.0,12239.0,7.59,831.0,60,Mortgage,Debt_Consolidation,High_School,Married,0
101763,37,46272.0,19.0,8768.0,14.0,680.0,72,Own,Business,Bachelor,Divorced,0
101764,38,41334.0,2.0,5596.0,10.92,667.0,36,Rent,Education,Bachelor,Married,0
101765,41,150645.0,30.0,24500.0,16.09,737.0,60,Rent,Home_Improvement,High_School,Single,1
101766,26,86997.0,24.0,26016.0,13.6,734.0,48,Rent,Debt_Consolidation,Bachelor,Married,0
101767,56,35799.0,28.0,19227.0,11.05,661.0,60,Mortgage,Business,Master,Single,0
101768,28,50424.0,17.0,23446.0,8.6,617.0,48,Mortgage,Education,High_School,Divorced,0
101769,47,71294.0,1.0,13780.0,15.72,721.0,60,Rent,Debt_Consolidation,Master,Single,1
101770,22,35705.0,10.0,23125.0,,722.0,36,Rent,Home_Improvement,PhD,Divorced,0
101771,42,38653.0,24.0,30651.0,10.55,732.0,36,Mortgage,Home_Improvement,Master,Married,1
101772,55,80072.0,29.0,20067.0,17.45,730.0,60,Mortgage,Business,Master,Married,0
101773,46,29087.0,19.0,13192.0,10.1,705.0,60,Rent,Medical,Bachelor,Married,1
101774,45,72814.0,10.0,31328.0,11.34,,36,Own,Debt_Consolidation,Bachelor,Married,0
101775,36,99088.0,16.0,20310.0,7.46,566.0,48,Rent,Debt_Consolidation,Bachelor,Married,0
101776,33,91003.0,19.0,11553.0,10.61,707.0,36,Rent,Home_Improvement,Bachelor,Married,0
101777,60,99523.0,29.0,11517.0,11.47,604.0,60,Mortgage,Home_Improvement,Master,Single,0
101778,49,37813.0,12.0,14499.0,12.16,675.0,60,Own,Home_Improvement,Bachelor,Married,0
101779,50,45725.0,19.0,16115.0,10.33,821.0,36,Mortgage,Debt_Consolidation,High_School,Married,0
101780,64,42219.0,17.0,3377.0,15.19,760.0,60,Own,Home_Improvement,Bachelor,Single,0
101781,50,79708.0,2.0,13700.0,12.06,642.0,36,Rent,Debt_Consolidation,Bachelor,Divorced,0
101782,31,50456.0,18.0,26219.0,9.24,770.0,48,Mortgage,Education,Bachelor,Single,1
101783,48,81216.0,11.0,11874.0,14.48,747.0,36,Own,Debt_Consolidation,Bachelor,Divorced,0
101784,35,97592.0,8.0,15680.0,7.64,844.0,60,Rent,Debt_Consolidation,Bachelor,Married,0
101785,50,135684.0,19.0,22869.0,5.43,757.0,60,Rent,Debt_Consolidation,Bachelor,Married,0
101786,63,46805.0,28.0,4655.0,10.36,753.0,60,Mortgage,Home_Improvement,Bachelor,Married,0
101787,43,70874.0,12.0,19777.0,10.34,695.0,36,Rent,Medical,High_School,Single,0
101788,43,80128.0,17.0,11860.0,14.3,589.0,48,Mortgage,Debt_Consolidation,Bachelor,Married,0
101789,29,53133.0,11.0,19529.0,6.39,688.0,60,Mortgage,Medical,Bachelor,Married,0
101790,40,31291.0,10.0,16757.0,5.07,699.0,72,Rent,Business,Bachelor,Married,0
101791,43,78662.0,28.0,17418.0,11.41,636.0,72,Rent,Home_Improvement,Master,Single,0
101792,56,38017.0,19.0,22852.0,9.9,611.0,60,Rent,Education,Bachelor,Single,0
101793,59,44352.0,9.0,14760.0,12.35,750.0,72,Mortgage,Home_Improvement,High_School,Divorced,0
101794,56,113166.0,3.0,22769.0,6.7,635.0,36,Mortgage,Debt_Consolidation,Master,Single,0
101795,28,55600.0,13.0,34959.0,9.96,719.0,36,Rent,Medical,Bachelor,Divorced,1
101796,57,140959.0,29.0,25509.0,10.46,633.0,60,Mortgage,Debt_Consolidation,High_School,Single,0
101797,34,63321.0,20.0,22663.0,7.72,679.0,60,Mortgage,Debt_Consolidation,Bachelor,Divorced,0
101798,30,57949.0,0.0,16865.0,10.31,690.0,48,Mortgage,Home_Improvement,High_School,Single,0
101799,46,46501.0,18.0,8338.0,12.68,714.0,72,Rent,Medical,Bachelor,Single,0
101800,53,52333.0,5.0,36039.0,9.76,785.0,72,Mortgage,Debt_Consolidation,Bachelor,Single,1
101801,52,34323.0,8.0,9132.0,8.48,666.0,72,Rent,Debt_Consolidation,Bachelor,Married,0
101802,56,51526.0,25.0,11087.0,17.5,662.0,36,Rent,Debt_Consolidation,Bachelor,Divorced,0
101803,62,83223.0,11.0,14604.0,10.31,688.0,36,Rent,Debt_Consolidation,Bachelor,Single,1
101804,24,53656.0,6.0,7024.0,12.66,593.0,36,Rent,Business,High_School,Single,0
101805,47,114921.0,29.0,8009.0,9.93,620.0,48,Own,Home_Improvement,Master,Single,0
101806,51,44387.0,4.0,18043.0,12.78,769.0,60,Own,Debt_Consolidation,Bachelor,Single,1
101807,29,52103.0,11.0,21063.0,9.6,735.0,36,Mortgage,Home_Improvement,High_School,Divorced,0
101808,45,40435.0,3.0,27884.0,7.37,652.0,60,Rent,Business,High_School,Divorced,1
101809,57,52912.0,23.0,6139.0,13.67,784.0,72,Rent,Education,Master,Married,0
101810,29,76784.0,4.0,13259.0,11.79,655.0,48,Mortgage,Debt_Consolidation,Bachelor,Single,0
101811,51,42783.0,26.0,13240.0,5.81,675.0,60,Rent,Debt_Consolidation,Bachelor,Single,0
101812,42,42482.0,21.0,10504.0,9.77,758.0,48,Rent,Education,High_School,Married,0
101813,60,45739.0,22.0,27209.0,8.12,725.0,60,Rent,Home_Improvement,High_School,Single,0
101814,28,56651.0,26.0,30719.0,8.64,622.0,36,Rent,Home_Improvement,Bachelor,Single,0
101815,49,94707.0,10.0,21403.0,8.69,626.0,48,Own,Debt_Consolidation,PhD,Married,1
101816,63,191209.0,26.0,27254.0,11.69,547.0,36,Mortgage,Education,Master,Single,1
101817,53,67986.0,13.0,24495.0,12.63,710.0,60,Mortgage,Debt_Consolidation,PhD,Single,1
101818,38,61859.0,1.0,20568.0,12.31,717.0,60,Rent,Debt_Consolidation,High_School,Married,1
101819,31,115879.0,19.0,9404.0,7.6,754.0,60,Own,Medical,High_School,Married,0
101820,48,37970.0,9.0,12621.0,12.21,648.0,36,Mortgage,Home_Improvement,Bachelor,Married,0
101821,34,50003.0,30.0,21323.0,10.13,678.0,60,Mortgage,Debt_Consolidation,Bachelor,Single,0
101822,63,94649.0,20.0,4246.0,9.39,658.0,48,Mortgage,Debt_Consolidation,Bachelor,Single,0
101823,29,108597.0,8.0,13403.0,6.35,655.0,60,Mortgage,Education,Bachelor,Married,0
101824,64,80977.0,9.0,31525.0,15.84,709.0,36,Mortgage,Home_Improvement,Bachelor,Single,1
101825,55,65528.0,6.0,20881.0,13.39,638.0,60,Rent,Debt_Consolidation,Bachelor,Married,1
101826,27,84930.0,10.0,28886.0,7.99,690.0,36,Rent,Medical,Bachelor,Married,0
101827,53,55861.0,12.0,26070.0,7.17,580.0,60,Mortgage,Debt_Consolidation,High_School,Single,0
101828,26,48446.0,16.0,13653.0,7.85,654.0,36,Own,Home_Improvement,Bachelor,Married,0
101829,23,79772.0,10.0,7674.0,10.03,786.0,60,Mortgage,Debt_Consolidation,Bachelor,Married,0
101830,30,65216.0,29.0,11003.0,12.1,652.0,60,Rent,Debt_Consolidation,Master,Single,0
101831,45,54423.0,13.0,19457.0,11.03,613.0,36,Rent,Home_Improvement,Master,Single,1
101832,37,33513.0,7.0,19709.0,12.06,765.0,36,Rent,Medical,Master,Married,1
101833,49,,16.0,25786.0,8.58,755.0,36,Mortgage,Debt_Consolidation,High_School,Single,0
101834,35,35344.0,25.0,17103.0,11.64,690.0,60,Rent,Debt_Consolidation,High_School,Married,0
101835,48,77434.0,18.0,18196.0,5.87,707.0,36,Mortgage,Education,High_School,Married,1
101836,41,72676.0,27.0,19702.0,11.69,639.0,36,Mortgage,Debt_Consolidation,Bachelor,Single,0
101837,45,97614.0,23.0,18563.0,11.5,680.0,48,Mortgage,Business,Bachelor,Single,0
101838,42,53370.0,11.0,18497.0,7.89,707.0,60,Rent,Debt_Consolidation,Master,Married,1
101839,22,43906.0,24.0,8415.0,11.9,753.0,36,Rent,Medical,Master,Married,0
101840,51,67355.0,7.0,28421.0,14.95,760.0,60,Rent,Debt_Consolidation,Master,Married,1
101841,31,49870.0,24.0,2000.0,8.36,761.0,60,Rent,Business,Master,Single,0
101842,23,41545.0,25.0,14085.0,12.2,727.0,60,Mortgage,Debt_Consolidation,High_School,Married,0
101843,28,80714.0,27.0,2000.0,7.93,733.0,36,Own,Debt_Consolidation,High_School,Married,0
101844,33,51850.0,2.0,22862.0,11.25,719.0,36,Rent,Education,Bachelor,Single,0
101845,44,50057.0,1.0,7678.0,6.89,716.0,48,Own,Debt_Consolidation,Bachelor,Divorced,0
101846,35,163395.0,21.0,27931.0,13.47,724.0,60,Own,Debt_Consolidation,High_School,Single,0
101847,35,58773.0,25.0,10256.0,14.22,726.0,48,Rent,Business,High_School,Single,0
101848,31,29495.0,27.0,14492.0,10.03,700.0,60,Rent,Debt_Consolidation,Bachelor,Single,1
101849,63,119420.0,16.0,26281.0,9.62,798.0,36,Mortgage,Home_Improvement,High_School,Divorced,1
101850,34,83555.0,13.0,16027.0,14.03,751.0,60,Mortgage,Debt_Consolidation,Master,Single,0
101851,44,112319.0,26.0,23950.0,7.57,688.0,60,Mortgage,Debt_Consolidation,Bachelor,Married,0
101852,48,72632.0,9.0,30151.0,7.35,730.0,48,Mortgage,Business,Bachelor,Divorced,1
101853,61,100644.0,2.0,19654.0,9.03,696.0,48,Mortgage,Debt_Consolidation,Master,Single,0
101854,61,175777.0,9.0,27059.0,10.2,594.0,36,Rent,Medical,PhD,Married,0
101855,43,18213.0,14.0,9316.0,10.63,645.0,60,Mortgage,Home_Improvement,Bachelor,Married,0
101856,44,35453.0,0.0,21618.0,8.82,679.0,36,Rent,Medical,Master,Married,0
101857,49,46062.0,23.0,19993.0,7.47,795.0,48,Rent,Debt_Consolidation,High_School,Single,0
101858,30,78959.0,24.0,13710.0,13.8,694.0,36,Rent,Education,High_School,Single,0
101859,61,118449.0,20.0,2000.0,14.39,734.0,72,Rent,Debt_Consolidation,Bachelor,Single,0
101860,51,45664.0,10.0,2000.0,11.99,737.0,36,Rent,Education,Bachelor,Single,0
101861,23,31338.0,11.0,9518.0,11.47,640.0,60,Rent,Medical,Master,Married,1
101862,54,74116.0,17.0,11915.0,8.68,662.0,60,Rent,Debt_Consolidation,High_School,Married,0
101863,34,45918.0,18.0,17669.0,16.04,751.0,60,Mortgage,Debt_Consolidation,High_School,Single,0
101864,48,59827.0,26.0,7141.0,11.66,600.0,60,Rent,Education,PhD,Married,1
101865,25,56683.0,17.0,4247.0,10.26,735.0,48,Rent,Medical,Bachelor,Single,1
101866,26,103457.0,2.0,13398.0,11.24,673.0,36,Rent,Debt_Consolidation,Master,Divorced,1
101867,44,82742.0,14.0,8144.0,14.69,663.0,60,Rent,Home_Improvement,Master,Married,0
101868,35,164824.0,20.0,2000.0,8.98,680.0,48,Mortgage,Home_Improvement,Bachelor,Married,0
101869,42,51257.0,27.0,14489.0,11.9,797.0,60,Rent,Debt_Consolidation,High_School,Married,0
101870,34,75216.0,14.0,26142.0,9.23,769.0,72,Rent,,Bachelor,Single,1
101871,23,49550.0,21.0,23084.0,6.53,769.0,36,Rent,Debt_Consolidation,High_School,Married,1
101872,49,73405.0,20.0,21097.0,6.88,726.0,48,Mortgage,Medical,High_School,Single,1
101873,64,27503.0,4.0,15246.0,11.53,697.0,72,Rent,Home_Improvement,Bachelor,Married,1
101874,49,94350.0,25.0,21376.0,8.4,626.0,60,Mortgage,Education,Bachelor,Single,0
101875,54,44208.0,21.0,17748.0,11.47,,48,Own,Debt_Consolidation,Master,Married,0
101876,58,,6.0,9110.0,16.28,714.0,60,Mortgage,Education,Bachelor,Single,0
101877,26,51530.0,11.0,7310.0,11.25,653.0,36,Rent,,Bachelor,Married,1
101878,40,67295.0,10.0,10148.0,11.06,702.0,36,Rent,Education,High_School,Married,0
101879,22,82616.0,24.0,22688.0,16.0,625.0,36,Rent,Debt_Consolidation,Bachelor,Married,1
101880,44,166366.0,12.0,19912.0,11.57,770.0,60,Rent,Debt_Consolidation,Master,Single,0
101881,61,94775.0,12.0,12398.0,15.57,708.0,60,Mortgage,Medical,Bachelor,Married,1
101882,53,102725.0,19.0,7618.0,6.62,697.0,48,Rent,Debt_Consolidation,Bachelor,Single,0
101883,37,66905.0,2.0,28451.0,6.08,648.0,36,Rent,Business,Master,Single,0
101884,22,74981.0,16.0,2000.0,11.2,714.0,36,Mortgage,Debt_Consolidation,High_School,Married,1
101885,39,113671.0,0.0,31619.0,9.5,681.0,36,Rent,Debt_Consolidation,Bachelor,Single,1
101886,62,42311.0,21.0,11498.0,10.87,699.0,60,Mortgage,Home_Improvement,High_School,Divorced,0
101887,38,32734.0,13.0,11524.0,8.91,648.0,48,Mortgage,Medical,Bachelor,Married,0
101888,33,119473.0,11.0,22678.0,9.26,655.0,60,Rent,Debt_Consolidation,High_School,Single,0
101889,36,117047.0,29.0,2000.0,11.17,707.0,72,Mortgage,Home_Improvement,Master,Married,0
101890,62,53023.0,25.0,24057.0,8.51,593.0,60,Own,Medical,Master,Single,0
101891,35,51088.0,21.0,16206.0,12.75,,48,Rent,Medical,Bachelor,Divorced,0
101892,25,47861.0,13.0,16514.0,15.21,744.0,60,Rent,Debt_Consolidation,Bachelor,Married,1
101893,35,77678.0,6.0,16561.0,15.29,742.0,60,Mortgage,Debt_Consolidation,Bachelor,Single,0
101894,62,52756.0,7.0,22711.0,15.06,703.0,60,Rent,Debt_Consolidation,Bachelor,Married,1
101895,31,105726.0,21.0,32142.0,7.86,689.0,36,Rent,Debt_Consolidation,Master,Single,0
101896,33,87535.0,28.0,9157.0,9.47,621.0,36,Mortgage,Home_Improvement,Bachelor,Married,0
101897,48,104806.0,23.0,25634.0,5.73,718.0,36,Rent,Debt_Consolidation,Bachelor,Single,0
101898,54,26245.0,6.0,29583.0,10.35,652.0,60,Own,Medical,Master,Married,1
101899,33,50964.0,26.0,23058.0,7.89,689.0,48,Rent,Business,Bachelor,Married,0
101900,38,58602.0,13.0,10736.0,12.32,653.0,36,Rent,Home_Improvement,Master,Single,0
101901,62,102047.0,18.0,37783.0,11.61,684.0,60,Own,Education,Bachelor,Married,1
101902,45,37979.0,26.0,8319.0,16.18,627.0,36,Rent,Medical,Bachelor,Married,0
101903,28,59051.0,22.0,19818.0,9.74,726.0,60,Own,Medical,Master,Married,0
101904,58,45367.0,11.0,30981.0,7.15,746.0,72,Own,Debt_Consolidation,Bachelor,Single,0
101905,56,45261.0,13.0,15045.0,5.24,697.0,48,Mortgage,Debt_Consolidation,Bachelor,Single,0
101906,60,52417.0,11.0,10211.0,,629.0,60,Mortgage,Debt_Consolidation,Master,Single,1
101907,37,34680.0,4.0,17033.0,8.66,739.0,60,Mortgage,Business,PhD,Married,0
101908,51,44787.0,27.0,21370.0,10.5,703.0,48,Mortgage,Debt_Consolidation,,Married,0
101909,55,111828.0,30.0,12738.0,13.07,682.0,36,Rent,Debt_Consolidation,Bachelor,Single,0
101910,39,108552.0,1.0,34175.0,,695.0,72,Rent,Home_Improvement,Master,Married,1
101911,22,105402.0,4.0,30991.0,13.73,715.0,48,Rent,Debt_Consolidation,Master,Married,1
101912,42,19717.0,14.0,2000.0,11.43,719.0,60,Rent,Business,High_School,Married,0
101913,46,66874.0,4.0,25310.0,8.79,753.0,36,Mortgage,Medical,Master,Married,0
101914,59,75354.0,7.0,5770.0,5.96,650.0,60,Rent,Education,Master,Single,0
101915,25,38067.0,13.0,8260.0,10.14,745.0,36,Rent,,Bachelor,Married,1
101916,60,123538.0,2.0,33932.0,9.91,663.0,60,Rent,Business,Bachelor,Married,1
101917,28,40289.0,15.0,19742.0,7.55,684.0,72,Rent,Education,High_School,Married,1
101918,21,67603.0,24.0,21627.0,5.41,695.0,60,Rent,Home_Improvement,Master,Divorced,0
101919,51,155316.0,17.0,13504.0,7.56,636.0,48,Mortgage,Home_Improvement,Bachelor,Married,0
101920,30,52868.0,30.0,22011.0,11.62,769.0,72,Rent,Debt_Consolidation,Bachelor,Married,1
101921,32,129979.0,29.0,21155.0,4.83,608.0,60,Rent,Medical,Bachelor,Single,0
101922,46,60405.0,22.0,26474.0,15.43,738.0,72,Mortgage,Debt_Consolidation,Bachelor,Single,0
101923,41,39348.0,6.0,20269.0,18.74,714.0,36,Own,Debt_Consolidation,Bachelor,Married,1
101924,62,134743.0,10.0,10301.0,10.36,725.0,60,Rent,Debt_Consolidation,Bachelor,Single,0
101925,21,37248.0,16.0,11838.0,9.4,749.0,36,Own,Debt_Consolidation,Bachelor,Married,0
101926,55,77295.0,9.0,16237.0,12.31,664.0,72,Rent,Business,Bachelor,Single,1
101927,63,87479.0,18.0,12485.0,12.65,775.0,48,Mortgage,Debt_Consolidation,Bachelor,Married,0
101928,58,34608.0,2.0,19408.0,9.64,717.0,36,Mortgage,Home_Improvement,Bachelor,Single,0
101929,65,79915.0,15.0,16715.0,11.62,627.0,48,Rent,Debt_Consolidation,Bachelor,Single,1
101930,48,41184.0,23.0,21032.0,9.91,639.0,60,Own,Medical,Bachelor,Divorced,1
101931,62,86245.0,19.0,15120.0,7.66,652.0,60,Rent,Debt_Consolidation,Bachelor,Divorced,0
101932,24,87407.0,21.0,26857.0,8.83,800.0,60,Mortgage,Debt_Consolidation,Bachelor,Married,0
101933,50,88639.0,10.0,20856.0,4.0,677.0,48,Rent,Debt_Consolidation,Bachelor,Married,1
101934,43,69766.0,30.0,16987.0,8.31,617.0,60,Rent,Education,High_School,Single,1
101935,43,114005.0,24.0,13067.0,10.3,715.0,36,Own,Home_Improvement,Bachelor,Single,0
101936,39,71674.0,14.0,7449.0,8.41,676.0,48,Mortgage,Medical,Bachelor,Single,0
101937,35,67299.0,19.0,32437.0,12.56,697.0,60,Rent,Debt_Consolidation,Bachelor,Divorced,1
101938,53,48886.0,26.0,18688.0,11.3,695.0,60,Rent,Debt_Consolidation,Bachelor,Married,0
101939,25,57513.0,28.0,21635.0,8.95,724.0,60,Rent,Education,High_School,Married,0
101940,52,197517.0,8.0,25311.0,14.51,777.0,72,Mortgage,Education,Master,Single,0
101941,62,47336.0,19.0,34529.0,15.11,600.0,60,Rent,Home_Improvement,Bachelor,Married,1
101942,57,92709.0,0.0,30173.0,10.99,700.0,36,Mortgage,,Master,Married,1
101943,21,112230.0,0.0,28323.0,10.38,727.0,60,Rent,Medical,Bachelor,Divorced,0
101944,34,72647.0,23.0,2000.0,11.79,689.0,36,Mortgage,Home_Improvement,High_School,Married,0
101945,47,19851.0,18.0,8294.0,15.79,617.0,72,Mortgage,Business,High_School,Married,1
101946,49,76261.0,2.0,2000.0,6.65,701.0,60,Rent,Home_Improvement,Bachelor,Divorced,0
101947,45,162436.0,4.0,24783.0,9.75,682.0,60,Rent,Home_Improvement,Bachelor,Single,0
101948,53,164286.0,26.0,43460.0,12.65,717.0,36,Mortgage,Business,Bachelor,Single,1
101949,48,46583.0,26.0,19925.0,14.29,701.0,36,Mortgage,Medical,Master,Divorced,0
101950,32,57898.0,30.0,13910.0,10.48,680.0,48,Mortgage,Debt_Consolidation,High_School,Single,0
101951,62,80434.0,2.0,32917.0,6.3,711.0,72,Rent,Debt_Consolidation,Master,Married,0
101952,43,198201.0,0.0,11941.0,12.95,661.0,60,Rent,Debt_Consolidation,Bachelor,Married,0
101953,27,45883.0,18.0,28521.0,5.08,779.0,36,Rent,Debt_Consolidation,High_School,Single,0
101954,53,72535.0,30.0,31565.0,12.72,728.0,36,Mortgage,Home_Improvement,Master,Single,0
101955,23,37947.0,23.0,24536.0,8.25,705.0,60,Rent,Medical,Bachelor,Single,1
101956,35,105938.0,26.0,19775.0,10.88,709.0,48,Rent,Home_Improvement,Bachelor,Divorced,0
101957,36,63075.0,6.0,28232.0,15.29,712.0,60,Rent,Medical,High_School,Married,1
101958,63,32483.0,5.0,26276.0,9.7,684.0,60,Mortgage,Debt_Consolidation,Bachelor,Single,0
101959,34,59374.0,5.0,16373.0,7.4,788.0,36,Own,Debt_Consolidation,Master,Single,0
101960,43,52302.0,0.0,14277.0,10.54,770.0,36,Rent,Debt_Consolidation,Bachelor,Single,0
101961,56,77584.0,6.0,5379.0,9.68,716.0,36,Rent,Business,High_School,Married,0
101962,35,79370.0,25.0,25246.0,6.83,606.0,60,Own,Debt_Consolidation,Bachelor,Married,0
101963,28,81033.0,22.0,24488.0,9.05,733.0,36,Rent,Debt_Consolidation,Bachelor,Married,1
101964,33,86152.0,21.0,2000.0,13.42,612.0,60,Mortgage,Home_Improvement,High_School,Divorced,0
101965,22,26685.0,11.0,12885.0,8.07,638.0,36,Rent,Debt_Consolidation,Bachelor,Divorced,1
101966,63,77421.0,26.0,20421.0,10.09,752.0,60,Own,Education,Bachelor,Married,0
101967,65,79351.0,3.0,9468.0,12.65,610.0,36,Mortgage,Debt_Consolidation,Bachelor,Married,0
101968,32,110764.0,4.0,14368.0,4.0,657.0,36,Mortgage,Debt_Consolidation,High_School,Single,0
101969,64,109455.0,2.0,20940.0,11.74,676.0,60,Mortgage,Debt_Consolidation,Bachelor,Married,0
101970,31,35658.0,2.0,4066.0,13.33,666.0,60,Own,Debt_Consolidation,Master,Married,0
101971,26,44502.0,15.0,19939.0,8.18,559.0,36,Mortgage,Debt_Consolidation,Master,Married,0
101972,46,39749.0,29.0,29580.0,8.49,723.0,48,Own,Home_Improvement,Bachelor,Married,1
101973,27,54912.0,19.0,16583.0,14.64,614.0,60,Own,Home_Improvement,High_School,Divorced,0
101974,33,71792.0,20.0,18995.0,7.87,762.0,60,Own,Debt_Consolidation,Bachelor,Married,0
101975,64,72996.0,5.0,6963.0,8.27,702.0,60,Mortgage,Education,High_School,Single,0
101976,41,29710.0,10.0,21482.0,9.14,739.0,36,,Debt_Consolidation,Master,Divorced,0
101977,34,70597.0,24.0,10248.0,9.79,644.0,36,Rent,Debt_Consolidation,Bachelor,Married,1
101978,42,110541.0,5.0,19958.0,8.08,815.0,48,Rent,Debt_Consolidation,Bachelor,Married,0
101979,64,43469.0,30.0,22086.0,9.77,628.0,72,Mortgage,Home_Improvement,High_School,Married,0
101980,39,118891.0,16.0,14610.0,9.82,641.0,36,Mortgage,Debt_Consolidation,High_School,Married,0
101981,38,83955.0,3.0,2000.0,10.23,654.0,48,Mortgage,Debt_Consolidation,Bachelor,Married,0
101982,33,116874.0,30.0,31850.0,11.98,755.0,60,Rent,Medical,High_School,Married,0
101983,58,33194.0,5.0,31574.0,9.23,681.0,60,Rent,Home_Improvement,Bachelor,Divorced,1
101984,27,45858.0,7.0,21035.0,11.44,676.0,36,Rent,,High_School,Single,0
101985,29,79385.0,29.0,17645.0,10.94,794.0,60,Rent,Business,Master,Married,0
101986,59,54172.0,5.0,13379.0,13.46,729.0,60,Rent,Medical,Bachelor,Divorced,1
101987,41,48964.0,20.0,3816.0,11.18,671.0,60,Rent,Debt_Consolidation,Bachelor,Married,0
101988,29,52053.0,17.0,17105.0,,726.0,72,Mortgage,Debt_Consolidation,Bachelor,Married,0
101989,48,114735.0,13.0,5865.0,9.83,618.0,60,Mortgage,Business,Bachelor,Married,0
101990,48,55960.0,1.0,22931.0,9.34,657.0,60,Rent,,Master,Single,0
101991,63,147030.0,20.0,3278.0,8.8,644.0,36,Rent,Debt_Consolidation,Bachelor,Married,0
101992,21,80906.0,17.0,29355.0,4.0,656.0,72,Rent,Debt_Consolidation,Master,Single,0
101993,33,59236.0,10.0,24848.0,10.41,682.0,60,Mortgage,Home_Improvement,Bachelor,Married,0
101994,45,111889.0,20.0,18132.0,8.63,677.0,72,Mortgage,Debt_Consolidation,Master,Single,0
101995,21,76661.0,12.0,32768.0,12.27,697.0,36,Own,Debt_Consolidation,Master,Single,1
101996,27,30866.0,3.0,29236.0,11.23,663.0,36,Own,Debt_Consolidation,Bachelor,Single,1
101997,32,88080.0,23.0,30239.0,10.92,668.0,60,Mortgage,Debt_Consolidation,High_School,Single,0
101998,26,45359.0,18.0,22688.0,9.09,658.0,36,Rent,Debt_Consolidation,Master,Married,1
101999,54,112555.0,20.0,9314.0,9.26,642.0,36,Mortgage,Debt_Consolidation,Bachelor,Married,1
102000,29,34065.0,,27168.0,11.18,647.0,60,Mortgage,Debt_Consolidation,Bachelor,Married,1
102001,39,27850.0,16.0,21550.0,4.0,663.0,36,Rent,Home_Improvement,Master,Divorced,0
102002,62,87108.0,2.0,27208.0,13.05,664.0,36,Mortgage,Debt_Consolidation,Master,Married,0
102003,51,60723.0,17.0,38563.0,4.28,694.0,48,Rent,Business,Bachelor,Married,0
102004,38,37340.0,16.0,19315.0,14.42,790.0,72,Own,Business,Bachelor,Single,0
102005,57,91367.0,14.0,21646.0,8.45,641.0,36,Rent,Debt_Consolidation,Bachelor,Married,0
102006,62,34435.0,3.0,18158.0,13.57,675.0,72,Mortgage,Debt_Consolidation,Master,Single,1
102007,45,38411.0,11.0,30598.0,,728.0,36,Rent,Home_Improvement,High_School,Divorced,0
102008,44,124443.0,0.0,11873.0,8.52,664.0,60,Rent,Education,Bachelor,Single,0
102009,58,52496.0,18.0,25093.0,10.37,645.0,60,Mortgage,Medical,Bachelor,Single,0
102010,59,93566.0,15.0,16072.0,12.19,617.0,60,Rent,Debt_Consolidation,Master,Married,1
102011,60,59154.0,30.0,20038.0,10.26,740.0,48,Mortgage,Debt_Consolidation,Bachelor,Married,1
102012,37,47002.0,21.0,19886.0,13.63,686.0,36,Rent,Debt_Consolidation,Master,Single,1
102013,41,55685.0,26.0,8414.0,11.62,706.0,60,Rent,Medical,Bachelor,Married,0
102014,64,42208.0,26.0,13095.0,,665.0,60,Mortgage,Business,High_School,Married,0
102015,21,163321.0,26.0,34336.0,12.35,657.0,48,Mortgage,Medical,Bachelor,Married,1
102016,63,29421.0,19.0,25771.0,11.92,617.0,36,Own,Home_Improvement,Bachelor,Single,0
102017,29,62764.0,13.0,7513.0,6.26,723.0,36,Mortgage,Medical,High_School,Married,0
102018,22,35219.0,21.0,25519.0,16.18,,60,Rent,Medical,High_School,Single,1
102019,31,53010.0,10.0,25126.0,9.68,680.0,60,Rent,Debt_Consolidation,Master,Married,1
102020,33,64723.0,27.0,11874.0,10.5,619.0,36,Rent,Medical,Bachelor,Married,0
102021,62,55416.0,28.0,15013.0,13.75,687.0,36,Rent,Debt_Consolidation,Bachelor,Single,0
102022,61,63605.0,25.0,24000.0,10.17,680.0,36,Mortgage,Debt_Consolidation,Bachelor,Single,0
102023,31,41788.0,4.0,8966.0,7.89,642.0,36,Mortgage,Medical,Bachelor,Married,0
102024,43,124700.0,19.0,23470.0,5.41,802.0,60,Mortgage,Home_Improvement,Master,Single,0
102025,30,74028.0,21.0,14807.0,11.71,751.0,36,Rent,Debt_Consolidation,Master,Married,0
102026,34,64909.0,14.0,18230.0,6.65,,60,Rent,Education,Bachelor,Single,0
102027,63,64126.0,24.0,12313.0,11.99,698.0,60,Rent,Home_Improvement,High_School,Single,0
102028,31,67683.0,7.0,27248.0,9.12,745.0,36,Mortgage,Education,Master,Single,1
102029,46,70844.0,23.0,25347.0,12.61,756.0,72,Mortgage,Home_Improvement,Bachelor,Single,0
102030,39,44345.0,7.0,2000.0,9.37,772.0,36,Own,Debt_Consolidation,Bachelor,Single,0
102031,52,117898.0,24.0,10655.0,6.68,754.0,36,Rent,Education,Master,Divorced,0
102032,63,45456.0,26.0,22194.0,10.36,707.0,36,Rent,Debt_Consolidation,Master,Single,1
102033,44,53769.0,14.0,29583.0,6.17,764.0,36,Rent,Debt_Consolidation,Bachelor,Single,0
102034,61,124455.0,8.0,19666.0,14.1,676.0,60,Mortgage,Debt_Consolidation,Master,Single,0
102035,53,19400.0,8.0,25855.0,4.38,684.0,48,Mortgage,Debt_Consolidation,Bachelor,Single,0
102036,63,66071.0,0.0,2000.0,9.79,693.0,36,Mortgage,Education,High_School,Married,0
102037,57,89145.0,12.0,10394.0,7.86,686.0,48,Mortgage,Home_Improvement,High_School,Married,0
102038,32,39707.0,29.0,38405.0,8.78,663.0,72,Rent,Debt_Consolidation,High_School,Divorced,1
102039,47,98140.0,7.0,18175.0,10.29,730.0,36,Own,Debt_Consolidation,PhD,Married,0
102040,33,51352.0,28.0,23996.0,11.05,762.0,36,Own,Education,High_School,Single,0
102041,65,55480.0,13.0,29887.0,12.94,675.0,60,Own,Debt_Consolidation,Bachelor,Married,1
102042,26,50009.0,13.0,21097.0,10.2,742.0,60,Rent,Debt_Consolidation,Bachelor,Single,1
102043,47,111285.0,23.0,16099.0,12.57,679.0,72,Mortgage,Debt_Consolidation,Bachelor,Married,1
102044,61,144172.0,17.0,20261.0,9.37,655.0,60,Rent,Business,Bachelor,Single,0
102045,51,58605.0,16.0,7059.0,11.13,655.0,60,Mortgage,Home_Improvement,Bachelor,Married,0
102046,48,52153.0,13.0,10940.0,10.46,620.0,36,Mortgage,Business,Bachelor,Divorced,0
102047,34,153238.0,4.0,27249.0,10.82,649.0,60,,Home_Improvement,Bachelor,Single,0
102048,46,55544.0,30.0,13723.0,7.77,708.0,60,Rent,Medical,PhD,Single,0
102049,47,79101.0,17.0,15124.0,5.54,652.0,60,Mortgage,Debt_Consolidation,Master,Single,0
102050,35,54389.0,21.0,7603.0,7.1,689.0,48,Rent,Debt_Consolidation,Master,Single,1
102051,25,41713.0,18.0,24261.0,14.5,822.0,36,Rent,Business,Master,Single,1
102052,52,55750.0,13.0,14958.0,9.0,650.0,36,Rent,Education,Bachelor,Divorced,0
102053,51,34056.0,16.0,8549.0,4.93,664.0,48,,Debt_Consolidation,PhD,Married,0
102054,43,65958.0,18.0,20678.0,11.61,704.0,60,Rent,Debt_Consolidation,High_School,Divorced,0
102055,41,65532.0,13.0,9087.0,7.65,680.0,60,Mortgage,Education,Bachelor,Single,0
102056,53,48741.0,30.0,16502.0,8.96,656.0,36,Mortgage,Education,Master,Married,0
102057,60,98069.0,30.0,25136.0,9.56,696.0,36,Own,Debt_Consolidation,Bachelor,Divorced,0
102058,62,123230.0,15.0,8467.0,15.33,710.0,60,Own,Business,Bachelor,Single,0
102059,52,38777.0,25.0,15270.0,12.2,673.0,72,Mortgage,Home_Improvement,PhD,Single,1
102060,27,44807.0,22.0,10128.0,8.65,643.0,60,Rent,Home_Improvement,Bachelor,Divorced,0
102061,29,96546.0,24.0,12329.0,14.68,686.0,48,Mortgage,Debt_Consolidation,PhD,Married,0
102062,54,51838.0,4.0,25560.0,13.97,726.0,60,Rent,Home_Improvement,Bachelor,Married,0
102063,63,91596.0,0.0,6907.0,6.4,701.0,36,Mortgage,Debt_Consolidation,Bachelor,Married,0
102064,64,59783.0,3.0,8321.0,10.03,661.0,36,Mortgage,Medical,High_School,Married,1
102065,39,43178.0,16.0,24538.0,8.86,709.0,36,Own,Debt_Consolidation,High_School,Single,0
102066,54,45462.0,22.0,17035.0,13.27,685.0,72,Rent,Debt_Consolidation,Bachelor,Married,0
102067,60,59098.0,10.0,19000.0,4.86,779.0,36,,Education,Bachelor,Single,0
102068,58,51001.0,20.0,16638.0,13.25,732.0,60,Rent,Home_Improvement,PhD,Single,1
102069,58,38966.0,22.0,18211.0,8.54,688.0,36,Own,Debt_Consolidation,Bachelor,Single,0
102070,48,36720.0,5.0,25243.0,,656.0,72,Mortgage,Education,Master,Single,1
102071,39,96192.0,3.0,16462.0,,749.0,60,Rent,Home_Improvement,High_School,Divorced,0
102072,52,66875.0,20.0,22217.0,8.28,808.0,60,Mortgage,Home_Improvement,Bachelor,Married,0
102073,36,61685.0,12.0,26399.0,16.24,737.0,72,Mortgage,Debt_Consolidation,High_School,Married,1
102074,27,87558.0,27.0,18978.0,8.74,749.0,72,Mortgage,Home_Improvement,Bachelor,Married,0
102075,29,72667.0,15.0,23863.0,7.99,693.0,48,Own,Debt_Consolidation,Master,Single,0
102076,63,57686.0,,16695.0,5.69,642.0,36,Rent,Debt_Consolidation,Master,Divorced,1
102077,53,50249.0,25.0,13986.0,11.8,754.0,60,Mortgage,Debt_Consolidation,High_School,Single,0
102078,30,65515.0,28.0,15608.0,6.06,661.0,36,Own,Business,High_School,Single,0
102079,56,65967.0,27.0,23975.0,12.95,654.0,36,Mortgage,Debt_Consolidation,Bachelor,Single,0
102080,50,84004.0,25.0,14217.0,9.52,727.0,36,Rent,Debt_Consolidation,Master,Married,0
102081,59,82569.0,21.0,15056.0,4.79,645.0,72,Mortgage,Home_Improvement,Master,Single,0
102082,23,90498.0,16.0,18998.0,12.37,738.0,60,Rent,Business,Bachelor,Single,0
102083,49,48131.0,,20473.0,9.31,751.0,48,Mortgage,Education,Bachelor,Divorced,0
102084,64,45451.0,6.0,36984.0,,777.0,72,Mortgage,Education,Bachelor,Single,1
102085,64,63375.0,28.0,16543.0,6.81,724.0,60,Mortgage,Debt_Consolidation,Master,Married,0
102086,31,53539.0,10.0,2000.0,8.35,657.0,60,Mortgage,Education,Master,Single,0
102087,41,36293.0,24.0,2235.0,10.93,760.0,36,Rent,Business,Master,Married,0
102088,27,22458.0,16.0,26087.0,10.04,749.0,60,Rent,Medical,Bachelor,Married,1
102089,39,74963.0,16.0,27801.0,4.0,643.0,60,Mortgage,Debt_Consolidation,PhD,Single,0
102090,58,85797.0,16.0,25335.0,7.19,706.0,36,Own,Home_Improvement,High_School,Single,0
102091,39,43461.0,26.0,11854.0,11.5,560.0,60,Rent,Education,High_School,Married,0
102092,47,62266.0,18.0,26997.0,12.38,733.0,72,Own,Medical,Bachelor,Single,1
102093,62,84636.0,6.0,29738.0,11.97,649.0,60,Rent,Debt_Consolidation,Bachelor,Single,1
102094,38,74199.0,14.0,18308.0,14.11,674.0,36,Own,Medical,Master,Married,0
102095,38,55950.0,3.0,12372.0,7.26,653.0,48,Own,Debt_Consolidation,High_School,Married,1
102096,24,140261.0,21.0,18275.0,,654.0,60,Mortgage,Home_Improvement,High_School,Single,0
102097,38,76987.0,17.0,18350.0,7.67,714.0,36,Rent,Business,High_School,Single,1
102098,39,56836.0,18.0,17684.0,5.82,731.0,72,Mortgage,Education,High_School,Single,0
102099,64,98513.0,4.0,3592.0,6.66,645.0,60,Rent,Business,Bachelor,Single,0
102100,28,68458.0,9.0,10740.0,13.0,701.0,48,Rent,Education,Bachelor,Married,0
102101,41,55481.0,8.0,15532.0,9.62,749.0,72,Rent,Debt_Consolidation,High_School,Divorced,0
102102,38,47380.0,18.0,15887.0,15.33,721.0,48,Mortgage,Medical,Bachelor,Married,0
102103,62,67309.0,28.0,30208.0,12.64,730.0,60,Rent,Education,Bachelor,Divorced,0
102104,62,122176.0,30.0,11730.0,11.84,683.0,60,Mortgage,Business,High_School,Married,0
102105,23,38263.0,7.0,8685.0,15.17,702.0,36,Own,Home_Improvement,Bachelor,Single,0
102106,38,78541.0,10.0,6469.0,11.96,726.0,72,Mortgage,Debt_Consolidation,High_School,Single,0
102107,51,29571.0,22.0,21218.0,11.82,706.0,60,Own,Debt_Consolidation,High_School,Married,1
102108,36,114883.0,19.0,14202.0,7.96,678.0,36,Rent,Education,Bachelor,Married,0
102109,32,117691.0,12.0,46962.0,15.84,739.0,36,Rent,Debt_Consolidation,Bachelor,Married,1
102110,30,40252.0,18.0,34002.0,5.91,712.0,36,Rent,Medical,Master,Married,1
102111,61,89375.0,12.0,14197.0,10.33,722.0,36,Own,Debt_Consolidation,Bachelor,Married,0
102112,31,64233.0,19.0,28792.0,7.07,786.0,72,Rent,Medical,,Divorced,0
102113,48,88927.0,21.0,23910.0,11.71,683.0,36,Mortgage,Debt_Consolidation,Bachelor,Single,1
102114,50,27419.0,22.0,38564.0,10.92,614.0,36,Rent,Education,High_School,Single,1
102115,25,76352.0,24.0,29036.0,12.02,659.0,72,Rent,Home_Improvement,High_School,Single,1
102116,61,97424.0,5.0,26496.0,9.06,749.0,72,Own,Business,Master,Divorced,1
102117,53,103129.0,22.0,34723.0,8.76,699.0,60,Own,Debt_Consolidation,Bachelor,Married,1
102118,65,67155.0,27.0,6623.0,9.66,641.0,60,Rent,Business,High_School,Single,0
102119,61,56196.0,7.0,19646.0,9.99,711.0,48,Rent,Debt_Consolidation,Master,Divorced,0
102120,31,71232.0,20.0,17294.0,4.53,687.0,60,Mortgage,Debt_Consolidation,High_School,Married,0
102121,41,78994.0,17.0,23926.0,15.6,677.0,72,Rent,Debt_Consolidation,Master,Married,1
102122,40,120983.0,14.0,17393.0,9.26,661.0,60,Mortgage,Home_Improvement,Bachelor,Single,0
102123,47,37474.0,9.0,20571.0,11.51,615.0,60,Own,Home_Improvement,Bachelor,Married,0
102124,65,105350.0,25.0,25274.0,13.47,608.0,48,Mortgage,Debt_Consolidation,Bachelor,Married,1
102125,47,128241.0,23.0,16143.0,6.74,645.0,60,Own,Home_Improvement,Master,Single,0
102126,62,80846.0,7.0,19841.0,8.26,732.0,60,Rent,Debt_Consolidation,Bachelor,Single,0
102127,35,108693.0,14.0,23282.0,5.8,611.0,72,Rent,Debt_Consolidation,Bachelor,Married,0
102128,52,72350.0,25.0,14988.0,10.43,758.0,60,Rent,Education,Bachelor,Married,0
102129,51,,23.0,21774.0,10.13,755.0,60,Rent,Medical,High_School,Married,0
102130,61,56115.0,4.0,11656.0,12.92,646.0,36,Rent,Medical,PhD,Divorced,1
102131,50,45270.0,5.0,21098.0,16.13,648.0,60,Own,Debt_Consolidation,Bachelor,Married,0
102132,46,111368.0,8.0,10621.0,12.26,,60,Mortgage,Medical,Master,Married,0
102133,54,54026.0,28.0,4306.0,10.37,728.0,60,Rent,Debt_Consolidation,Bachelor,Divorced,0
102134,61,72724.0,13.0,42734.0,9.35,616.0,60,Rent,Debt_Consolidation,Bachelor,Single,1
102135,42,63767.0,0.0,28357.0,5.59,673.0,36,Mortgage,Debt_Consolidation,Master,Single,0
102136,65,42355.0,17.0,19300.0,13.11,660.0,36,Mortgage,Debt_Consolidation,Bachelor,Single,1
102137,21,37001.0,28.0,9858.0,7.27,745.0,36,Rent,Education,Master,Divorced,0
102138,45,64528.0,12.0,2000.0,10.68,528.0,60,Rent,Education,Master,Single,0
102139,22,86141.0,30.0,27458.0,10.41,725.0,72,Rent,,High_School,Single,1
102140,39,50451.0,18.0,29915.0,7.16,740.0,60,Mortgage,Debt_Consolidation,Bachelor,Divorced,0
102141,65,48478.0,11.0,9717.0,9.44,584.0,60,Mortgage,Debt_Consolidation,High_School,Single,0
102142,30,50879.0,11.0,10424.0,12.56,735.0,72,Rent,Debt_Consolidation,High_School,Married,0
102143,39,63484.0,15.0,8205.0,15.11,652.0,36,Mortgage,Debt_Consolidation,Bachelor,Divorced,1
102144,43,72314.0,27.0,11632.0,6.24,634.0,36,Mortgage,Debt_Consolidation,Bachelor,Married,0
102145,46,59612.0,7.0,8643.0,11.95,661.0,72,Mortgage,Medical,Master,Married,1
102146,34,117503.0,5.0,25613.0,11.19,641.0,48,Rent,Medical,High_School,Married,0
102147,37,89502.0,0.0,13790.0,8.84,712.0,60,Own,Debt_Consolidation,High_School,Single,0
102148,34,124275.0,26.0,28609.0,13.27,726.0,36,Mortgage,Education,High_School,Single,0
102149,31,43691.0,12.0,34872.0,14.69,725.0,36,Rent,Debt_Consolidation,High_School,Married,1
102150,63,65403.0,2.0,24898.0,11.68,711.0,36,Mortgage,Debt_Consolidation,Bachelor,Married,1
102151,41,29434.0,7.0,14825.0,6.56,687.0,60,Mortgage,Home_Improvement,High_School,Single,0
102152,50,,,27478.0,7.16,703.0,60,Own,Debt_Consolidation,High_School,Single,1
102153,23,37963.0,29.0,22926.0,8.34,706.0,36,Own,Medical,High_School,Married,0
102154,33,68292.0,14.0,17636.0,9.13,725.0,36,Rent,Debt_Consolidation,High_School,Single,0
102155,41,47496.0,14.0,21815.0,12.76,758.0,36,Mortgage,Business,High_School,Single,1
102156,46,34576.0,24.0,22063.0,12.45,707.0,36,Mortgage,Business,Master,Divorced,1
102157,44,35984.0,22.0,4767.0,5.82,702.0,48,Rent,Debt_Consolidation,Bachelor,Single,0
102158,56,38023.0,12.0,10007.0,10.74,546.0,36,Own,Medical,Bachelor,Married,0
102159,26,50125.0,19.0,25139.0,12.53,716.0,60,Mortgage,Debt_Consolidation,High_School,Married,0
102160,40,57026.0,1.0,16141.0,12.12,703.0,36,Mortgage,Home_Improvement,Bachelor,Married,0
102161,27,124634.0,27.0,33620.0,14.9,638.0,36,Rent,Debt_Consolidation,High_School,Single,1
102162,55,102318.0,15.0,6593.0,9.81,684.0,36,Own,Home_Improvement,Bachelor,Divorced,0
102163,39,31041.0,4.0,12910.0,12.28,696.0,60,Mortgage,Education,Bachelor,Married,0
102164,41,55482.0,29.0,11233.0,11.71,735.0,72,Rent,Education,Bachelor,Married,0
102165,53,82316.0,21.0,15279.0,11.19,659.0,36,Mortgage,Business,Bachelor,Married,0
102166,64,87244.0,27.0,28195.0,11.42,608.0,36,Rent,Debt_Consolidation,High_School,Divorced,1
102167,22,57619.0,15.0,19371.0,13.18,684.0,36,Own,Debt_Consolidation,Master,Single,1
102168,29,31082.0,3.0,17108.0,13.96,665.0,36,Mortgage,Debt_Consolidation,Bachelor,Divorced,0
102169,25,56763.0,1.0,16029.0,11.59,748.0,72,Mortgage,Home_Improvement,High_School,Single,0
102170,33,64961.0,12.0,17597.0,8.12,734.0,36,Rent,Business,High_School,Divorced,0
102171,57,80306.0,9.0,18238.0,8.38,675.0,36,Mortgage,Medical,Bachelor,Married,1
102172,41,95953.0,13.0,26600.0,10.7,751.0,36,Mortgage,Medical,Master,Married,0
102173,33,66387.0,20.0,25143.0,6.7,699.0,48,Mortgage,Debt_Consolidation,Bachelor,Single,0
102174,42,76743.0,8.0,7823.0,12.68,623.0,60,Rent,Business,Bachelor,Divorced,0
102175,47,55425.0,11.0,6940.0,10.23,725.0,48,Mortgage,Medical,PhD,Married,0
102176,35,131848.0,17.0,23837.0,11.06,663.0,36,Mortgage,Debt_Consolidation,Bachelor,Married,0
102177,37,97960.0,9.0,34730.0,15.51,657.0,60,Own,Debt_Consolidation,Bachelor,Married,1
102178,53,,5.0,19729.0,17.83,709.0,60,Own,Education,High_School,Married,1
102179,45,111686.0,23.0,27583.0,11.35,668.0,36,Rent,Debt_Consolidation,Bachelor,Single,0
102180,65,57392.0,1.0,2000.0,9.9,759.0,36,Own,Debt_Consolidation,High_School,Married,0
102181,39,63278.0,13.0,23009.0,7.04,673.0,36,Mortgage,Debt_Consolidation,Master,Divorced,0
102182,28,24868.0,20.0,14677.0,9.57,583.0,60,Rent,Debt_Consolidation,PhD,Married,0
102183,49,188843.0,23.0,24401.0,17.41,679.0,36,Rent,Education,Bachelor,Married,1
102184,25,115791.0,20.0,21105.0,13.25,731.0,36,Rent,Medical,Bachelor,Single,1
102185,41,54123.0,6.0,14664.0,9.95,761.0,36,Mortgage,Debt_Consolidation,High_School,Single,0
102186,24,98926.0,23.0,8542.0,13.0,736.0,36,Rent,Business,Bachelor,Married,0
102187,46,56582.0,11.0,21029.0,11.35,633.0,60,Own,Home_Improvement,High_School,Single,1
102188,48,23356.0,25.0,13043.0,5.59,730.0,48,Rent,Home_Improvement,Bachelor,Single,0
102189,34,263867.0,0.0,17482.0,6.2,614.0,60,Rent,Home_Improvement,Bachelor,Single,0
102190,45,54337.0,12.0,25458.0,7.45,680.0,60,Rent,Education,High_School,Single,0
102191,37,88423.0,22.0,7395.0,10.36,657.0,60,Mortgage,Debt_Consolidation,Bachelor,Single,0
102192,61,84298.0,3.0,16079.0,8.35,674.0,36,Own,Medical,Bachelor,Married,0
102193,37,54011.0,9.0,27589.0,7.08,703.0,60,Mortgage,Business,PhD,Divorced,0
102194,24,40509.0,6.0,18810.0,12.06,618.0,36,Rent,Home_Improvement,,Single,1
102195,26,102191.0,17.0,18045.0,15.1,732.0,60,Rent,Debt_Consolidation,Bachelor,Married,0
102196,63,59206.0,2.0,29598.0,14.35,662.0,60,Rent,Debt_Consolidation,Bachelor,Married,1
102197,38,67311.0,27.0,20144.0,12.17,638.0,72,Mortgage,Debt_Consolidation,High_School,Married,1
102198,33,46909.0,3.0,20253.0,16.56,713.0,60,Rent,Education,High_School,Single,1
102199,24,97731.0,0.0,16624.0,6.79,709.0,36,Rent,Debt_Consolidation,Bachelor,Married,0
102200,48,125436.0,28.0,25943.0,11.5,766.0,72,Mortgage,Debt_Consolidation,Bachelor,Married,0
102201,60,54376.0,4.0,11297.0,12.15,634.0,36,Rent,Business,Master,Married,0
102202,44,86549.0,12.0,23760.0,18.17,731.0,60,Rent,Debt_Consolidation,Bachelor,Married,1
102203,39,43920.0,11.0,13932.0,7.93,686.0,60,Mortgage,Home_Improvement,Bachelor,Married,0
102204,42,66819.0,26.0,19604.0,14.06,762.0,60,Own,Home_Improvement,High_School,Single,1
102205,47,108858.0,7.0,17990.0,7.47,815.0,36,Own,Debt_Consolidation,Bachelor,Married,0
102206,42,65240.0,24.0,38674.0,8.28,585.0,36,Own,Home_Improvement,High_School,Married,1
102207,29,74944.0,28.0,22036.0,9.17,645.0,60,Own,Debt_Consolidation,PhD,Married,0
102208,37,100727.0,2.0,2000.0,11.84,759.0,72,Rent,Business,Bachelor,Married,0
102209,34,60916.0,26.0,20028.0,12.84,701.0,36,Rent,Debt_Consolidation,High_School,Single,0
102210,48,78742.0,13.0,6363.0,4.0,711.0,60,Own,Home_Improvement,Bachelor,Single,0
102211,25,70217.0,27.0,10776.0,11.66,642.0,48,Own,Debt_Consolidation,High_School,Single,0
102212,34,71131.0,19.0,26627.0,4.3,588.0,36,Rent,Home_Improvement,High_School,Single,0
102213,43,73813.0,12.0,15352.0,,630.0,36,Mortgage,Debt_Consolidation,Master,Single,0
102214,42,37894.0,10.0,32463.0,8.34,567.0,72,Mortgage,Home_Improvement,Bachelor,Divorced,1
102215,43,74154.0,13.0,17201.0,14.78,615.0,72,Rent,Debt_Consolidation,Bachelor,Married,1
102216,55,49772.0,28.0,9839.0,11.27,697.0,36,Rent,Education,Master,Married,0
102217,24,110384.0,5.0,12233.0,5.67,715.0,60,Rent,Home_Improvement,High_School,Married,0
102218,51,111791.0,13.0,11943.0,7.08,753.0,36,Rent,Medical,High_School,Single,0
102219,23,47042.0,22.0,13128.0,11.24,659.0,36,Rent,Education,Bachelor,Single,0
102220,22,53100.0,4.0,14786.0,4.0,699.0,60,Rent,Debt_Consolidation,Master,Married,1
102221,53,84767.0,4.0,28055.0,9.22,694.0,60,Mortgage,Education,Master,Single,0
102222,53,25184.0,21.0,24305.0,4.86,754.0,60,Rent,Debt_Consolidation,Bachelor,Married,0
102223,44,70758.0,23.0,13289.0,14.09,648.0,60,Mortgage,Debt_Consolidation,Bachelor,Single,0
102224,34,81935.0,28.0,19601.0,4.0,703.0,36,Rent,Education,Bachelor,Married,0
102225,26,68107.0,17.0,25496.0,16.34,688.0,48,Mortgage,Education,Master,Married,1
102226,22,58183.0,23.0,16481.0,13.2,773.0,36,Mortgage,Debt_Consolidation,Master,Single,0
102227,62,69466.0,12.0,3262.0,13.2,722.0,36,Own,Education,Bachelor,Single,0
102228,57,52005.0,8.0,5386.0,10.59,633.0,36,Rent,Debt_Consolidation,High_School,Married,0
102229,39,39462.0,10.0,22358.0,6.11,672.0,60,Mortgage,Debt_Consolidation,Bachelor,Single,1
102230,29,66028.0,9.0,19975.0,12.93,687.0,36,Rent,Debt_Consolidation,Bachelor,Single,0
102231,54,33836.0,22.0,25689.0,7.01,688.0,48,Rent,Debt_Consolidation,Bachelor,Divorced,0
102232,27,77512.0,5.0,10527.0,8.48,690.0,36,Mortgage,Business,Bachelor,Married,1
102233,53,114965.0,21.0,24641.0,12.39,665.0,60,Mortgage,Business,Bachelor,Divorced,0
102234,60,59342.0,30.0,24825.0,16.72,634.0,48,Rent,Business,PhD,Single,0
102235,54,123457.0,5.0,6879.0,7.13,578.0,36,Own,Education,High_School,Married,0
102236,61,37103.0,17.0,11992.0,8.0,604.0,36,Mortgage,Debt_Consolidation,High_School,Married,0
102237,52,88035.0,3.0,26960.0,10.96,709.0,60,Rent,Medical,Bachelor,Married,1
102238,40,77694.0,16.0,5851.0,8.52,732.0,60,Own,Business,Bachelor,Married,0
102239,35,53955.0,17.0,24569.0,13.29,754.0,36,Mortgage,Debt_Consolidation,Bachelor,Single,1
102240,29,92675.0,17.0,13443.0,9.4,727.0,48,Rent,Debt_Consolidation,Bachelor,Married,1
102241,44,26367.0,22.0,28800.0,5.32,649.0,60,Rent,Business,Master,Married,0
102242,34,79785.0,23.0,23777.0,13.06,720.0,60,Rent,Debt_Consolidation,High_School,Divorced,0
102243,54,107069.0,17.0,14595.0,11.18,653.0,60,Own,Business,Bachelor,Single,0
102244,41,42924.0,10.0,10247.0,,704.0,60,Mortgage,Home_Improvement,Bachelor,Single,0
102245,28,122367.0,15.0,16946.0,9.72,580.0,48,Mortgage,Business,High_School,Married,0
102246,64,51149.0,29.0,6723.0,11.32,724.0,72,Rent,Education,Master,Divorced,0
102247,26,22399.0,8.0,24920.0,13.2,618.0,36,Mortgage,Home_Improvement,Master,Divorced,1
102248,29,27014.0,29.0,7292.0,11.8,682.0,60,Mortgage,Education,High_School,Single,1
102249,35,104137.0,29.0,11213.0,11.81,728.0,36,Rent,Medical,PhD,Married,0
102250,38,37493.0,30.0,23998.0,8.36,641.0,72,Rent,Debt_Consolidation,Bachelor,Married,0
102251,62,42348.0,3.0,18266.0,11.6,576.0,60,Mortgage,Medical,Master,Married,1
102252,31,77192.0,24.0,4823.0,9.26,707.0,60,Rent,Debt_Consolidation,Bachelor,Single,0
102253,53,79052.0,7.0,28845.0,6.98,709.0,60,Mortgage,Debt_Consolidation,PhD,Divorced,0
102254,25,94697.0,10.0,16508.0,19.25,747.0,48,Rent,Medical,Bachelor,Married,0
102255,53,129295.0,2.0,29538.0,10.22,608.0,60,Mortgage,Business,Master,Single,0
102256,65,49464.0,7.0,11973.0,15.67,723.0,72,Mortgage,Debt_Consolidation,Bachelor,Married,0
102257,31,54186.0,30.0,5987.0,16.69,661.0,60,Rent,Education,High_School,Single,0
102258,33,82054.0,28.0,33029.0,15.33,643.0,36,Rent,Debt_Consolidation,Bachelor,Divorced,1
102259,47,109126.0,5.0,8780.0,15.08,601.0,36,Rent,Business,High_School,Married,1
102260,22,63254.0,29.0,2000.0,6.48,683.0,36,Own,Home_Improvement,Bachelor,Single,0
102261,49,55177.0,18.0,3749.0,13.21,733.0,36,Own,Debt_Consolidation,Master,Married,0
102262,29,34251.0,14.0,35242.0,6.9,749.0,60,Rent,Business,Bachelor,Married,0
102263,25,55559.0,1.0,9858.0,10.69,766.0,60,Own,Home_Improvement,High_School,Single,0
102264,61,76944.0,2.0,14481.0,19.76,666.0,60,Rent,Home_Improvement,Master,Married,0
102265,30,63714.0,10.0,23855.0,11.12,658.0,60,Rent,Business,Bachelor,Single,0
102266,50,65838.0,1.0,20089.0,12.63,735.0,36,Own,Debt_Consolidation,Master,Married,0
102267,57,51858.0,0.0,17508.0,7.1,753.0,36,Mortgage,Home_Improvement,Master,Single,0
102268,52,30713.0,11.0,21904.0,12.37,632.0,60,Mortgage,Debt_Consolidation,High_School,Divorced,0
102269,25,77267.0,30.0,15722.0,14.96,647.0,60,Rent,Education,Bachelor,Married,1
102270,50,47152.0,1.0,27046.0,12.18,743.0,36,Mortgage,Education,Bachelor,Single,0
102271,37,169809.0,14.0,20132.0,6.85,733.0,60,Rent,Home_Improvement,High_School,Single,0
102272,56,59413.0,1.0,31836.0,12.34,671.0,60,Rent,Business,High_School,Married,1
102273,55,45320.0,3.0,9528.0,5.22,842.0,60,Rent,Medical,Bachelor,Married,0
102274,57,57495.0,26.0,13050.0,6.78,752.0,36,Rent,Home_Improvement,Bachelor,Married,0
102275,46,25402.0,8.0,2000.0,5.79,669.0,48,Rent,Debt_Consolidation,High_School,Married,0
102276,57,48030.0,18.0,19914.0,6.83,693.0,60,Own,Medical,Master,Married,1
102277,21,48688.0,28.0,24188.0,10.8,736.0,60,Mortgage,Education,PhD,Married,1
102278,39,37867.0,20.0,20608.0,7.86,713.0,60,Own,Debt_Consolidation,Bachelor,Married,0
102279,33,30780.0,26.0,28865.0,10.34,729.0,72,Rent,Debt_Consolidation,Bachelor,Divorced,1
102280,37,65695.0,18.0,19813.0,6.12,700.0,60,Mortgage,Medical,Master,Single,0
102281,53,60540.0,20.0,3719.0,14.61,682.0,60,Mortgage,Debt_Consolidation,High_School,Married,0
102282,42,85197.0,19.0,19191.0,10.36,626.0,60,Mortgage,Business,Bachelor,Married,1
102283,44,144697.0,10.0,19592.0,10.33,699.0,36,Rent,Debt_Consolidation,Master,Divorced,0
102284,62,82903.0,10.0,35099.0,8.08,668.0,48,Rent,Debt_Consolidation,High_School,Married,0
102285,43,78383.0,25.0,20501.0,12.6,756.0,60,Own,Medical,Bachelor,Divorced,0
102286,57,65691.0,1.0,22314.0,9.73,709.0,72,Own,Debt_Consolidation,Bachelor,Divorced,0
102287,40,90554.0,14.0,5162.0,11.23,630.0,60,Rent,Education,Bachelor,Divorced,0
102288,32,77381.0,8.0,8572.0,14.05,648.0,60,Mortgage,Education,High_School,Single,0
102289,30,45141.0,14.0,12402.0,11.66,663.0,48,Rent,Home_Improvement,Master,Single,0
102290,23,86123.0,4.0,18486.0,10.12,714.0,48,Mortgage,Home_Improvement,Bachelor,Single,1
102291,29,115023.0,2.0,22658.0,9.95,737.0,60,Rent,Debt_Consolidation,High_School,Married,1
102292,34,67680.0,13.0,3359.0,12.42,692.0,72,Mortgage,Debt_Consolidation,Bachelor,Single,0
102293,65,41683.0,17.0,26859.0,7.49,708.0,48,,Home_Improvement,High_School,Divorced,0
102294,60,40156.0,29.0,15860.0,15.27,780.0,36,Rent,Debt_Consolidation,PhD,Single,0
102295,29,57852.0,14.0,16445.0,7.73,716.0,60,Mortgage,Debt_Consolidation,High_School,Single,0
102296,54,94234.0,30.0,26868.0,11.13,616.0,60,Rent,Education,Bachelor,Divorced,1
102297,52,84669.0,25.0,15907.0,10.1,683.0,48,Own,Medical,Bachelor,Married,1
102298,21,97937.0,1.0,18816.0,8.56,727.0,60,Rent,Debt_Consolidation,Bachelor,Married,0
102299,51,46415.0,5.0,11236.0,6.38,788.0,36,Rent,Debt_Consolidation,Bachelor,Single,0
102300,29,151635.0,29.0,15547.0,6.01,655.0,60,Rent,Home_Improvement,High_School,Divorced,0
102301,35,74006.0,9.0,19673.0,10.61,683.0,60,Mortgage,Home_Improvement,High_School,Married,1
102302,61,48475.0,4.0,22083.0,10.05,632.0,60,Own,Education,Bachelor,Single,1
102303,30,117490.0,15.0,21339.0,12.46,617.0,60,Mortgage,Debt_Consolidation,Bachelor,Married,1
102304,45,39259.0,17.0,9641.0,9.24,668.0,48,Rent,Debt_Consolidation,Bachelor,Single,0
102305,29,43609.0,7.0,31217.0,8.55,631.0,60,Own,Education,Bachelor,Married,1
102306,39,50969.0,24.0,22943.0,4.0,790.0,48,Rent,Education,High_School,Divorced,1
102307,40,33544.0,14.0,8030.0,6.42,697.0,36,Rent,Debt_Consolidation,Bachelor,Single,0
102308,24,41661.0,22.0,24332.0,11.57,638.0,48,Own,Debt_Consolidation,Bachelor,Single,0
102309,24,29791.0,2.0,19856.0,11.47,749.0,60,Mortgage,Debt_Consolidation,Bachelor,Married,0
102310,29,67143.0,9.0,23610.0,5.08,574.0,48,Rent,Education,High_School,Married,0
102311,37,132570.0,10.0,18405.0,5.78,708.0,36,Rent,Medical,Bachelor,Single,0
102312,49,78778.0,5.0,2000.0,7.56,577.0,48,Rent,Debt_Consolidation,Bachelor,Married,0
102313,53,49773.0,9.0,9703.0,11.94,718.0,48,Mortgage,Business,Master,Single,0
102314,36,250237.0,29.0,11796.0,12.41,712.0,48,Rent,Education,PhD,Divorced,0
102315,65,35758.0,13.0,20896.0,12.54,726.0,48,Rent,Debt_Consolidation,Bachelor,Divorced,0
102316,55,59071.0,26.0,6603.0,10.85,636.0,36,Rent,Debt_Consolidation,Bachelor,Married,1
102317,59,74768.0,2.0,26498.0,4.0,629.0,72,Own,Medical,Bachelor,Married,0
102318,36,84852.0,28.0,26583.0,14.26,718.0,48,Mortgage,Debt_Consolidation,Master,Single,1
102319,34,64369.0,12.0,20659.0,4.78,635.0,60,Mortgage,Debt_Consolidation,Bachelor,Single,0
102320,29,76137.0,0.0,19151.0,10.94,627.0,48,Rent,Medical,Master,Married,1
102321,46,22531.0,20.0,8206.0,11.02,628.0,72,Own,Home_Improvement,Bachelor,Divorced,0
102322,47,29844.0,10.0,14652.0,12.88,696.0,48,Mortgage,Education,Bachelor,Single,0
102323,38,84535.0,2.0,2000.0,12.88,814.0,36,Mortgage,Education,Bachelor,Married,0
102324,55,71249.0,6.0,13844.0,7.13,708.0,60,Rent,Education,PhD,Single,0
102325,40,81469.0,7.0,39527.0,13.62,685.0,60,Mortgage,Debt_Consolidation,Master,Single,1
102326,23,147809.0,16.0,7905.0,4.0,774.0,36,Mortgage,Debt_Consolidation,Master,Married,0
102327,41,75169.0,30.0,26926.0,7.34,602.0,60,Rent,Debt_Consolidation,Bachelor,Single,0
102328,47,58943.0,1.0,25881.0,7.01,640.0,60,Mortgage,Business,Master,Married,0
102329,53,37667.0,10.0,25569.0,9.37,781.0,48,Mortgage,Home_Improvement,Bachelor,Married,1
102330,26,78063.0,12.0,20709.0,8.69,565.0,36,Rent,Education,Master,Single,0
102331,29,32595.0,14.0,21079.0,11.28,826.0,72,Mortgage,Debt_Consolidation,PhD,Married,0
102332,50,34131.0,8.0,16270.0,9.66,632.0,60,Rent,Home_Improvement,High_School,Single,1
102333,63,27166.0,2.0,30649.0,18.01,712.0,60,Mortgage,Debt_Consolidation,Bachelor,Single,0
102334,51,55506.0,1.0,18409.0,4.68,686.0,36,Rent,Debt_Consolidation,High_School,Divorced,0
102335,45,92353.0,4.0,27843.0,12.36,647.0,60,Mortgage,Debt_Consolidation,Bachelor,Divorced,1
102336,43,80320.0,5.0,3907.0,7.79,621.0,60,Mortgage,Education,Bachelor,Married,0
102337,49,124961.0,14.0,20107.0,10.83,611.0,60,Own,Debt_Consolidation,Bachelor,Single,1
102338,21,77494.0,16.0,29518.0,4.0,745.0,60,Rent,Medical,Master,Single,0
102339,49,29308.0,17.0,5196.0,10.31,722.0,72,Mortgage,Business,Bachelor,Married,0
102340,33,82945.0,15.0,18821.0,15.14,635.0,36,Mortgage,Debt_Consolidation,Bachelor,Single,1
102341,34,86242.0,9.0,31061.0,8.93,597.0,36,Mortgage,Debt_Consolidation,Bachelor,Single,1
102342,37,45712.0,18.0,11350.0,13.32,586.0,36,Rent,Education,Bachelor,Divorced,0
102343,44,97147.0,5.0,14014.0,13.6,657.0,72,Mortgage,Debt_Consolidation,Bachelor,Single,0
102344,47,55524.0,23.0,28547.0,6.24,666.0,48,Mortgage,Debt_Consolidation,Master,Married,0
102345,33,101859.0,19.0,10894.0,9.97,641.0,48,Own,Debt_Consolidation,Master,Married,0
102346,48,90164.0,8.0,22643.0,13.21,792.0,48,Mortgage,Medical,Bachelor,Single,1
102347,39,63152.0,27.0,25764.0,10.54,710.0,72,Rent,Home_Improvement,Bachelor,Married,0
102348,34,40068.0,19.0,20433.0,15.5,668.0,60,Rent,Education,Bachelor,Single,0
102349,55,55363.0,18.0,16865.0,8.94,672.0,60,Own,Debt_Consolidation,Master,Married,0
102350,65,64131.0,18.0,11207.0,11.86,583.0,60,Mortgage,Home_Improvement,Master,Single,0
102351,47,127834.0,2.0,23988.0,9.95,,60,Mortgage,Debt_Consolidation,Master,Divorced,0
102352,21,58611.0,28.0,11356.0,13.59,615.0,36,Rent,Medical,Bachelor,Married,1
102353,29,97270.0,11.0,20514.0,9.19,650.0,60,Own,Education,High_School,Married,1
102354,23,86270.0,2.0,40456.0,11.54,721.0,60,Mortgage,Medical,Bachelor,Married,1
102355,44,74513.0,21.0,17004.0,10.26,619.0,36,Own,Business,Bachelor,Married,0
102356,47,115990.0,4.0,29939.0,10.55,597.0,48,Rent,,Master,Married,0
102357,57,46467.0,21.0,6613.0,,815.0,48,Rent,Debt_Consolidation,High_School,Single,0
102358,37,118918.0,28.0,15015.0,7.22,650.0,60,Own,Education,High_School,Married,0
102359,61,30421.0,0.0,16433.0,9.09,742.0,36,Rent,Debt_Consolidation,High_School,Married,0
102360,50,80858.0,2.0,11821.0,10.8,708.0,60,Own,Home_Improvement,High_School,Single,0
102361,43,31554.0,6.0,20325.0,11.46,770.0,60,Rent,Medical,Bachelor,Single,0
102362,51,32156.0,14.0,8625.0,9.12,769.0,48,Mortgage,Home_Improvement,Bachelor,Married,0
102363,26,118472.0,5.0,16362.0,12.32,634.0,60,Rent,Debt_Consolidation,Bachelor,Divorced,0
102364,57,111885.0,5.0,19356.0,10.19,622.0,36,Rent,Business,Bachelor,Divorced,0
102365,23,94558.0,5.0,17869.0,10.05,639.0,60,Own,Debt_Consolidation,Bachelor,Married,0
102366,28,75353.0,1.0,15089.0,13.38,639.0,60,Rent,Education,Bachelor,Divorced,1
102367,64,51450.0,0.0,22995.0,15.97,763.0,60,Rent,Business,Master,Married,1
102368,59,51959.0,25.0,11878.0,9.4,738.0,36,Mortgage,Debt_Consolidation,Bachelor,Divorced,0
102369,46,63737.0,20.0,31639.0,12.84,724.0,36,Mortgage,Education,Bachelor,Married,1
102370,55,42777.0,0.0,24918.0,12.06,577.0,36,Rent,Debt_Consolidation,Bachelor,Single,1
102371,48,85109.0,19.0,25878.0,13.34,743.0,60,Rent,Medical,Master,Single,0
102372,34,74463.0,11.0,17893.0,13.0,767.0,60,Rent,Education,Master,Single,0
102373,42,48102.0,7.0,25576.0,5.14,603.0,60,Own,Home_Improvement,Master,Married,0
102374,37,104692.0,3.0,17119.0,5.96,685.0,60,Rent,Home_Improvement,Bachelor,Married,0
102375,55,86857.0,5.0,21322.0,10.27,704.0,36,Mortgage,Home_Improvement,Bachelor,Single,1
102376,62,55915.0,10.0,34046.0,8.43,688.0,60,Rent,Business,Master,Single,1
102377,25,32352.0,20.0,12895.0,16.15,666.0,36,Rent,Medical,High_School,Divorced,1
102378,31,49281.0,7.0,8064.0,12.09,692.0,72,Own,Debt_Consolidation,Bachelor,Single,0
102379,54,37326.0,12.0,15477.0,5.14,669.0,36,Rent,Home_Improvement,High_School,Married,0
102380,24,35679.0,18.0,7658.0,10.56,693.0,36,Mortgage,Debt_Consolidation,Bachelor,Married,0
102381,34,50361.0,29.0,2000.0,12.07,,36,Rent,Debt_Consolidation,High_School,Married,0
102382,48,65335.0,22.0,10682.0,10.3,732.0,60,Mortgage,Debt_Consolidation,Master,Single,0
102383,29,86820.0,29.0,12045.0,12.74,691.0,36,Rent,Education,High_School,Single,0
102384,29,56843.0,23.0,26587.0,13.05,737.0,60,Mortgage,Home_Improvement,Bachelor,Divorced,0
102385,56,117942.0,14.0,12698.0,9.24,673.0,72,Rent,Home_Improvement,Bachelor,Single,0
102386,49,79992.0,27.0,17380.0,10.02,670.0,36,Mortgage,Debt_Consolidation,Bachelor,Married,0
102387,24,33398.0,3.0,5680.0,10.33,748.0,48,Own,Debt_Consolidation,Bachelor,Single,0
102388,28,59176.0,,10487.0,9.78,798.0,60,Rent,Medical,Bachelor,Single,1
102389,31,37740.0,28.0,16094.0,8.99,687.0,60,Rent,Debt_Consolidation,Master,Married,1
102390,53,40652.0,1.0,9407.0,14.42,759.0,36,Rent,Home_Improvement,Master,Married,0
102391,60,73053.0,6.0,19556.0,4.33,772.0,60,Rent,Debt_Consolidation,High_School,Single,0
102392,35,89604.0,8.0,9110.0,11.55,773.0,36,Mortgage,Debt_Consolidation,Bachelor,Single,0
102393,34,66167.0,6.0,25574.0,8.59,771.0,36,Rent,Debt_Consolidation,Bachelor,Divorced,0
102394,58,60829.0,2.0,14222.0,7.38,682.0,60,Rent,Business,Bachelor,Married,0
102395,38,58378.0,8.0,16411.0,9.39,705.0,60,Rent,Debt_Consolidation,High_School,Married,0
102396,31,81219.0,30.0,26004.0,8.34,611.0,48,Mortgage,Medical,Master,Single,0
102397,36,78081.0,11.0,20690.0,10.16,618.0,60,Mortgage,Home_Improvement,Master,Married,1
102398,41,67957.0,18.0,19478.0,14.73,669.0,36,Mortgage,Education,High_School,Single,0
102399,42,79338.0,18.0,18586.0,8.14,659.0,36,Own,Debt_Consolidation,PhD,Married,0
102400,30,61629.0,12.0,38227.0,9.62,755.0,60,Mortgage,Debt_Consolidation,,Married,1
102401,25,57464.0,17.0,36921.0,13.37,772.0,36,Mortgage,Debt_Consolidation,Master,Married,1
102402,30,153447.0,30.0,27846.0,11.05,710.0,36,Mortgage,Home_Improvement,Master,Single,0
102403,31,,29.0,8585.0,6.08,646.0,36,Rent,Medical,PhD,Single,0
102404,46,35060.0,27.0,13486.0,9.87,755.0,72,Rent,Home_Improvement,Bachelor,Married,1
102405,39,53875.0,3.0,19577.0,9.32,779.0,60,Rent,Debt_Consolidation,Bachelor,Married,0
102406,58,97535.0,24.0,33052.0,8.96,705.0,36,Rent,Business,Bachelor,Single,0
102407,31,54365.0,11.0,14206.0,11.48,696.0,48,Own,Debt_Consolidation,High_School,Divorced,0
102408,58,61613.0,23.0,24045.0,12.25,679.0,48,Rent,Debt_Consolidation,Bachelor,Married,1
102409,61,71428.0,2.0,23416.0,10.92,700.0,36,Rent,Home_Improvement,Bachelor,Single,0
102410,39,219227.0,0.0,24530.0,16.79,,36,Rent,Business,High_School,Single,1
102411,65,54457.0,24.0,44392.0,11.87,687.0,48,Rent,Debt_Consolidation,Bachelor,Single,1
102412,29,38811.0,3.0,18708.0,10.1,771.0,72,Own,Debt_Consolidation,PhD,Single,0
102413,23,81191.0,19.0,10596.0,12.52,650.0,60,Mortgage,Medical,Bachelor,Single,0
102414,36,79061.0,3.0,30300.0,8.36,687.0,60,Mortgage,Debt_Consolidation,PhD,Single,1
102415,49,99008.0,,16617.0,12.37,671.0,60,Own,Business,Bachelor,Married,0
102416,26,95522.0,21.0,34354.0,14.48,740.0,60,Mortgage,,Master,Single,1
102417,33,38176.0,5.0,7181.0,11.47,740.0,36,Rent,Education,High_School,Married,0
102418,26,49698.0,23.0,17868.0,8.83,759.0,36,Own,Education,PhD,Married,0
102419,38,54845.0,28.0,4372.0,7.48,696.0,60,Rent,Education,Bachelor,Married,0
102420,27,80309.0,4.0,15240.0,7.48,677.0,48,Own,Debt_Consolidation,Bachelor,Single,1
102421,34,34003.0,14.0,21601.0,6.21,775.0,60,Mortgage,Medical,High_School,Single,0
102422,25,118593.0,24.0,8950.0,11.07,648.0,60,Mortgage,Medical,Bachelor,Divorced,0
102423,53,82266.0,29.0,15874.0,14.58,664.0,48,Rent,Education,Bachelor,Single,0
102424,44,154311.0,1.0,23115.0,9.63,690.0,36,Mortgage,Home_Improvement,High_School,Married,0
102425,55,55561.0,29.0,21895.0,11.91,754.0,36,Rent,Education,High_School,Married,1
102426,26,73641.0,6.0,18639.0,10.33,706.0,36,Mortgage,Debt_Consolidation,High_School,Married,1
102427,49,51931.0,4.0,25460.0,9.24,698.0,60,Rent,Education,Bachelor,Single,0
102428,64,61204.0,0.0,17715.0,10.89,601.0,60,Mortgage,Medical,Master,Married,0
102429,21,62060.0,22.0,3093.0,12.7,711.0,72,Rent,Debt_Consolidation,High_School,Single,0
102430,64,50875.0,23.0,20229.0,7.07,701.0,36,Mortgage,Debt_Consolidation,Bachelor,Single,0
102431,61,46715.0,9.0,17422.0,13.35,726.0,60,Own,Debt_Consolidation,High_School,Single,0
102432,52,27237.0,12.0,23078.0,13.44,709.0,36,Rent,Medical,Bachelor,Married,0
102433,25,92958.0,4.0,10113.0,13.74,572.0,36,Rent,Education,PhD,Married,1
102434,26,50952.0,28.0,2837.0,13.32,690.0,60,Rent,Business,Bachelor,Married,0
102435,64,,9.0,15711.0,10.92,705.0,48,Rent,Home_Improvement,Bachelor,Single,0
102436,50,47525.0,,9727.0,12.02,690.0,36,Mortgage,Debt_Consolidation,Master,Divorced,0
102437,44,45204.0,24.0,18632.0,8.33,704.0,36,Rent,Business,Bachelor,Married,0
102438,25,51737.0,13.0,12803.0,9.98,659.0,36,Rent,Debt_Consolidation,Bachelor,Single,0
102439,24,86612.0,30.0,12353.0,9.22,648.0,36,Own,Debt_Consolidation,Master,Married,0
102440,41,71265.0,27.0,20043.0,6.65,782.0,36,Mortgage,Debt_Consolidation,Bachelor,Single,0
102441,48,84601.0,20.0,27843.0,9.6,572.0,48,Mortgage,Debt_Consolidation,Bachelor,Married,1
102442,35,99842.0,27.0,8846.0,6.77,640.0,48,Own,Business,High_School,Divorced,0
102443,58,87490.0,,9640.0,12.32,646.0,60,Mortgage,Debt_Consolidation,Master,Divorced,0
102444,43,61497.0,30.0,22768.0,8.59,688.0,36,Rent,Debt_Consolidation,Master,Married,0
102445,35,62296.0,23.0,21116.0,6.94,680.0,60,Own,Debt_Consolidation,Bachelor,Single,0
102446,25,28993.0,0.0,27102.0,8.79,546.0,36,Mortgage,Debt_Consolidation,Bachelor,Single,1
102447,56,71325.0,20.0,24074.0,6.66,699.0,60,Mortgage,Education,Bachelor,Single,0
102448,38,111240.0,27.0,9667.0,6.38,656.0,48,Mortgage,Business,High_School,Divorced,0
102449,23,39158.0,23.0,6045.0,4.0,683.0,48,Mortgage,Medical,Bachelor,Single,0
102450,24,114692.0,22.0,30639.0,11.11,695.0,60,Mortgage,Business,Bachelor,Divorced,1
102451,23,121418.0,22.0,11917.0,7.49,,36,Own,Debt_Consolidation,Master,Married,0
102452,35,77764.0,14.0,21820.0,11.45,636.0,60,Rent,Home_Improvement,Bachelor,Married,1
102453,56,124296.0,0.0,27708.0,8.06,732.0,36,Mortgage,Debt_Consolidation,Master,Married,0
102454,58,29928.0,9.0,23578.0,11.09,749.0,72,Rent,Home_Improvement,High_School,Married,0
102455,39,28377.0,12.0,13261.0,12.72,825.0,60,Own,Business,Master,Single,1
102456,55,38532.0,7.0,32535.0,7.71,635.0,60,Rent,Medical,Bachelor,Married,1
102457,43,120673.0,1.0,13082.0,10.0,653.0,36,Rent,,Bachelor,Single,1
102458,56,29448.0,5.0,19633.0,6.75,700.0,36,Rent,Debt_Consolidation,Bachelor,Married,0
102459,48,79950.0,5.0,3730.0,11.32,850.0,48,Own,Debt_Consolidation,Bachelor,Single,0
102460,44,93959.0,10.0,20015.0,10.86,731.0,60,Mortgage,Education,Master,Single,1
102461,45,33626.0,8.0,2000.0,7.8,527.0,60,Rent,Debt_Consolidation,Bachelor,Single,0
102462,41,63537.0,21.0,6073.0,9.53,581.0,60,Mortgage,Education,Bachelor,Married,0
102463,26,50215.0,4.0,17148.0,10.38,685.0,36,Mortgage,Debt_Consolidation,High_School,Divorced,1
102464,29,100776.0,6.0,22457.0,8.15,697.0,60,Mortgage,Debt_Consolidation,Master,Single,1
102465,47,135815.0,22.0,3935.0,11.48,622.0,60,Rent,Debt_Consolidation,Master,Married,0
102466,60,71156.0,17.0,5406.0,6.01,685.0,60,Rent,Home_Improvement,Bachelor,Single,0
102467,39,111113.0,7.0,21736.0,6.8,680.0,60,Rent,Business,High_School,Married,0
102468,21,34785.0,11.0,37846.0,7.72,718.0,72,Mortgage,Debt_Consolidation,Bachelor,Single,1
102469,30,81887.0,,44337.0,13.63,643.0,60,Rent,Education,Bachelor,Married,1
102470,61,53685.0,13.0,11597.0,10.53,678.0,36,Own,Business,High_School,Single,1
102471,26,127745.0,15.0,24893.0,9.77,760.0,48,Own,Business,Bachelor,Married,0
102472,56,79198.0,17.0,24865.0,10.14,664.0,72,Own,Education,Bachelor,Married,1
102473,22,55218.0,8.0,18198.0,11.76,679.0,48,Rent,Education,High_School,Single,1
102474,57,53706.0,10.0,30644.0,15.14,700.0,36,Rent,Debt_Consolidation,Bachelor,Married,1
102475,64,70310.0,4.0,37887.0,12.15,752.0,36,Mortgage,Education,High_School,Single,1
102476,51,82492.0,9.0,19371.0,11.95,618.0,36,,Debt_Consolidation,High_School,Married,1
102477,54,53851.0,24.0,8964.0,9.25,675.0,60,Rent,Medical,Bachelor,Divorced,0
102478,41,44663.0,26.0,25566.0,5.97,627.0,60,Mortgage,Education,Bachelor,Single,0
102479,26,32975.0,20.0,22904.0,12.55,688.0,48,Own,Debt_Consolidation,Bachelor,Married,0
102480,36,228693.0,30.0,20520.0,6.51,648.0,60,Mortgage,Medical,Bachelor,Single,0
102481,59,51581.0,8.0,19983.0,11.29,555.0,36,Rent,Debt_Consolidation,High_School,Married,1
102482,59,43141.0,0.0,14811.0,8.2,635.0,60,Rent,Debt_Consolidation,High_School,Single,0
102483,28,109402.0,6.0,22476.0,11.19,756.0,60,Rent,Debt_Consolidation,Master,Divorced,0
102484,56,54386.0,25.0,2225.0,9.19,711.0,60,Mortgage,Home_Improvement,Bachelor,Single,0
102485,22,121592.0,3.0,30085.0,10.23,743.0,48,Rent,Home_Improvement,High_School,Single,1
102486,47,36985.0,18.0,16615.0,10.08,683.0,48,Rent,Education,Master,Single,0
102487,64,160972.0,25.0,18997.0,9.39,745.0,36,Rent,Debt_Consolidation,Master,Single,0
102488,35,29739.0,15.0,12613.0,10.59,694.0,36,Mortgage,Debt_Consolidation,Bachelor,Divorced,0
102489,65,56086.0,2.0,23295.0,12.84,742.0,48,Mortgage,Debt_Consolidation,High_School,Married,1
102490,63,67751.0,2.0,28645.0,5.46,681.0,36,Own,Medical,Bachelor,Married,0
102491,64,89572.0,3.0,16179.0,10.68,621.0,60,Rent,Debt_Consolidation,High_School,Married,0
102492,58,28974.0,12.0,18367.0,7.34,754.0,72,Rent,Home_Improvement,High_School,Married,1
102493,49,40167.0,1.0,9651.0,10.13,737.0,36,Mortgage,Debt_Consolidation,High_School,Single,0
102494,28,91456.0,1.0,21471.0,5.45,686.0,72,Rent,Debt_Consolidation,Master,Married,0
102495,52,26802.0,20.0,24081.0,14.19,622.0,36,Mortgage,Home_Improvement,Bachelor,Divorced,0
102496,57,40268.0,15.0,6951.0,8.46,648.0,60,Mortgage,Business,High_School,Single,1
102497,43,56167.0,28.0,13396.0,7.46,590.0,36,Rent,Medical,Bachelor,Divorced,0
102498,58,66624.0,23.0,25635.0,4.98,717.0,36,Rent,Debt_Consolidation,PhD,Single,0
102499,57,107838.0,24.0,26253.0,4.0,699.0,36,Rent,Medical,Master,Single,0
102500,31,46401.0,30.0,30399.0,12.56,714.0,60,Mortgage,Debt_Consolidation,PhD,Married,1
102501,38,57666.0,5.0,10925.0,7.58,783.0,60,Rent,Education,Bachelor,Married,0
102502,49,101154.0,26.0,11536.0,11.2,636.0,60,Mortgage,Debt_Consolidation,Bachelor,Married,0
102503,41,51336.0,13.0,10116.0,9.61,657.0,36,Mortgage,Home_Improvement,Bachelor,Single,0
102504,47,33694.0,13.0,14694.0,11.87,773.0,60,Mortgage,Medical,High_School,Married,0
102505,24,81210.0,28.0,25911.0,6.28,624.0,36,Rent,Debt_Consolidation,High_School,Married,1
102506,45,80636.0,3.0,4506.0,8.84,732.0,60,Mortgage,Home_Improvement,Master,Single,0
102507,58,63930.0,26.0,34360.0,12.72,756.0,36,Rent,Debt_Consolidation,Bachelor,Single,1
102508,30,60475.0,23.0,33255.0,5.43,772.0,60,Rent,Debt_Consolidation,High_School,Married,0
102509,47,73727.0,4.0,3198.0,13.05,685.0,60,Mortgage,Medical,High_School,Married,0
102510,57,92709.0,27.0,12471.0,11.4,720.0,48,Rent,Debt_Consolidation,Bachelor,Married,0
102511,36,45321.0,27.0,27142.0,8.32,707.0,60,Own,Medical,Master,Married,1
102512,38,96421.0,27.0,26760.0,11.69,583.0,60,Rent,Education,Bachelor,Single,1
102513,65,70690.0,1.0,15897.0,11.57,733.0,72,Rent,Debt_Consolidation,PhD,Divorced,0
102514,56,96587.0,8.0,18512.0,7.08,614.0,60,Rent,Business,Master,Married,1
102515,24,63969.0,27.0,19880.0,9.44,664.0,72,Mortgage,Debt_Consolidation,PhD,Single,1
102516,29,101151.0,28.0,12796.0,8.6,662.0,60,Rent,Medical,PhD,Single,0
102517,41,39541.0,22.0,14744.0,15.33,695.0,36,Own,Debt_Consolidation,Bachelor,Divorced,0
102518,57,70944.0,17.0,8145.0,17.83,705.0,36,Mortgage,Home_Improvement,Bachelor,Married,0
102519,56,94472.0,26.0,18012.0,11.44,735.0,60,Rent,Debt_Consolidation,Master,Married,0
102520,39,43274.0,3.0,6549.0,13.33,754.0,48,Rent,Business,High_School,Married,0
102521,35,171333.0,9.0,7217.0,6.3,628.0,48,Rent,Home_Improvement,High_School,Married,0
102522,25,36302.0,13.0,23037.0,9.23,726.0,72,Own,Debt_Consolidation,Master,Single,1
102523,57,107535.0,20.0,27618.0,9.84,614.0,60,Own,Business,Master,Single,1
102524,64,44671.0,15.0,9213.0,8.83,660.0,60,Mortgage,Home_Improvement,Bachelor,Married,0
102525,25,79752.0,27.0,23788.0,6.98,765.0,60,Rent,Debt_Consolidation,Bachelor,Single,0
102526,34,73220.0,16.0,31100.0,14.12,703.0,36,Own,Debt_Consolidation,Bachelor,Married,1
102527,38,109018.0,1.0,20816.0,11.84,748.0,36,Rent,Education,High_School,Single,0
102528,42,69027.0,15.0,2008.0,5.74,613.0,60,Own,Debt_Consolidation,High_School,Single,0
102529,32,45819.0,17.0,16032.0,13.79,702.0,36,Mortgage,Medical,High_School,Married,0
102530,24,89889.0,22.0,36529.0,9.27,595.0,36,Rent,Debt_Consolidation,Bachelor,Married,1
102531,38,99341.0,1.0,16921.0,6.83,727.0,36,Mortgage,Debt_Consolidation,Bachelor,Divorced,0
102532,21,56285.0,11.0,6873.0,6.56,641.0,60,Rent,Education,Bachelor,Single,1
102533,21,,9.0,11719.0,11.73,721.0,36,Rent,Education,High_School,Married,0
102534,42,68240.0,26.0,13600.0,5.52,710.0,48,Mortgage,Home_Improvement,PhD,Married,0
102535,37,27215.0,3.0,10683.0,6.94,668.0,36,Rent,Business,Bachelor,Single,0
102536,49,76836.0,7.0,18687.0,12.5,704.0,72,Own,Education,Master,Single,0
102537,58,72496.0,21.0,9350.0,13.76,666.0,36,Rent,Debt_Consolidation,Bachelor,Married,0
102538,57,113087.0,17.0,25648.0,4.0,663.0,60,Rent,Medical,High_School,Single,0
102539,59,65431.0,,18141.0,6.23,749.0,60,Own,Debt_Consolidation,Bachelor,Married,0
102540,63,50328.0,18.0,23668.0,11.72,659.0,36,Rent,Debt_Consolidation,Bachelor,Single,0
102541,37,51334.0,20.0,13659.0,5.23,699.0,36,Rent,Debt_Consolidation,Master,Married,0
102542,26,43898.0,27.0,8413.0,8.69,713.0,60,Mortgage,Medical,High_School,Single,1
102543,40,50815.0,24.0,20364.0,13.83,776.0,60,Own,Education,Master,Married,0
102544,27,47585.0,28.0,5992.0,14.79,819.0,36,Mortgage,Home_Improvement,PhD,Married,0
102545,53,66243.0,14.0,9062.0,11.21,625.0,36,Rent,,Bachelor,Divorced,0
102546,60,90651.0,14.0,27833.0,13.25,732.0,60,Mortgage,Education,High_School,Single,1
102547,49,67848.0,10.0,12891.0,10.92,747.0,60,Own,Debt_Consolidation,High_School,Single,0
102548,27,34319.0,24.0,23403.0,13.18,749.0,36,Mortgage,Education,Bachelor,Single,1
102549,49,58809.0,18.0,25241.0,7.87,709.0,48,Rent,Home_Improvement,High_School,Single,0
102550,24,74163.0,14.0,4256.0,13.85,677.0,36,Rent,Debt_Consolidation,Bachelor,Married,0
102551,58,40769.0,8.0,20611.0,10.68,675.0,36,Own,Home_Improvement,High_School,Single,0
102552,40,77618.0,,4857.0,9.77,709.0,72,Own,Debt_Consolidation,Bachelor,Married,0
102553,45,60454.0,13.0,29062.0,5.67,635.0,36,Own,Business,High_School,Married,1
102554,60,189170.0,26.0,8860.0,8.39,667.0,36,Mortgage,Home_Improvement,Bachelor,Divorced,0
102555,44,53316.0,11.0,30010.0,16.74,682.0,60,Rent,Debt_Consolidation,High_School,Married,1
102556,32,94361.0,7.0,14809.0,11.69,701.0,36,Rent,Home_Improvement,High_School,Married,0
102557,48,50193.0,19.0,5476.0,8.29,616.0,36,Rent,Business,Bachelor,Single,0
102558,50,76615.0,29.0,26462.0,6.2,789.0,60,Rent,Debt_Consolidation,Bachelor,Single,1
102559,28,104481.0,4.0,24614.0,10.16,683.0,60,Rent,Business,Bachelor,Single,0
102560,28,85340.0,7.0,23080.0,7.31,719.0,60,Rent,Home_Improvement,Master,Married,1
102561,65,71687.0,19.0,13785.0,11.88,742.0,36,Mortgage,Education,High_School,Married,0
102562,30,43656.0,6.0,7553.0,10.72,676.0,72,Rent,Home_Improvement,Master,Married,0
102563,27,72805.0,29.0,2308.0,10.76,651.0,60,Rent,Business,High_School,Married,0
102564,30,72542.0,9.0,12893.0,7.72,780.0,36,Own,Medical,Bachelor,Single,0
102565,49,66104.0,17.0,18291.0,7.55,734.0,60,Rent,Debt_Consolidation,High_School,Married,0
102566,28,65596.0,1.0,19711.0,6.53,758.0,60,Mortgage,Medical,High_School,Married,0
102567,64,54890.0,22.0,2000.0,15.57,724.0,60,Own,Home_Improvement,High_School,Divorced,0
102568,62,33860.0,29.0,17767.0,8.14,606.0,36,Rent,Debt_Consolidation,Master,Single,0
102569,40,42510.0,17.0,27051.0,11.62,765.0,72,Rent,Home_Improvement,High_School,Divorced,1
102570,38,45272.0,24.0,18247.0,6.79,704.0,60,Rent,Home_Improvement,Master,Married,0
102571,52,43357.0,0.0,32835.0,8.02,799.0,60,Rent,Debt_Consolidation,High_School,Single,1
102572,29,110703.0,22.0,20403.0,11.96,736.0,36,Rent,Education,Bachelor,Married,0
102573,58,136361.0,4.0,6274.0,11.33,631.0,36,Own,Debt_Consolidation,Bachelor,Divorced,0
102574,34,71227.0,21.0,23063.0,10.54,647.0,60,Rent,Debt_Consolidation,High_School,Married,1
102575,27,,6.0,11827.0,11.8,672.0,60,Mortgage,Debt_Consolidation,Master,Married,1
102576,46,60987.0,21.0,26663.0,14.22,794.0,36,Rent,Education,Bachelor,Married,1
102577,37,70941.0,15.0,12373.0,10.23,670.0,60,Mortgage,Education,Bachelor,Divorced,0
102578,39,114305.0,25.0,30809.0,11.61,700.0,72,Mortgage,Home_Improvement,Bachelor,Divorced,1
102579,57,83208.0,15.0,23069.0,15.34,657.0,60,Own,Debt_Consolidation,Bachelor,Married,1
102580,54,89452.0,10.0,7647.0,5.16,696.0,60,Rent,Business,Bachelor,Single,0
102581,62,70958.0,5.0,28583.0,12.58,695.0,36,Rent,Home_Improvement,High_School,Single,1
102582,33,52196.0,11.0,31210.0,5.4,678.0,60,Own,Home_Improvement,Master,Single,1
102583,36,82756.0,21.0,10187.0,9.38,636.0,60,Mortgage,Home_Improvement,Bachelor,Single,0
102584,59,57535.0,12.0,16079.0,10.71,717.0,60,Mortgage,Education,Master,Married,1
102585,47,61395.0,12.0,20651.0,10.82,720.0,36,Own,Business,Bachelor,Divorced,1
102586,53,38954.0,28.0,22825.0,14.09,682.0,48,Rent,Home_Improvement,Bachelor,Divorced,1
102587,34,62686.0,10.0,39020.0,8.61,607.0,60,Own,Education,Bachelor,Married,1
102588,29,35718.0,7.0,20783.0,10.93,750.0,72,Own,Debt_Consolidation,Master,Married,1
102589,61,40123.0,28.0,17652.0,13.57,766.0,72,Mortgage,Debt_Consolidation,Bachelor,Single,1
102590,63,105336.0,27.0,10518.0,12.71,688.0,36,Rent,Education,High_School,Married,0
102591,64,75322.0,12.0,22906.0,8.14,,60,Own,Home_Improvement,Master,Married,0
102592,32,66030.0,19.0,15520.0,10.59,652.0,36,Mortgage,Business,Master,Married,0
102593,47,110589.0,21.0,10725.0,8.75,690.0,48,Rent,Debt_Consolidation,Master,Single,1
102594,31,157484.0,14.0,7062.0,14.17,708.0,60,Mortgage,Business,High_School,Married,0
102595,35,59485.0,23.0,6815.0,9.92,597.0,36,Rent,Home_Improvement,Bachelor,Married,0
102596,23,70529.0,19.0,18036.0,6.49,755.0,48,Rent,Medical,Bachelor,Married,0
102597,35,61985.0,10.0,31191.0,13.09,787.0,60,Mortgage,Medical,Master,Single,1
102598,29,71187.0,27.0,29771.0,12.04,748.0,36,Rent,Home_Improvement,High_School,Single,0
102599,62,53935.0,22.0,20506.0,8.58,711.0,72,Rent,Medical,Bachelor,Married,1
102600,36,62895.0,7.0,2000.0,7.82,704.0,36,Mortgage,Education,PhD,Single,0
102601,27,22486.0,24.0,26142.0,4.87,685.0,72,Mortgage,Debt_Consolidation,Bachelor,Married,0
102602,62,129558.0,22.0,21874.0,10.16,850.0,36,Rent,Home_Improvement,High_School,Married,0
102603,61,54490.0,11.0,25658.0,14.07,641.0,36,Mortgage,Home_Improvement,Bachelor,Married,1
102604,24,82082.0,11.0,9712.0,13.28,698.0,36,Rent,Medical,Bachelor,Married,0
102605,36,71603.0,23.0,15890.0,12.62,725.0,36,Mortgage,Home_Improvement,Bachelor,Single,0
102606,56,82447.0,3.0,24007.0,4.54,570.0,60,Rent,Medical,Master,Single,0
102607,43,54616.0,10.0,19796.0,9.32,633.0,48,Rent,Debt_Consolidation,Bachelor,Married,0
102608,50,113300.0,30.0,22888.0,14.07,694.0,48,Rent,Debt_Consolidation,Bachelor,Single,1
102609,25,37106.0,5.0,21794.0,8.68,775.0,60,Mortgage,Home_Improvement,Bachelor,Married,0
102610,30,44288.0,12.0,11841.0,9.58,685.0,48,Mortgage,Home_Improvement,High_School,Single,0
102611,56,71444.0,29.0,18540.0,10.14,653.0,60,Rent,Business,PhD,Single,0
102612,53,69775.0,11.0,5009.0,15.38,717.0,60,Mortgage,Business,High_School,Married,1
102613,32,54386.0,18.0,9589.0,13.73,683.0,36,Mortgage,Business,Bachelor,Single,0
102614,39,75177.0,16.0,20436.0,8.51,563.0,48,Rent,Home_Improvement,Bachelor,Single,0
102615,43,54057.0,26.0,21406.0,7.5,734.0,72,Rent,Home_Improvement,Bachelor,Single,1
102616,27,74149.0,27.0,22941.0,10.05,611.0,60,Mortgage,Debt_Consolidation,Bachelor,Single,0
102617,32,50961.0,18.0,21873.0,10.16,817.0,72,Rent,Debt_Consolidation,PhD,Married,0
102618,51,63441.0,25.0,11682.0,14.2,686.0,36,Mortgage,Debt_Consolidation,Bachelor,Single,1
102619,42,50254.0,22.0,29582.0,10.84,594.0,72,Own,Medical,Bachelor,Single,1
102620,33,60593.0,2.0,11403.0,15.23,600.0,72,Own,Home_Improvement,Bachelor,Married,0
102621,62,45717.0,5.0,25302.0,12.88,730.0,36,Rent,Medical,High_School,Single,1
102622,40,72050.0,0.0,16736.0,10.33,763.0,36,Rent,Home_Improvement,Bachelor,Married,0
102623,43,50466.0,24.0,16817.0,15.21,632.0,36,Mortgage,Debt_Consolidation,High_School,Married,0
102624,30,28720.0,2.0,20895.0,8.96,762.0,60,Rent,Debt_Consolidation,High_School,Married,1
102625,28,60508.0,1.0,21088.0,9.7,654.0,36,Rent,Business,Master,Single,1
102626,51,44651.0,3.0,9094.0,8.82,698.0,60,Rent,Medical,Bachelor,Single,0
102627,39,96011.0,23.0,26197.0,11.2,668.0,36,Rent,Home_Improvement,Bachelor,Married,0
102628,62,103960.0,16.0,9396.0,11.99,751.0,72,Rent,Debt_Consolidation,High_School,Single,0
102629,27,75331.0,29.0,24413.0,9.49,699.0,36,Mortgage,Home_Improvement,Bachelor,Single,1
102630,60,70852.0,12.0,18220.0,9.73,551.0,36,Rent,Home_Improvement,Bachelor,Married,0
102631,38,39256.0,13.0,19853.0,12.91,696.0,60,Rent,Debt_Consolidation,High_School,Single,1
102632,48,114865.0,0.0,8140.0,7.34,662.0,60,Own,Debt_Consolidation,High_School,Married,1
102633,23,111405.0,13.0,10843.0,10.02,707.0,72,Mortgage,Education,PhD,Single,0
102634,45,84727.0,18.0,15790.0,15.57,730.0,72,Rent,Education,Bachelor,Married,1
102635,62,74523.0,10.0,7685.0,9.24,664.0,48,Own,Debt_Consolidation,Bachelor,Single,0
102636,34,38441.0,21.0,4576.0,8.88,684.0,60,Mortgage,Home_Improvement,High_School,Single,0
102637,30,77080.0,4.0,16588.0,8.71,742.0,36,Rent,Education,Bachelor,Divorced,1
102638,45,62004.0,12.0,17181.0,10.95,,72,Mortgage,Home_Improvement,Bachelor,Single,0
102639,55,45902.0,14.0,25635.0,15.2,541.0,72,Mortgage,Debt_Consolidation,Bachelor,Divorced,1
102640,23,165895.0,20.0,20866.0,14.64,693.0,72,,Business,High_School,Married,0
102641,64,77311.0,9.0,22513.0,6.08,679.0,36,Rent,Business,,Married,0
102642,40,50448.0,25.0,32661.0,11.34,745.0,36,Own,Medical,Bachelor,Married,1
102643,48,111174.0,26.0,24417.0,14.19,677.0,48,Rent,Home_Improvement,High_School,Married,1
102644,50,59778.0,6.0,22357.0,9.18,782.0,36,Rent,Debt_Consolidation,High_School,Single,1
102645,29,49366.0,23.0,19811.0,15.09,647.0,60,,Business,Bachelor,Single,0
102646,24,21303.0,14.0,4194.0,12.01,682.0,60,Mortgage,Debt_Consolidation,Master,Single,0
102647,37,80419.0,16.0,11930.0,6.5,634.0,36,Own,Business,Bachelor,Single,0
102648,52,37068.0,22.0,14832.0,14.4,621.0,36,Mortgage,Debt_Consolidation,High_School,Married,0
102649,38,89240.0,15.0,21734.0,11.29,630.0,60,Mortgage,Home_Improvement,Master,Married,1
102650,42,157318.0,11.0,5869.0,9.39,729.0,60,Mortgage,Home_Improvement,High_School,Married,0
102651,24,68501.0,17.0,20756.0,12.97,704.0,36,Rent,Debt_Consolidation,High_School,Married,1
102652,30,43526.0,2.0,8067.0,8.66,639.0,60,Rent,Business,Master,Married,1
102653,61,54999.0,12.0,18979.0,12.03,718.0,60,Own,Business,Bachelor,Single,1
102654,26,66252.0,14.0,27114.0,16.62,714.0,60,Own,Debt_Consolidation,Bachelor,Married,1
102655,62,51743.0,22.0,24140.0,4.49,659.0,36,Mortgage,Education,High_School,Married,0
102656,63,103071.0,18.0,27842.0,7.85,608.0,48,Rent,Education,Bachelor,Married,1
102657,41,49372.0,27.0,24044.0,15.68,720.0,36,Rent,Medical,Master,Single,1
102658,25,32082.0,8.0,17707.0,10.14,692.0,60,Own,Business,Bachelor,Married,0
102659,55,82888.0,19.0,24872.0,16.27,734.0,36,Mortgage,,High_School,Single,1
102660,50,65938.0,6.0,22809.0,8.32,734.0,60,Mortgage,Debt_Consolidation,Bachelor,Married,0
102661,55,40848.0,14.0,12524.0,13.62,704.0,36,Own,Debt_Consolidation,Bachelor,Married,0
102662,27,88611.0,5.0,8963.0,12.37,711.0,60,Rent,Debt_Consolidation,Bachelor,Single,0
102663,28,59782.0,13.0,5178.0,9.98,591.0,60,Rent,Business,High_School,Single,1
102664,27,44137.0,,15553.0,11.39,716.0,72,Mortgage,Debt_Consolidation,Bachelor,Single,0
102665,51,33843.0,14.0,14925.0,7.19,739.0,48,Rent,Debt_Consolidation,Bachelor,Single,0
102666,43,62487.0,26.0,24067.0,7.64,651.0,60,,Education,PhD,Married,1
102667,50,35508.0,7.0,11583.0,10.5,772.0,36,Rent,Business,High_School,Married,0
102668,28,29439.0,0.0,28540.0,10.79,754.0,36,Rent,Education,Bachelor,Single,1
102669,61,45690.0,22.0,24775.0,11.34,734.0,60,Rent,Home_Improvement,Master,Divorced,0
102670,35,45041.0,5.0,30787.0,9.21,594.0,36,Rent,Debt_Consolidation,High_School,Married,1
102671,49,44847.0,25.0,4801.0,9.37,686.0,48,Mortgage,Education,Bachelor,Single,0
102672,45,48607.0,15.0,11740.0,13.03,642.0,36,Rent,Home_Improvement,Bachelor,Single,0
102673,45,47269.0,13.0,2000.0,4.94,639.0,60,Mortgage,Medical,Bachelor,Single,0
102674,48,37084.0,17.0,27331.0,13.27,688.0,48,Mortgage,Debt_Consolidation,Master,Single,0
102675,52,129871.0,15.0,15154.0,5.24,729.0,36,Rent,Business,High_School,Single,0
102676,29,184271.0,26.0,8587.0,11.54,797.0,72,Rent,Debt_Consolidation,High_School,Divorced,0
102677,50,32513.0,3.0,20003.0,10.65,728.0,60,Mortgage,Home_Improvement,High_School,Married,1
102678,27,29372.0,18.0,17568.0,8.01,735.0,36,Own,Debt_Consolidation,Bachelor,Single,0
102679,56,56683.0,4.0,14099.0,8.61,739.0,60,Rent,Debt_Consolidation,Master,Single,1
102680,22,75244.0,2.0,11448.0,16.58,702.0,60,Own,Debt_Consolidation,High_School,Married,0
102681,22,111736.0,23.0,18217.0,12.56,720.0,48,Rent,Debt_Consolidation,High_School,Divorced,0
102682,55,52980.0,30.0,26337.0,9.18,642.0,48,Mortgage,,Master,Single,0
102683,30,65454.0,12.0,10414.0,15.28,729.0,48,Mortgage,Debt_Consolidation,Bachelor,Married,1
102684,65,49593.0,2.0,16643.0,14.19,720.0,48,Rent,Home_Improvement,Bachelor,Married,1
102685,53,60806.0,12.0,25283.0,13.63,706.0,48,Rent,Debt_Consolidation,Master,Single,1
102686,46,181108.0,17.0,15787.0,10.61,789.0,60,Own,Medical,High_School,Single,0
102687,27,159929.0,3.0,24865.0,17.58,770.0,60,Mortgage,Debt_Consolidation,Bachelor,Married,1
102688,35,17195.0,30.0,14836.0,6.47,806.0,36,Mortgage,Education,Master,Single,0
102689,30,54121.0,20.0,12291.0,7.3,774.0,60,Rent,Education,Bachelor,Single,1
102690,45,53860.0,12.0,24191.0,12.56,,36,Mortgage,Debt_Consolidation,Master,Married,1
102691,60,57459.0,7.0,11495.0,7.39,715.0,36,Mortgage,Debt_Consolidation,Bachelor,Married,0
102692,51,33369.0,6.0,19430.0,9.1,683.0,36,Rent,Education,Master,Married,1
102693,41,108805.0,9.0,14188.0,5.09,693.0,72,Rent,Debt_Consolidation,Bachelor,Single,0
102694,44,67601.0,9.0,21954.0,11.54,730.0,36,Rent,Debt_Consolidation,Master,Single,1
102695,26,125785.0,20.0,16656.0,5.89,716.0,36,Mortgage,Debt_Consolidation,High_School,Divorced,0
102696,25,101485.0,21.0,2000.0,10.33,610.0,60,Mortgage,Debt_Consolidation,PhD,Single,0
102697,61,150568.0,5.0,17110.0,8.26,791.0,60,Rent,Education,Bachelor,Divorced,0
102698,28,31082.0,,13272.0,15.21,709.0,60,Own,Debt_Consolidation,,Single,0
102699,43,40510.0,30.0,28851.0,14.44,616.0,36,Mortgage,Home_Improvement,High_School,Married,1
102700,33,28177.0,11.0,2000.0,7.66,760.0,36,Mortgage,Education,Bachelor,Single,0
102701,24,43724.0,5.0,33122.0,11.29,623.0,36,Rent,Debt_Consolidation,High_School,Single,1
102702,40,,15.0,9388.0,16.87,712.0,36,Mortgage,Home_Improvement,High_School,Single,0
102703,55,74431.0,13.0,29994.0,10.78,643.0,60,Rent,Business,Master,Single,1
102704,49,67304.0,23.0,17845.0,9.82,718.0,60,Mortgage,Debt_Consolidation,High_School,Single,0
102705,55,51484.0,27.0,2000.0,14.62,755.0,36,Rent,Home_Improvement,Master,Married,0
102706,61,40521.0,27.0,12240.0,10.68,692.0,60,Rent,Business,Master,Married,0
102707,31,89894.0,27.0,7060.0,11.34,656.0,60,Rent,Home_Improvement,Master,Married,0
102708,41,90299.0,6.0,14343.0,8.19,661.0,36,Rent,Debt_Consolidation,Bachelor,Single,0
102709,47,42877.0,0.0,18790.0,7.56,621.0,60,Rent,Medical,Bachelor,Married,0
102710,57,44699.0,18.0,6796.0,8.84,678.0,60,Mortgage,Home_Improvement,Bachelor,Single,0
102711,43,63885.0,0.0,24842.0,12.65,699.0,36,Rent,Debt_Consolidation,High_School,Single,1
102712,34,54720.0,18.0,2000.0,15.16,642.0,36,Mortgage,Debt_Consolidation,Bachelor,Married,0
102713,30,51302.0,8.0,30558.0,9.15,641.0,72,Mortgage,Debt_Consolidation,Master,Single,1
102714,34,51076.0,3.0,7569.0,13.43,728.0,48,Rent,Debt_Consolidation,High_School,Single,1
102715,34,108667.0,17.0,13777.0,12.08,675.0,60,Mortgage,Medical,Bachelor,Married,0
102716,56,32357.0,27.0,2300.0,4.85,660.0,60,Mortgage,Debt_Consolidation,Bachelor,Married,0
102717,23,61034.0,10.0,9417.0,14.12,628.0,36,Own,Medical,Master,Single,0
102718,60,44272.0,30.0,14464.0,4.07,634.0,48,Mortgage,Education,High_School,Married,0
102719,21,49845.0,3.0,15188.0,7.07,818.0,36,Rent,Business,High_School,Married,0
102720,47,112928.0,24.0,21873.0,10.4,633.0,36,Mortgage,Debt_Consolidation,Bachelor,Divorced,1
102721,46,29237.0,18.0,3464.0,6.93,700.0,48,Mortgage,Education,PhD,Married,0
102722,63,52508.0,2.0,21325.0,12.1,661.0,60,Mortgage,Education,Bachelor,Single,0
102723,52,196599.0,11.0,25357.0,12.58,762.0,48,Mortgage,Business,High_School,Married,0
102724,29,38222.0,7.0,22497.0,10.79,705.0,60,Rent,Business,Master,Divorced,1
102725,62,19768.0,4.0,2733.0,14.91,764.0,48,Rent,Home_Improvement,Bachelor,Married,0
102726,27,70477.0,0.0,13091.0,9.76,696.0,60,Mortgage,Debt_Consolidation,Master,Single,0
102727,30,55657.0,10.0,23102.0,13.29,749.0,36,Rent,Debt_Consolidation,Master,Married,1
102728,51,82020.0,1.0,21713.0,9.46,697.0,72,Rent,Business,PhD,Married,1
102729,48,88616.0,6.0,11225.0,8.73,740.0,36,Rent,Debt_Consolidation,High_School,Married,0
102730,58,48705.0,20.0,24137.0,14.89,589.0,60,Rent,Education,Master,Divorced,1
102731,48,127987.0,12.0,24434.0,10.68,716.0,60,Own,Home_Improvement,High_School,Married,0
102732,43,52508.0,26.0,28980.0,14.17,670.0,60,Mortgage,Debt_Consolidation,Master,Single,1
102733,54,56635.0,14.0,21229.0,11.29,749.0,36,Rent,Debt_Consolidation,Master,Married,1
102734,61,59920.0,20.0,25217.0,,633.0,60,Mortgage,Home_Improvement,High_School,Married,1
102735,41,68344.0,17.0,23255.0,4.61,630.0,60,Rent,Debt_Consolidation,Bachelor,Married,0
102736,64,53685.0,,8300.0,8.8,676.0,36,Rent,Debt_Consolidation,Bachelor,Married,0
102737,23,144224.0,19.0,10567.0,11.49,774.0,48,Mortgage,Business,Bachelor,Married,1
102738,31,129021.0,2.0,4868.0,7.61,705.0,60,Rent,Medical,High_School,Married,0
102739,64,116720.0,7.0,6475.0,11.86,605.0,36,,Debt_Consolidation,Bachelor,Married,1
102740,22,35887.0,21.0,14887.0,11.84,784.0,60,Rent,Business,Master,Married,0
102741,37,26317.0,20.0,18293.0,6.1,670.0,36,Rent,Education,High_School,Single,0
102742,32,38294.0,20.0,23988.0,6.7,596.0,60,Own,Business,Bachelor,Married,1
102743,46,62182.0,29.0,14260.0,9.68,767.0,48,Mortgage,Debt_Consolidation,Bachelor,Single,0
102744,32,186492.0,24.0,19974.0,11.51,716.0,72,Rent,Debt_Consolidation,Bachelor,Married,0
102745,23,95083.0,23.0,16040.0,11.71,694.0,36,Rent,Debt_Consolidation,Master,Married,0
102746,44,67661.0,22.0,23143.0,11.1,584.0,36,Rent,Education,High_School,Married,1
102747,39,101120.0,17.0,5208.0,8.77,588.0,36,Mortgage,Debt_Consolidation,High_School,Single,0
102748,38,117613.0,24.0,23975.0,10.42,719.0,48,Rent,Home_Improvement,High_School,Married,0
102749,24,58662.0,10.0,25322.0,12.65,727.0,48,Mortgage,Debt_Consolidation,Master,Married,1
102750,50,35364.0,7.0,21592.0,5.64,718.0,72,Rent,Debt_Consolidation,Bachelor,Married,0
102751,51,51025.0,24.0,19038.0,10.42,721.0,60,Rent,Medical,Bachelor,Single,0
102752,54,41463.0,20.0,17347.0,16.96,739.0,48,Rent,Education,Bachelor,Divorced,0
102753,26,38941.0,14.0,18832.0,12.69,677.0,36,Mortgage,Debt_Consolidation,Bachelor,Married,0
102754,24,51209.0,17.0,7327.0,12.67,697.0,36,Mortgage,Medical,Master,Divorced,0
102755,54,81771.0,24.0,4608.0,4.0,693.0,60,Mortgage,Education,High_School,Married,0
102756,26,50491.0,30.0,4353.0,9.84,667.0,60,Mortgage,Debt_Consolidation,Bachelor,Married,0
102757,41,93905.0,16.0,2614.0,9.44,681.0,36,Mortgage,Medical,Bachelor,Married,0
102758,46,43209.0,27.0,21318.0,9.36,671.0,60,Mortgage,Education,Master,Single,0
102759,45,69312.0,10.0,27228.0,14.48,700.0,60,Rent,Home_Improvement,Master,Single,1
102760,48,110497.0,22.0,20872.0,12.53,714.0,36,Mortgage,Debt_Consolidation,Bachelor,Married,0
102761,61,17498.0,19.0,26679.0,13.32,661.0,60,Mortgage,Home_Improvement,Bachelor,Married,1
102762,50,72427.0,11.0,16520.0,,673.0,60,Rent,Medical,Bachelor,Married,0
102763,42,24957.0,25.0,17929.0,7.26,692.0,60,Rent,Debt_Consolidation,Bachelor,Single,0
102764,64,26916.0,18.0,21158.0,10.94,770.0,60,Rent,Home_Improvement,Bachelor,Married,1
102765,62,83291.0,0.0,11988.0,10.35,735.0,36,Mortgage,Debt_Consolidation,Master,Single,0
102766,35,100565.0,21.0,32088.0,10.67,726.0,36,Mortgage,Debt_Consolidation,High_School,Single,1
102767,52,90752.0,7.0,28620.0,6.1,728.0,60,Rent,Education,Bachelor,Married,0
102768,60,93177.0,21.0,19058.0,11.09,708.0,48,Mortgage,Home_Improvement,Bachelor,Married,0
102769,27,50351.0,28.0,18216.0,9.75,638.0,60,Rent,Home_Improvement,High_School,Single,0
102770,32,101064.0,3.0,16264.0,11.01,757.0,72,Rent,Debt_Consolidation,Master,Single,1
102771,65,59944.0,0.0,16167.0,8.47,680.0,72,Own,Business,Master,Married,0
102772,40,101644.0,,24294.0,12.05,633.0,48,Rent,Education,Bachelor,Married,0
102773,58,22122.0,20.0,24471.0,13.11,763.0,36,Mortgage,Debt_Consolidation,High_School,Single,1
102774,27,99903.0,3.0,26670.0,15.57,698.0,60,Rent,Education,Bachelor,Married,1
102775,53,114269.0,8.0,27558.0,12.74,656.0,48,Rent,Home_Improvement,Bachelor,Married,1
102776,52,67353.0,13.0,28472.0,8.98,677.0,48,Mortgage,Debt_Consolidation,High_School,Married,0
102777,33,71700.0,2.0,17830.0,10.75,682.0,60,Rent,Debt_Consolidation,Bachelor,Single,1
102778,23,54074.0,21.0,9423.0,11.54,732.0,60,Own,Medical,High_School,Married,0
102779,28,84056.0,11.0,20430.0,6.73,597.0,60,Rent,Medical,Bachelor,Married,0
102780,46,,7.0,12738.0,7.53,685.0,36,Mortgage,Education,High_School,Single,1
102781,23,48254.0,4.0,17801.0,,664.0,72,Rent,Medical,Master,Married,0
102782,22,85475.0,0.0,13283.0,17.19,753.0,60,Rent,Debt_Consolidation,High_School,Married,0
102783,24,36627.0,24.0,27080.0,5.72,722.0,60,Mortgage,Home_Improvement,High_School,Married,0
102784,24,56132.0,20.0,17456.0,5.06,684.0,60,Rent,Business,Bachelor,Single,0
102785,38,73660.0,10.0,11421.0,11.05,623.0,72,Rent,Debt_Consolidation,Bachelor,Single,1
102786,43,57421.0,19.0,20140.0,11.78,709.0,72,Own,Business,Master,Divorced,1
102787,51,48669.0,15.0,23481.0,8.97,652.0,36,Rent,Education,Master,Married,0
102788,50,67978.0,18.0,23168.0,12.94,666.0,36,Rent,Debt_Consolidation,Master,Single,1
102789,40,99692.0,8.0,30394.0,19.69,736.0,60,Own,Medical,Bachelor,Married,1
102790,27,51038.0,2.0,23125.0,,658.0,60,Rent,Debt_Consolidation,High_School,Married,0
102791,40,32114.0,7.0,23917.0,8.1,628.0,36,Mortgage,Business,Bachelor,Married,1
102792,31,53789.0,21.0,13626.0,13.38,676.0,48,Mortgage,Debt_Consolidation,Bachelor,Married,0
102793,49,29943.0,26.0,14604.0,12.99,729.0,36,Rent,Debt_Consolidation,High_School,Single,0
102794,24,85252.0,4.0,14158.0,7.05,635.0,48,Mortgage,Home_Improvement,Bachelor,Married,0
102795,35,204908.0,9.0,13590.0,13.38,652.0,36,Rent,Debt_Consolidation,Bachelor,Married,0
102796,44,108581.0,19.0,19169.0,,582.0,60,Mortgage,Debt_Consolidation,High_School,Divorced,1
102797,25,61731.0,9.0,25389.0,11.18,598.0,72,Rent,Home_Improvement,High_School,Single,1
102798,54,59151.0,12.0,26537.0,16.76,742.0,48,Own,Home_Improvement,High_School,Married,1
102799,23,98549.0,12.0,14240.0,6.69,658.0,36,Own,Home_Improvement,Master,Single,0
102800,39,54277.0,27.0,2000.0,11.79,674.0,36,Rent,Medical,Bachelor,Married,0
102801,47,130313.0,27.0,2000.0,8.67,729.0,36,Mortgage,Debt_Consolidation,Master,Single,0
102802,62,160870.0,12.0,15802.0,8.12,711.0,60,Mortgage,Home_Improvement,Master,Single,0
102803,65,60914.0,3.0,15662.0,12.33,744.0,36,Rent,Medical,Bachelor,Divorced,1
102804,35,68584.0,19.0,33815.0,10.69,744.0,36,Mortgage,Debt_Consolidation,High_School,Single,1
102805,45,96057.0,6.0,27895.0,8.7,623.0,60,Rent,Debt_Consolidation,Bachelor,Divorced,0
102806,47,65489.0,24.0,18540.0,6.86,766.0,60,Rent,Medical,Bachelor,Single,0
102807,46,70819.0,30.0,29514.0,15.72,760.0,60,Rent,Education,High_School,Single,1
102808,57,111894.0,15.0,21316.0,13.19,664.0,60,Rent,Debt_Consolidation,Bachelor,Married,0
102809,32,81689.0,13.0,33436.0,9.78,628.0,60,Rent,Business,Bachelor,Married,1
102810,56,21184.0,21.0,13707.0,7.7,698.0,36,Rent,Home_Improvement,Master,Single,0
102811,63,43585.0,6.0,42547.0,15.48,713.0,36,Mortgage,Medical,High_School,Single,1
102812,32,42838.0,8.0,9155.0,4.0,786.0,36,Rent,Education,Bachelor,Single,0
102813,30,48893.0,14.0,10612.0,9.17,782.0,60,Mortgage,Debt_Consolidation,Bachelor,Single,0
102814,32,105292.0,20.0,19345.0,15.51,739.0,60,Mortgage,Home_Improvement,Bachelor,Married,1
102815,29,59281.0,,26274.0,9.32,700.0,60,Rent,Debt_Consolidation,Master,Married,0
102816,39,77329.0,11.0,31589.0,8.57,618.0,36,Mortgage,,Master,Married,0
102817,35,95005.0,1.0,26057.0,11.13,726.0,72,Own,Home_Improvement,High_School,Married,1
102818,42,74642.0,24.0,16085.0,16.32,716.0,36,Mortgage,,Bachelor,Married,1
102819,37,88368.0,25.0,7033.0,10.49,685.0,36,Mortgage,Debt_Consolidation,Bachelor,Married,0
102820,53,43717.0,18.0,22108.0,4.0,798.0,60,Mortgage,,Bachelor,Single,0
102821,41,20202.0,4.0,11797.0,12.01,715.0,60,Rent,Medical,Bachelor,Married,0
102822,56,78800.0,27.0,20735.0,12.09,686.0,72,Mortgage,Debt_Consolidation,Master,Single,1
102823,50,26582.0,8.0,14482.0,13.93,640.0,36,Rent,Debt_Consolidation,,Married,0
102824,40,86077.0,22.0,21865.0,,724.0,36,Rent,Education,Bachelor,Married,0
102825,56,72264.0,26.0,9392.0,11.59,734.0,36,Mortgage,Debt_Consolidation,Bachelor,Married,0
102826,34,93582.0,16.0,29034.0,11.56,777.0,72,Rent,Home_Improvement,Master,Married,1
102827,24,89995.0,27.0,14175.0,10.73,765.0,72,Rent,Debt_Consolidation,Bachelor,Single,0
102828,56,66898.0,14.0,14296.0,9.54,669.0,36,Rent,Debt_Consolidation,Bachelor,Married,0
102829,60,80322.0,19.0,24738.0,9.07,673.0,72,Rent,Debt_Consolidation,Master,Divorced,1
102830,29,117230.0,26.0,13293.0,11.65,707.0,36,Mortgage,Education,Bachelor,Married,0
102831,22,82524.0,3.0,31715.0,10.89,687.0,60,Mortgage,Business,High_School,Married,1
102832,56,48915.0,23.0,10685.0,10.64,632.0,60,Rent,Debt_Consolidation,High_School,Married,0
102833,38,55732.0,5.0,36688.0,13.1,638.0,72,,Education,Bachelor,Divorced,1
102834,33,46080.0,16.0,21281.0,8.02,731.0,36,Own,Business,Bachelor,Married,0
102835,47,37552.0,4.0,15670.0,4.68,617.0,60,Rent,Debt_Consolidation,Bachelor,Married,0
102836,29,86697.0,29.0,2000.0,8.82,654.0,60,Own,Medical,High_School,Single,0
102837,29,80738.0,26.0,12961.0,12.63,619.0,60,Own,,Bachelor,Single,0
102838,22,65532.0,28.0,13983.0,6.49,741.0,72,Mortgage,Home_Improvement,High_School,Married,0
102839,51,42155.0,12.0,7395.0,10.83,610.0,36,Rent,Debt_Consolidation,Master,Single,0
102840,30,76527.0,16.0,11959.0,13.84,597.0,60,Mortgage,Home_Improvement,Master,Married,1
102841,23,158592.0,1.0,7736.0,12.86,646.0,60,Mortgage,Debt_Consolidation,High_School,Single,0
102842,30,41653.0,10.0,29294.0,9.25,635.0,48,Mortgage,Home_Improvement,Bachelor,Single,0
102843,48,102798.0,8.0,4158.0,10.79,743.0,36,Rent,Medical,Bachelor,Single,0
102844,37,,8.0,8548.0,15.12,729.0,72,Mortgage,Debt_Consolidation,,Single,0
102845,60,55514.0,25.0,18443.0,8.72,607.0,36,Rent,Debt_Consolidation,Master,Single,0
102846,59,59499.0,18.0,19672.0,12.88,696.0,60,Rent,Debt_Consolidation,Master,Divorced,1
102847,50,63997.0,20.0,15099.0,13.07,725.0,48,Rent,Home_Improvement,High_School,Married,1
102848,21,36931.0,23.0,11510.0,12.82,674.0,72,Rent,Debt_Consolidation,Master,Single,0
102849,47,45802.0,20.0,22655.0,4.0,689.0,36,Rent,Business,Master,Single,0
102850,61,81643.0,27.0,7787.0,11.36,655.0,36,Rent,Debt_Consolidation,Master,Single,0
102851,46,59285.0,30.0,15801.0,16.97,602.0,72,Rent,Debt_Consolidation,High_School,Married,0
102852,30,48032.0,3.0,18182.0,9.44,691.0,72,Rent,Debt_Consolidation,High_School,Single,0
102853,53,67696.0,9.0,25465.0,11.7,736.0,60,Rent,Education,PhD,Married,1
102854,42,85005.0,3.0,12257.0,11.04,792.0,36,Mortgage,Home_Improvement,Bachelor,Married,0
102855,56,35093.0,28.0,30908.0,5.22,645.0,48,Rent,Home_Improvement,High_School,Divorced,0
102856,51,104800.0,13.0,19523.0,8.29,639.0,36,Rent,Business,High_School,Married,0
102857,45,94367.0,25.0,16415.0,7.68,629.0,36,Rent,Debt_Consolidation,Bachelor,Married,0
102858,49,54169.0,19.0,14395.0,17.07,704.0,60,Own,Medical,High_School,Married,0
102859,52,57396.0,4.0,9082.0,11.07,755.0,60,Mortgage,Debt_Consolidation,,Divorced,0
102860,34,145739.0,6.0,12086.0,10.02,695.0,72,Rent,Business,High_School,Married,1
102861,61,48993.0,1.0,18428.0,8.85,795.0,60,Mortgage,Business,High_School,Single,0
102862,56,55714.0,20.0,4755.0,9.86,632.0,60,Rent,Home_Improvement,Bachelor,Married,0
102863,63,100369.0,30.0,14528.0,4.0,692.0,72,Mortgage,Education,,Single,0
102864,37,78120.0,30.0,17352.0,11.66,698.0,36,Rent,Debt_Consolidation,Master,Married,0
102865,57,91321.0,24.0,13865.0,9.26,582.0,36,Rent,Education,Bachelor,Single,0
102866,36,30294.0,19.0,7430.0,10.57,659.0,60,Rent,Home_Improvement,Master,Married,1
102867,27,97776.0,11.0,6444.0,12.66,682.0,36,Rent,Education,Bachelor,Married,0
102868,41,52651.0,18.0,15785.0,14.52,660.0,36,Mortgage,Home_Improvement,Bachelor,Single,1
102869,61,29187.0,2.0,14987.0,8.8,636.0,60,Rent,Debt_Consolidation,Bachelor,Single,0
102870,34,35427.0,16.0,31080.0,12.23,710.0,72,Own,Education,Bachelor,Married,0
102871,24,51753.0,2.0,16211.0,10.11,708.0,60,Mortgage,Debt_Consolidation,Bachelor,Divorced,0
102872,27,55980.0,6.0,10390.0,15.3,654.0,60,Mortgage,Debt_Consolidation,High_School,Married,0
102873,46,66066.0,23.0,17288.0,10.97,616.0,60,Rent,Home_Improvement,Bachelor,Married,0
102874,24,99877.0,16.0,11412.0,12.26,742.0,60,Own,Home_Improvement,Bachelor,Single,0
102875,54,73818.0,24.0,8537.0,9.61,718.0,36,Rent,Home_Improvement,High_School,Married,0
102876,22,53551.0,10.0,21491.0,15.17,,36,Rent,Home_Improvement,High_School,Divorced,1
102877,53,99740.0,18.0,17908.0,8.86,676.0,36,Rent,Debt_Consolidation,High_School,Single,1
102878,28,33842.0,23.0,20130.0,12.19,731.0,60,Mortgage,Debt_Consolidation,Bachelor,Married,0
102879,32,105141.0,27.0,2000.0,11.77,689.0,48,Own,Home_Improvement,Bachelor,Single,0
102880,56,46482.0,8.0,24499.0,8.33,730.0,72,Rent,Home_Improvement,Master,Married,1
102881,24,26775.0,0.0,19873.0,9.68,729.0,36,Rent,Debt_Consolidation,Bachelor,Married,0
102882,24,50864.0,17.0,7130.0,7.26,695.0,36,Mortgage,Business,Master,Single,0
102883,37,63363.0,14.0,19068.0,8.06,670.0,60,Mortgage,Home_Improvement,High_School,Single,0
102884,25,88620.0,0.0,12363.0,11.32,636.0,72,Rent,Home_Improvement,High_School,Married,1
102885,53,48846.0,29.0,14736.0,10.62,621.0,36,Rent,Debt_Consolidation,Bachelor,Married,0
102886,24,45878.0,11.0,34477.0,8.0,797.0,48,Rent,Debt_Consolidation,Bachelor,Single,1
102887,40,128849.0,15.0,32601.0,6.24,556.0,48,Rent,Debt_Consolidation,High_School,Single,1
102888,59,76775.0,16.0,14754.0,15.1,798.0,72,Mortgage,Debt_Consolidation,Master,Married,0
102889,64,92545.0,24.0,17728.0,8.02,614.0,60,Rent,Education,Master,Single,0
102890,36,60120.0,27.0,16569.0,16.53,653.0,60,Own,Debt_Consolidation,High_School,Married,1
102891,29,31838.0,0.0,11437.0,11.35,714.0,36,Rent,Debt_Consolidation,Bachelor,Married,0
102892,35,48156.0,10.0,26766.0,6.5,647.0,36,Own,Education,PhD,Married,1
102893,64,48603.0,28.0,14817.0,12.83,673.0,60,Mortgage,Debt_Consolidation,Bachelor,Married,1
102894,62,84707.0,1.0,10194.0,8.84,654.0,36,Mortgage,Education,High_School,Married,1
102895,64,50556.0,2.0,18256.0,6.48,712.0,60,Own,Home_Improvement,Bachelor,Married,1
102896,58,71366.0,22.0,12813.0,14.87,697.0,60,Mortgage,Business,Bachelor,Married,1
102897,23,76750.0,6.0,5929.0,10.33,786.0,60,Rent,Debt_Consolidation,Master,Married,0
102898,55,109670.0,2.0,7600.0,11.54,695.0,60,Rent,Debt_Consolidation,PhD,Married,0
102899,22,28409.0,2.0,2000.0,12.19,716.0,60,Mortgage,Home_Improvement,Bachelor,Married,0
102900,38,108655.0,16.0,33282.0,10.32,634.0,60,Own,Education,High_School,Single,1
102901,36,24212.0,30.0,24422.0,14.41,689.0,36,Own,Business,High_School,Married,1
102902,52,25564.0,27.0,19079.0,9.86,658.0,36,Rent,Business,Bachelor,Single,0
102903,62,148302.0,24.0,18433.0,8.77,643.0,72,Mortgage,Medical,Bachelor,Single,0
102904,26,57854.0,17.0,16265.0,8.17,822.0,36,Rent,Medical,High_School,Married,0
102905,58,,,20793.0,9.7,614.0,36,Rent,Business,High_School,Single,1
102906,35,75172.0,24.0,13643.0,11.97,674.0,60,Mortgage,Business,Bachelor,Divorced,0
102907,46,67293.0,4.0,29926.0,10.55,726.0,48,Mortgage,Business,Master,Divorced,0
102908,58,97398.0,1.0,11096.0,11.33,578.0,60,Rent,Home_Improvement,Bachelor,Single,1
102909,49,46603.0,17.0,27265.0,15.14,708.0,48,Own,Debt_Consolidation,Bachelor,Single,1
102910,43,105363.0,16.0,16018.0,7.06,618.0,48,Rent,Medical,High_School,Single,1
102911,60,32555.0,8.0,12894.0,11.81,684.0,36,Mortgage,Debt_Consolidation,High_School,Married,0
102912,26,75433.0,22.0,10602.0,14.55,628.0,60,Rent,Business,PhD,Single,1
102913,25,43508.0,13.0,5208.0,9.38,665.0,60,Mortgage,Home_Improvement,Master,Single,0
102914,53,26851.0,27.0,12225.0,4.0,781.0,60,Rent,Education,Bachelor,Single,1
102915,28,78578.0,15.0,14708.0,11.03,758.0,36,Mortgage,Medical,Bachelor,Married,0
102916,39,49517.0,12.0,16930.0,9.92,,36,Rent,Debt_Consolidation,PhD,Married,0
102917,22,112720.0,19.0,2000.0,9.84,638.0,36,Mortgage,Debt_Consolidation,Master,Married,0
102918,31,51443.0,23.0,17826.0,9.78,659.0,60,Mortgage,Debt_Consolidation,High_School,Married,0
102919,52,58785.0,9.0,12622.0,13.58,732.0,60,Mortgage,Home_Improvement,High_School,Single,0
102920,36,55134.0,25.0,13647.0,11.95,683.0,36,Own,Education,PhD,Single,0
102921,48,42947.0,23.0,12858.0,6.32,743.0,60,Mortgage,Education,Bachelor,Married,0
102922,29,41701.0,5.0,7316.0,8.65,696.0,72,Rent,Debt_Consolidation,Bachelor,Married,0
102923,39,53440.0,1.0,10304.0,6.64,757.0,60,Mortgage,Education,Bachelor,Divorced,0
102924,30,93079.0,15.0,15127.0,4.0,803.0,36,Own,Home_Improvement,Master,Single,0
102925,23,89105.0,10.0,21363.0,6.81,686.0,60,,,Bachelor,Single,1
102926,40,65661.0,15.0,7322.0,10.98,623.0,48,Mortgage,Debt_Consolidation,Bachelor,Married,0
102927,27,57411.0,22.0,12374.0,8.87,777.0,60,Mortgage,Home_Improvement,Master,Single,0
102928,44,177347.0,9.0,13034.0,12.25,608.0,36,Rent,Education,Master,Single,0
102929,53,,17.0,16007.0,6.99,669.0,36,Mortgage,Business,Bachelor,Married,0
102930,23,85497.0,21.0,12593.0,9.53,637.0,36,Mortgage,Home_Improvement,High_School,Married,0
102931,62,98656.0,19.0,2000.0,11.01,707.0,48,Mortgage,Business,High_School,Single,0
102932,35,55610.0,21.0,2000.0,10.63,683.0,36,Mortgage,Business,Master,Married,0
102933,52,78465.0,3.0,23664.0,4.68,688.0,48,Mortgage,Debt_Consolidation,High_School,Married,0
102934,64,56376.0,28.0,13585.0,7.34,763.0,36,Own,Debt_Consolidation,High_School,Married,0
102935,51,72443.0,10.0,27543.0,13.1,735.0,72,Mortgage,Debt_Consolidation,Master,Single,1
102936,37,32722.0,27.0,17374.0,6.68,739.0,60,Mortgage,Home_Improvement,Bachelor,Married,0
102937,47,96641.0,2.0,19704.0,11.7,757.0,48,Rent,Debt_Consolidation,Bachelor,Divorced,0
102938,38,39315.0,20.0,12610.0,14.19,712.0,36,Mortgage,Debt_Consolidation,Bachelor,Single,0
102939,58,40732.0,16.0,34267.0,4.0,656.0,36,Rent,Home_Improvement,High_School,Divorced,1
102940,54,136114.0,11.0,10380.0,8.53,633.0,60,Mortgage,Home_Improvement,Bachelor,Married,0
102941,42,102338.0,23.0,12697.0,9.59,563.0,36,Mortgage,Home_Improvement,High_School,Married,1
102942,39,127519.0,23.0,17408.0,12.03,663.0,36,Mortgage,Debt_Consolidation,Bachelor,Married,0
102943,54,112455.0,29.0,31358.0,14.1,628.0,36,Own,Home_Improvement,Master,Single,0
102944,45,86800.0,11.0,16380.0,9.74,754.0,72,Rent,Home_Improvement,High_School,Single,0
102945,45,68289.0,9.0,28893.0,6.14,680.0,60,Own,Medical,Bachelor,Married,0
102946,63,36721.0,25.0,16050.0,11.56,703.0,36,Mortgage,Debt_Consolidation,Bachelor,Single,1
102947,32,44091.0,22.0,14001.0,6.95,770.0,60,Rent,Medical,High_School,Single,0
102948,54,71738.0,21.0,18748.0,18.54,663.0,60,Mortgage,Debt_Consolidation,Master,Divorced,1
102949,40,135162.0,8.0,15300.0,10.08,710.0,72,Mortgage,Debt_Consolidation,High_School,Married,0
102950,35,111384.0,14.0,17128.0,5.49,660.0,60,Rent,Debt_Consolidation,Bachelor,Single,0
102951,58,66807.0,13.0,15669.0,11.87,661.0,72,Mortgage,Business,Master,Married,1
102952,34,157830.0,28.0,23829.0,10.59,675.0,60,Mortgage,Business,High_School,Single,0
102953,62,115078.0,17.0,9270.0,11.72,794.0,36,Mortgage,Home_Improvement,Bachelor,Married,0
102954,44,70772.0,15.0,25470.0,11.55,718.0,48,Mortgage,Home_Improvement,Bachelor,Married,1
102955,47,70629.0,5.0,21248.0,9.29,693.0,60,Mortgage,Home_Improvement,Bachelor,Married,0
102956,44,147598.0,27.0,14642.0,10.76,676.0,60,Rent,Debt_Consolidation,Master,Divorced,0
102957,21,46166.0,15.0,13268.0,12.69,724.0,48,Mortgage,Debt_Consolidation,Bachelor,Single,0
102958,24,77411.0,21.0,23928.0,13.13,667.0,72,Rent,Debt_Consolidation,Bachelor,Married,0
102959,56,57896.0,29.0,10301.0,10.23,727.0,36,Mortgage,Education,Master,Single,0
102960,34,60046.0,22.0,30717.0,11.93,736.0,60,Rent,Debt_Consolidation,PhD,Married,1
102961,44,34061.0,12.0,25585.0,10.61,716.0,36,Rent,Business,Bachelor,Single,0
102962,51,54602.0,17.0,2264.0,6.3,808.0,60,Mortgage,Debt_Consolidation,Bachelor,Single,0
102963,42,70115.0,23.0,20762.0,11.52,699.0,48,Mortgage,Debt_Consolidation,Bachelor,Single,0
102964,36,33238.0,18.0,2000.0,15.81,680.0,60,Rent,Medical,Bachelor,Single,0
102965,41,48276.0,,30762.0,11.97,658.0,60,,Medical,High_School,Single,1
102966,36,70540.0,26.0,26514.0,14.24,569.0,60,Rent,Debt_Consolidation,High_School,Single,1
102967,25,47765.0,24.0,24076.0,12.83,702.0,36,,Debt_Consolidation,High_School,Married,0
102968,25,115832.0,7.0,16418.0,9.77,620.0,60,Rent,Home_Improvement,Master,Married,0
102969,55,106845.0,16.0,14112.0,12.16,734.0,36,Mortgage,Debt_Consolidation,Bachelor,Married,0
102970,25,47584.0,6.0,33173.0,11.82,733.0,60,Mortgage,Debt_Consolidation,Bachelor,Single,1
102971,32,55824.0,24.0,18172.0,9.1,610.0,72,Rent,Home_Improvement,PhD,Single,1
102972,51,75855.0,17.0,2000.0,11.79,788.0,60,Rent,Business,Master,Single,0
102973,48,23975.0,7.0,6666.0,13.06,681.0,72,Mortgage,Debt_Consolidation,Master,Single,0
102974,30,46145.0,0.0,27299.0,9.42,751.0,60,Mortgage,Business,Master,Single,1
102975,29,48886.0,26.0,11379.0,5.53,685.0,36,Own,Debt_Consolidation,High_School,Single,0
102976,32,58930.0,15.0,3212.0,11.68,663.0,60,Mortgage,Home_Improvement,High_School,Single,0
102977,32,58151.0,30.0,12704.0,15.38,558.0,48,Rent,Education,High_School,Divorced,1
102978,39,43382.0,29.0,19000.0,12.48,638.0,60,Mortgage,Debt_Consolidation,Bachelor,Divorced,0
102979,31,70365.0,2.0,15876.0,13.18,708.0,48,Rent,Home_Improvement,Bachelor,Single,1
102980,40,35352.0,12.0,2000.0,12.61,637.0,60,Mortgage,Debt_Consolidation,High_School,Married,0
102981,22,,21.0,28576.0,9.8,685.0,60,Rent,Medical,High_School,Single,1
102982,21,64237.0,1.0,20536.0,12.64,697.0,48,Rent,Home_Improvement,Master,Married,0
102983,27,171872.0,5.0,18972.0,16.59,681.0,72,Rent,Debt_Consolidation,,Married,1
102984,61,139560.0,14.0,26319.0,9.1,760.0,60,Own,Debt_Consolidation,Bachelor,Divorced,1
102985,51,173495.0,13.0,16992.0,5.74,698.0,72,Mortgage,Home_Improvement,Master,Married,0
102986,45,60198.0,16.0,27809.0,15.62,723.0,60,Rent,Debt_Consolidation,High_School,Married,1
102987,32,,25.0,15208.0,12.47,674.0,60,Mortgage,Education,Bachelor,Single,0
102988,44,134449.0,19.0,15911.0,13.78,670.0,36,Mortgage,Home_Improvement,High_School,Married,0
102989,62,40570.0,12.0,19263.0,7.75,770.0,60,Rent,Home_Improvement,Bachelor,Single,0
102990,30,60645.0,13.0,25325.0,13.93,706.0,36,Mortgage,Debt_Consolidation,High_School,Married,0
102991,26,45920.0,8.0,23744.0,10.35,676.0,72,Rent,Home_Improvement,Master,Single,1
102992,60,56222.0,10.0,14995.0,12.89,543.0,36,Mortgage,Home_Improvement,Master,Single,1
102993,44,79472.0,15.0,24288.0,13.09,679.0,36,Own,Medical,Bachelor,Married,0
102994,62,64053.0,12.0,22564.0,9.59,667.0,36,Own,Debt_Consolidation,Master,Single,0
102995,45,81446.0,19.0,19986.0,6.38,757.0,60,Own,Business,High_School,Married,0
102996,29,68319.0,10.0,6374.0,7.33,673.0,72,Rent,Education,Bachelor,Married,0
102997,53,31322.0,30.0,12237.0,10.13,766.0,60,Own,Education,Bachelor,Divorced,0
102998,30,58103.0,12.0,2000.0,12.0,772.0,60,Rent,Debt_Consolidation,High_School,Married,0
102999,41,69769.0,7.0,18176.0,5.01,752.0,60,Rent,Education,High_School,Single,1
103000,34,183972.0,3.0,24338.0,11.27,648.0,48,Mortgage,Home_Improvement,Master,Married,1
103001,51,28062.0,27.0,25771.0,14.35,676.0,48,Rent,Home_Improvement,Bachelor,Single,1
103002,51,82969.0,11.0,12641.0,12.37,704.0,60,Rent,Debt_Consolidation,PhD,Married,1
103003,30,89293.0,27.0,18410.0,11.78,593.0,36,Rent,Medical,High_School,Single,1
103004,53,138955.0,26.0,22968.0,9.87,660.0,48,Rent,Education,Master,Married,0
103005,59,63930.0,25.0,33087.0,11.87,719.0,36,Mortgage,Business,Bachelor,Married,0
103006,46,109551.0,5.0,18866.0,14.54,747.0,36,Rent,Debt_Consolidation,PhD,Married,0
103007,41,57652.0,21.0,13351.0,14.4,625.0,48,Rent,Debt_Consolidation,High_School,Single,1
103008,28,88145.0,21.0,19247.0,9.57,630.0,60,Rent,Debt_Consolidation,Bachelor,Divorced,0
103009,62,39165.0,23.0,34735.0,11.88,758.0,36,Rent,Home_Improvement,Master,Single,1
103010,58,62410.0,7.0,10775.0,10.97,634.0,60,Mortgage,Home_Improvement,Master,Married,0
103011,38,74030.0,29.0,31278.0,10.71,696.0,60,Rent,Home_Improvement,High_School,Divorced,1
103012,34,36223.0,28.0,23850.0,5.44,743.0,48,Own,Debt_Consolidation,Bachelor,Divorced,0
103013,51,72489.0,13.0,8238.0,9.2,670.0,36,Rent,Debt_Consolidation,Bachelor,Single,0
103014,47,53512.0,21.0,23874.0,12.78,714.0,36,Mortgage,Debt_Consolidation,Bachelor,Divorced,0
103015,33,30066.0,20.0,29064.0,11.7,627.0,36,Rent,Debt_Consolidation,Bachelor,Married,1
103016,21,71409.0,0.0,23252.0,9.03,733.0,36,Rent,Debt_Consolidation,Bachelor,Married,0
103017,60,60632.0,24.0,23676.0,12.99,639.0,72,Mortgage,Business,Bachelor,Married,1
103018,31,50306.0,29.0,25304.0,12.28,759.0,48,Mortgage,Home_Improvement,Master,Single,1
103019,47,59923.0,18.0,17763.0,11.49,751.0,36,Rent,Business,Bachelor,Divorced,0
103020,44,70163.0,26.0,15507.0,8.82,581.0,36,Rent,Debt_Consolidation,High_School,Single,0
103021,59,108371.0,16.0,15983.0,5.36,663.0,60,Rent,Business,High_School,Single,0
103022,53,56045.0,22.0,21461.0,13.69,686.0,60,Rent,Debt_Consolidation,Bachelor,Divorced,0
103023,32,123449.0,17.0,25188.0,14.68,716.0,60,Own,Education,Bachelor,Married,1
103024,26,169132.0,6.0,8496.0,7.97,680.0,48,Rent,Debt_Consolidation,Bachelor,Married,0
103025,26,56592.0,19.0,3055.0,6.33,727.0,36,Rent,Debt_Consolidation,Bachelor,Married,0
103026,35,78448.0,10.0,14885.0,9.5,750.0,36,Mortgage,Debt_Consolidation,PhD,Married,0
103027,22,66101.0,30.0,8007.0,12.85,711.0,60,Rent,Business,Bachelor,Married,0
103028,48,63719.0,22.0,26475.0,7.95,652.0,36,Rent,Education,High_School,Single,0
103029,28,54309.0,17.0,15147.0,8.64,669.0,48,Mortgage,Debt_Consolidation,High_School,Married,1
103030,36,37080.0,1.0,18406.0,7.95,727.0,48,Mortgage,Debt_Consolidation,High_School,Single,1
103031,48,59113.0,29.0,25567.0,13.42,697.0,60,Mortgage,Debt_Consolidation,Bachelor,Single,1
103032,60,66306.0,21.0,2000.0,4.92,653.0,72,Mortgage,,PhD,Married,0
103033,56,30966.0,6.0,16768.0,12.35,634.0,48,Rent,Debt_Consolidation,Master,Single,1
103034,56,54002.0,17.0,10956.0,6.63,641.0,36,Own,Home_Improvement,High_School,Single,0
103035,38,81095.0,21.0,14821.0,8.74,673.0,72,Mortgage,Debt_Consolidation,High_School,Married,1
103036,31,43104.0,6.0,5307.0,8.99,668.0,48,Rent,Home_Improvement,Bachelor,Divorced,0
103037,42,54376.0,28.0,21300.0,9.8,706.0,60,Own,Medical,Bachelor,Married,0
103038,61,141422.0,12.0,13330.0,10.64,791.0,60,Rent,Debt_Consolidation,Bachelor,Married,0
103039,35,86508.0,5.0,18303.0,13.84,678.0,48,Rent,Business,High_School,Married,0
103040,60,95989.0,27.0,23133.0,8.2,735.0,60,Mortgage,Debt_Consolidation,Bachelor,Married,0
103041,30,58182.0,24.0,46149.0,10.49,643.0,60,Rent,Medical,High_School,Married,1
103042,55,34807.0,16.0,30493.0,6.94,644.0,60,Mortgage,Debt_Consolidation,Master,Married,1
103043,34,108220.0,26.0,10477.0,8.92,748.0,60,Mortgage,Debt_Consolidation,Bachelor,Single,0
103044,51,58048.0,4.0,27893.0,13.28,653.0,48,Mortgage,Education,High_School,Single,0
103045,29,47563.0,22.0,11194.0,14.89,629.0,60,Rent,Debt_Consolidation,Master,Married,0
103046,50,98949.0,,28786.0,8.22,713.0,60,Mortgage,,High_School,Single,1
103047,62,44942.0,26.0,15806.0,4.33,743.0,60,Mortgage,Home_Improvement,High_School,Married,0
103048,63,222693.0,23.0,20396.0,8.34,682.0,36,Own,Debt_Consolidation,High_School,Single,0
103049,64,86260.0,17.0,12273.0,10.72,649.0,72,Mortgage,Debt_Consolidation,Master,Single,0
103050,21,155239.0,12.0,18848.0,12.5,718.0,36,Own,Debt_Consolidation,Bachelor,Married,1
103051,50,151825.0,22.0,13888.0,11.44,667.0,60,Rent,Business,Master,Married,0
103052,41,68606.0,10.0,16961.0,12.53,687.0,60,Own,Home_Improvement,Master,Divorced,0
103053,43,55785.0,2.0,13632.0,10.41,684.0,36,Own,Medical,High_School,Single,1
103054,49,131721.0,28.0,23326.0,14.99,768.0,36,Rent,Education,Bachelor,Single,0
103055,24,51252.0,11.0,31250.0,17.02,649.0,36,Rent,Medical,Bachelor,Divorced,1
103056,34,35570.0,17.0,24070.0,8.99,644.0,60,Rent,Debt_Consolidation,Bachelor,Married,1
103057,32,105592.0,18.0,16176.0,10.96,771.0,60,Rent,Debt_Consolidation,High_School,Single,0
103058,65,66103.0,29.0,16159.0,11.44,598.0,60,Rent,Debt_Consolidation,High_School,Divorced,0
103059,58,75105.0,18.0,25758.0,11.23,728.0,48,Mortgage,Education,Master,Divorced,0
103060,48,49438.0,27.0,18484.0,9.4,679.0,60,Rent,Debt_Consolidation,Master,Married,0
103061,41,55316.0,14.0,2000.0,9.65,680.0,72,Rent,Debt_Consolidation,Bachelor,Single,0
103062,42,77487.0,12.0,25687.0,8.6,636.0,60,Rent,Home_Improvement,Bachelor,Married,0
103063,63,43321.0,25.0,2000.0,11.97,753.0,36,,Debt_Consolidation,Bachelor,Single,0
103064,29,76406.0,2.0,31857.0,15.01,714.0,36,Own,Debt_Consolidation,Bachelor,Married,0
103065,60,60509.0,3.0,17291.0,7.24,588.0,60,Mortgage,Home_Improvement,Master,Married,0
103066,53,128057.0,24.0,21794.0,17.25,673.0,60,Mortgage,Home_Improvement,Master,Single,1
103067,35,73215.0,,6303.0,6.42,718.0,60,Rent,Home_Improvement,Bachelor,Single,0
103068,58,40012.0,17.0,19168.0,14.07,709.0,36,Own,Business,High_School,Married,1
103069,46,75133.0,3.0,22242.0,14.98,719.0,60,Rent,Debt_Consolidation,PhD,Divorced,1
103070,64,78607.0,5.0,15748.0,11.19,727.0,60,Mortgage,Debt_Consolidation,Master,Single,0
103071,23,43658.0,3.0,24743.0,10.26,692.0,72,Mortgage,Debt_Consolidation,Bachelor,Married,1
103072,25,52868.0,12.0,25480.0,7.37,691.0,60,Mortgage,Business,Master,Married,0
103073,25,27287.0,4.0,12224.0,13.68,723.0,36,Rent,Business,Bachelor,Divorced,1
103074,60,57429.0,13.0,27464.0,9.31,708.0,36,Rent,Home_Improvement,Bachelor,Single,1
103075,33,83913.0,,16114.0,9.12,695.0,48,Mortgage,Business,High_School,Single,0
103076,25,32276.0,3.0,2418.0,13.52,667.0,60,Rent,Medical,High_School,Single,0
103077,28,88712.0,28.0,24211.0,5.78,720.0,36,Mortgage,Debt_Consolidation,Bachelor,Single,0
103078,57,123124.0,5.0,31399.0,7.47,664.0,48,Rent,Education,Bachelor,Married,1
103079,56,39300.0,18.0,39131.0,11.03,721.0,36,Mortgage,Debt_Consolidation,Bachelor,Married,1
103080,51,119784.0,22.0,26573.0,9.61,646.0,72,Mortgage,Debt_Consolidation,High_School,Married,0
103081,57,40532.0,15.0,14454.0,11.53,722.0,36,Mortgage,Education,Bachelor,Married,0
103082,52,53196.0,18.0,11803.0,7.27,653.0,60,Rent,Home_Improvement,High_School,Divorced,0
103083,56,117514.0,27.0,28121.0,10.92,646.0,36,Mortgage,Home_Improvement,Master,Married,1
103084,54,60392.0,14.0,16748.0,16.23,672.0,60,Mortgage,Debt_Consolidation,Bachelor,Married,1
103085,29,88847.0,0.0,13215.0,11.5,665.0,60,Mortgage,Medical,High_School,Married,0
103086,21,57497.0,10.0,34991.0,11.79,705.0,36,Mortgage,Debt_Consolidation,Bachelor,Divorced,1
103087,33,99996.0,19.0,11130.0,8.12,693.0,36,Own,Education,Bachelor,Single,1
103088,40,57609.0,0.0,27259.0,9.37,784.0,36,Rent,Business,High_School,Single,1
103089,32,74765.0,9.0,4244.0,10.06,744.0,36,Own,Debt_Consolidation,Bachelor,Married,0
103090,23,40494.0,30.0,8968.0,7.75,694.0,36,Rent,Debt_Consolidation,Bachelor,Married,0
103091,41,85603.0,18.0,4507.0,7.69,643.0,72,Mortgage,Debt_Consolidation,Bachelor,Single,0
103092,52,35160.0,9.0,31283.0,13.09,634.0,72,Mortgage,Debt_Consolidation,Master,Single,1
103093,38,111428.0,17.0,22763.0,13.7,598.0,72,Mortgage,Home_Improvement,Bachelor,Married,0
103094,58,41596.0,5.0,7570.0,11.42,678.0,36,Rent,Education,Bachelor,Married,0
103095,48,63441.0,26.0,26046.0,6.01,667.0,36,Rent,Home_Improvement,Master,Married,0
103096,46,83430.0,12.0,2000.0,12.54,679.0,36,Rent,Debt_Consolidation,PhD,Married,0
103097,22,51153.0,27.0,15331.0,12.7,769.0,36,Mortgage,Debt_Consolidation,High_School,Single,0
103098,50,56212.0,14.0,8559.0,12.49,657.0,36,Rent,Debt_Consolidation,Master,Single,0
103099,54,64715.0,20.0,17451.0,13.4,788.0,36,Rent,Debt_Consolidation,Bachelor,Single,0
103100,36,74770.0,19.0,25430.0,10.73,646.0,48,Rent,Debt_Consolidation,Master,Married,0
103101,25,131360.0,13.0,16596.0,6.26,748.0,72,Own,Education,High_School,Married,0
103102,48,96795.0,20.0,32269.0,14.46,604.0,60,Rent,Education,PhD,Married,1
103103,59,77537.0,25.0,26432.0,6.42,767.0,36,Own,Debt_Consolidation,Bachelor,Married,0
103104,21,107953.0,3.0,7376.0,17.37,698.0,60,Rent,Home_Improvement,PhD,Married,1
103105,65,111393.0,21.0,18687.0,9.82,710.0,36,Mortgage,Medical,Bachelor,Single,0
103106,46,65933.0,13.0,14384.0,10.54,779.0,60,Rent,Home_Improvement,Master,Single,0
103107,30,58258.0,10.0,20996.0,,648.0,72,Rent,Education,Bachelor,Married,1
103108,63,29018.0,20.0,33038.0,10.9,690.0,60,Mortgage,Education,Bachelor,Single,0
103109,34,45951.0,24.0,21284.0,10.18,692.0,60,Mortgage,Medical,Master,Married,0
103110,46,115467.0,20.0,18022.0,4.96,597.0,36,Rent,Debt_Consolidation,Bachelor,Single,0
103111,57,40474.0,20.0,16374.0,8.16,688.0,36,Mortgage,Debt_Consolidation,High_School,Single,0
103112,45,56021.0,10.0,30384.0,9.37,739.0,72,Own,Debt_Consolidation,PhD,Single,0
103113,63,70781.0,10.0,32718.0,14.02,758.0,36,Mortgage,Debt_Consolidation,Master,Married,1
103114,63,35901.0,24.0,27840.0,10.06,620.0,60,Own,Debt_Consolidation,High_School,Single,1
103115,45,46940.0,7.0,18250.0,13.72,710.0,36,Rent,Home_Improvement,Bachelor,Married,0
103116,51,131794.0,14.0,18447.0,9.42,758.0,48,Mortgage,Education,Bachelor,Single,0
103117,45,41890.0,14.0,14755.0,13.34,641.0,60,Mortgage,Medical,Bachelor,Married,1
103118,27,52621.0,10.0,9602.0,11.27,755.0,36,Own,Home_Improvement,PhD,Single,0
103119,51,132551.0,18.0,14601.0,4.0,646.0,60,Rent,Home_Improvement,Bachelor,Married,0
103120,46,56209.0,6.0,27908.0,12.77,623.0,60,Rent,Debt_Consolidation,Bachelor,Married,1
103121,39,99595.0,18.0,19740.0,8.03,,36,Rent,Debt_Consolidation,Master,Married,0
103122,21,59269.0,12.0,19022.0,6.7,817.0,60,Mortgage,Debt_Consolidation,Bachelor,Married,0
103123,36,60944.0,25.0,15051.0,15.29,672.0,60,Mortgage,Home_Improvement,Master,Divorced,0
103124,56,41730.0,19.0,17647.0,10.23,647.0,60,Rent,Debt_Consolidation,Bachelor,Married,0
103125,59,73885.0,28.0,21768.0,10.89,748.0,72,Rent,Home_Improvement,High_School,Divorced,0
103126,21,95431.0,5.0,3297.0,10.89,754.0,36,Rent,Debt_Consolidation,Bachelor,Single,0
103127,51,45984.0,9.0,14434.0,6.84,670.0,48,Mortgage,Home_Improvement,Bachelor,Single,1
103128,45,59235.0,0.0,19572.0,7.93,797.0,60,Mortgage,Debt_Consolidation,Bachelor,Married,0
103129,56,70988.0,14.0,22747.0,13.1,766.0,48,Mortgage,Business,Bachelor,Single,0
103130,55,54233.0,16.0,6273.0,11.17,650.0,36,Mortgage,Home_Improvement,High_School,Married,0
103131,58,44203.0,25.0,11960.0,10.3,613.0,60,,Debt_Consolidation,Bachelor,Single,0
103132,44,50862.0,24.0,15160.0,8.53,721.0,60,Rent,Debt_Consolidation,Bachelor,Married,1
103133,24,79921.0,15.0,14955.0,7.18,541.0,36,Rent,Education,Master,Single,0
103134,62,52974.0,14.0,12841.0,9.99,732.0,48,Mortgage,Debt_Consolidation,Bachelor,Single,0
103135,35,47027.0,13.0,26080.0,8.27,753.0,48,Own,Home_Improvement,Master,Married,0
103136,22,60641.0,30.0,18942.0,8.23,678.0,60,Mortgage,Home_Improvement,Master,Married,0
103137,29,198993.0,16.0,13743.0,14.11,711.0,36,Own,Business,Bachelor,Single,0
103138,27,113495.0,30.0,21366.0,5.4,621.0,60,Mortgage,Home_Improvement,High_School,Single,0
103139,42,41654.0,0.0,10232.0,9.45,790.0,60,Own,Home_Improvement,Bachelor,Single,0
103140,30,186513.0,8.0,30815.0,11.79,658.0,60,Rent,Medical,Master,Married,0
103141,38,19834.0,5.0,2480.0,9.53,699.0,36,Mortgage,Debt_Consolidation,Bachelor,Married,0
103142,47,106313.0,19.0,17517.0,9.3,764.0,60,Mortgage,Medical,Bachelor,Single,0
103143,41,61877.0,24.0,12230.0,10.56,642.0,36,Mortgage,Debt_Consolidation,Bachelor,Married,0
103144,46,72125.0,29.0,2000.0,9.92,719.0,36,Mortgage,Debt_Consolidation,Bachelor,Married,0
103145,22,96880.0,9.0,16287.0,9.25,584.0,60,Own,Business,Bachelor,Single,0
103146,54,58522.0,12.0,17144.0,10.39,715.0,36,Mortgage,Debt_Consolidation,High_School,Married,1
103147,24,20592.0,9.0,21589.0,9.9,662.0,48,Rent,Debt_Consolidation,Bachelor,Married,0
103148,41,93299.0,21.0,26906.0,12.49,704.0,36,Rent,Medical,High_School,Married,1
103149,50,87531.0,3.0,13586.0,8.49,652.0,60,Mortgage,,Master,Married,0
103150,44,75260.0,8.0,8791.0,10.35,708.0,60,Rent,Home_Improvement,PhD,Married,0
103151,42,106542.0,28.0,9101.0,10.8,781.0,72,Rent,Business,Master,Married,0
103152,55,99686.0,0.0,7513.0,4.16,747.0,36,Rent,Debt_Consolidation,High_School,Single,0
103153,54,110659.0,12.0,4805.0,,740.0,60,,Debt_Consolidation,Bachelor,Single,0
103154,50,74922.0,3.0,17098.0,12.29,700.0,36,Mortgage,Debt_Consolidation,Bachelor,Married,1
103155,24,55663.0,1.0,15641.0,10.93,710.0,60,Rent,Education,Bachelor,Married,0
103156,30,27212.0,26.0,19860.0,10.49,739.0,48,Mortgage,Business,PhD,Single,0
103157,28,56547.0,5.0,12073.0,11.02,619.0,36,Rent,Business,PhD,Married,1
103158,53,74052.0,18.0,22003.0,11.96,744.0,36,Mortgage,Home_Improvement,Master,Married,0
103159,56,69441.0,5.0,13513.0,15.94,695.0,36,Own,Education,Bachelor,Divorced,0
103160,22,143135.0,25.0,8076.0,6.77,778.0,60,Rent,Debt_Consolidation,High_School,Single,0
103161,37,56304.0,23.0,15721.0,15.21,674.0,36,Rent,Education,Master,Single,0
103162,47,39682.0,27.0,14232.0,8.79,651.0,72,Rent,Debt_Consolidation,Bachelor,Married,0
103163,44,30883.0,10.0,7695.0,6.57,687.0,60,Rent,Debt_Consolidation,High_School,Married,0
103164,38,60034.0,25.0,21111.0,15.25,692.0,36,Mortgage,Medical,Bachelor,Single,0
103165,28,106304.0,22.0,11841.0,10.37,784.0,72,Rent,Business,Master,Married,0
103166,44,35910.0,9.0,24253.0,14.38,710.0,48,Mortgage,Debt_Consolidation,Bachelor,Single,1
103167,59,47629.0,1.0,2000.0,12.87,727.0,60,Rent,Education,High_School,Single,0
103168,24,128752.0,29.0,21753.0,7.32,595.0,60,Mortgage,Home_Improvement,Bachelor,Married,0
103169,25,72405.0,7.0,30909.0,15.49,705.0,60,Rent,Education,Bachelor,Single,1
103170,42,82435.0,23.0,19102.0,12.94,579.0,72,Mortgage,Education,,Married,0
103171,37,54626.0,3.0,4163.0,10.51,591.0,36,Mortgage,Home_Improvement,Bachelor,Married,0
103172,55,60246.0,23.0,20991.0,16.27,688.0,36,Own,Debt_Consolidation,Master,Single,0
103173,49,45853.0,29.0,13887.0,9.23,756.0,60,Mortgage,Debt_Consolidation,High_School,Single,0
103174,23,61930.0,24.0,29209.0,16.14,747.0,48,Mortgage,Debt_Consolidation,Master,Married,1
103175,24,42296.0,20.0,7849.0,14.25,728.0,72,Rent,Education,Bachelor,Married,0
103176,49,85949.0,30.0,10304.0,10.12,640.0,60,Rent,Education,Bachelor,Married,0
103177,30,86954.0,24.0,20376.0,7.43,695.0,36,Mortgage,Debt_Consolidation,Master,Single,0
103178,55,82725.0,8.0,13927.0,8.28,554.0,60,Rent,Debt_Consolidation,Master,Married,0
103179,45,91851.0,12.0,10119.0,7.67,635.0,36,Mortgage,Education,Bachelor,Married,0
103180,41,101830.0,18.0,20928.0,13.09,683.0,60,Mortgage,Debt_Consolidation,Bachelor,Single,1
103181,57,101280.0,11.0,20913.0,8.54,597.0,36,Rent,Business,Bachelor,Married,1
103182,50,65117.0,8.0,5506.0,6.65,613.0,36,Mortgage,Medical,Bachelor,Married,0
103183,39,105091.0,18.0,2000.0,7.43,679.0,60,,Home_Improvement,Bachelor,Married,0
103184,27,154644.0,16.0,17443.0,4.48,706.0,36,Own,Debt_Consolidation,Bachelor,Married,0
103185,30,38198.0,28.0,12204.0,14.24,773.0,48,Mortgage,Home_Improvement,Bachelor,Single,0
103186,43,48509.0,26.0,34415.0,8.05,663.0,60,Rent,Debt_Consolidation,Master,Married,1
103187,37,56885.0,8.0,15270.0,10.85,688.0,60,Rent,Medical,Bachelor,Single,0
103188,26,61105.0,7.0,13156.0,5.25,623.0,48,Own,Debt_Consolidation,PhD,Married,0
103189,23,227733.0,25.0,25298.0,9.49,598.0,72,Rent,Debt_Consolidation,Master,Single,0
103190,65,78437.0,16.0,2457.0,11.12,771.0,36,Rent,Home_Improvement,Master,Married,0
103191,44,68505.0,25.0,6356.0,10.29,652.0,60,Rent,Debt_Consolidation,Master,Divorced,0
103192,53,63719.0,17.0,16613.0,11.01,739.0,36,Rent,Home_Improvement,High_School,Married,1
103193,27,73201.0,1.0,9513.0,15.48,750.0,60,Rent,Business,Bachelor,Single,1
103194,55,77397.0,19.0,13176.0,6.27,641.0,60,Rent,Debt_Consolidation,Master,Divorced,0
103195,41,50238.0,10.0,20339.0,9.67,555.0,60,Mortgage,Medical,Bachelor,Single,0
103196,59,92352.0,14.0,12864.0,13.21,632.0,60,Mortgage,Debt_Consolidation,Bachelor,Divorced,0
103197,24,108856.0,5.0,21179.0,9.72,654.0,48,Mortgage,Home_Improvement,High_School,Divorced,0
103198,42,43829.0,16.0,8039.0,13.24,657.0,36,Rent,Debt_Consolidation,Bachelor,Married,1
103199,23,78692.0,11.0,35866.0,6.16,656.0,36,Mortgage,Medical,High_School,Married,0
103200,58,50788.0,22.0,4137.0,12.24,639.0,60,Rent,Business,Bachelor,Married,0
103201,43,55171.0,9.0,13647.0,11.46,717.0,36,Rent,Home_Improvement,Bachelor,Single,1
103202,40,78004.0,26.0,31875.0,13.42,776.0,48,Own,Home_Improvement,Master,Married,1
103203,26,69877.0,22.0,19900.0,11.58,745.0,36,Rent,Debt_Consolidation,Master,Single,0
103204,62,75538.0,7.0,20759.0,14.6,632.0,48,Rent,Business,Bachelor,Married,1
103205,39,65730.0,8.0,11307.0,7.79,722.0,48,Mortgage,Debt_Consolidation,Bachelor,Married,1
103206,33,39312.0,7.0,14285.0,8.08,727.0,36,Own,Debt_Consolidation,High_School,Married,0
103207,60,26798.0,12.0,15922.0,7.29,727.0,36,Rent,Business,Master,Married,0
103208,42,35131.0,18.0,11581.0,12.4,638.0,60,Mortgage,Business,High_School,Single,1
103209,32,144148.0,16.0,17792.0,8.26,787.0,36,Mortgage,Debt_Consolidation,High_School,Married,0
103210,27,,8.0,22640.0,8.52,698.0,60,Own,Business,High_School,Married,1
103211,64,47171.0,29.0,22126.0,7.28,652.0,60,Mortgage,Debt_Consolidation,High_School,Married,0
103212,33,101495.0,11.0,23870.0,10.49,659.0,48,Own,Debt_Consolidation,Bachelor,Married,0
103213,36,108944.0,20.0,14052.0,7.88,700.0,60,Rent,Home_Improvement,High_School,Single,0
103214,64,41663.0,8.0,5491.0,13.1,687.0,36,Mortgage,Debt_Consolidation,Master,Married,0
103215,36,20116.0,29.0,6007.0,14.05,605.0,60,Rent,Medical,Bachelor,Divorced,1
103216,57,65824.0,2.0,24588.0,8.98,615.0,48,Mortgage,Debt_Consolidation,Bachelor,Married,1
103217,45,109887.0,9.0,7061.0,6.88,605.0,60,Rent,Debt_Consolidation,Master,Married,0
103218,22,40262.0,17.0,17118.0,7.35,735.0,48,Mortgage,Home_Improvement,Master,Married,0
103219,26,142881.0,28.0,22380.0,12.67,652.0,60,Rent,Debt_Consolidation,Bachelor,Married,0
103220,43,46897.0,22.0,10570.0,7.44,735.0,60,Rent,Home_Improvement,Master,Married,0
103221,53,60387.0,3.0,22666.0,8.17,694.0,60,Own,Home_Improvement,Bachelor,Single,0
103222,43,35103.0,25.0,20395.0,9.56,686.0,36,Mortgage,Home_Improvement,Bachelor,Married,0
103223,44,56828.0,1.0,17359.0,9.4,654.0,60,Rent,Education,High_School,Single,1
103224,50,58112.0,26.0,17921.0,8.74,704.0,72,Mortgage,Education,Bachelor,Married,1
103225,46,91202.0,16.0,23876.0,4.96,707.0,60,Rent,Debt_Consolidation,Bachelor,Married,0
103226,51,58818.0,10.0,10252.0,8.13,718.0,60,Mortgage,Debt_Consolidation,Master,Single,0
103227,25,42226.0,13.0,15260.0,7.31,751.0,60,Rent,Home_Improvement,High_School,Married,0
103228,54,67844.0,2.0,19928.0,11.76,737.0,48,Rent,Business,Bachelor,Married,0
103229,61,86053.0,30.0,23531.0,8.83,619.0,36,Rent,Education,Bachelor,Single,0
103230,25,55775.0,12.0,27135.0,7.85,705.0,60,Mortgage,Debt_Consolidation,Bachelor,Single,0
103231,42,100793.0,24.0,24762.0,9.52,703.0,72,Mortgage,Education,Master,Married,1
103232,26,29055.0,25.0,8344.0,13.68,677.0,48,Rent,Home_Improvement,Master,Divorced,1
103233,52,97452.0,25.0,22517.0,12.03,784.0,36,Mortgage,Debt_Consolidation,PhD,Single,0
103234,63,43490.0,0.0,3333.0,9.7,625.0,48,Own,Home_Improvement,PhD,Married,0
103235,41,69024.0,22.0,18744.0,14.17,672.0,72,Rent,Education,Bachelor,Single,0
103236,44,20522.0,16.0,30647.0,13.41,,72,Mortgage,Education,Master,Single,0
103237,42,64793.0,9.0,23131.0,5.67,703.0,60,Mortgage,Debt_Consolidation,Bachelor,Married,0
103238,63,31737.0,4.0,20482.0,4.0,671.0,60,Rent,Debt_Consolidation,Bachelor,Divorced,0
103239,54,63565.0,10.0,20114.0,8.83,712.0,60,Rent,Business,Bachelor,Married,0
103240,61,84991.0,1.0,23305.0,13.3,619.0,72,Rent,Medical,High_School,Married,1
103241,49,59122.0,24.0,24035.0,7.85,683.0,60,Rent,Debt_Consolidation,Bachelor,Single,1
103242,39,100500.0,17.0,14614.0,13.92,770.0,36,Rent,Debt_Consolidation,Bachelor,Married,0
103243,46,46427.0,14.0,24493.0,5.07,638.0,60,Rent,Debt_Consolidation,Bachelor,Single,0
103244,43,57535.0,9.0,27183.0,14.54,697.0,36,Mortgage,Medical,High_School,Married,1
103245,42,37084.0,26.0,13622.0,13.02,638.0,60,Mortgage,Medical,Master,Single,1
103246,63,69679.0,2.0,16314.0,7.17,591.0,36,Mortgage,Home_Improvement,PhD,Married,1
103247,42,68408.0,15.0,25733.0,9.05,,60,Mortgage,Debt_Consolidation,Bachelor,Single,0
103248,61,51953.0,12.0,2000.0,12.81,766.0,36,Rent,Home_Improvement,Bachelor,Single,0
103249,22,64583.0,30.0,9188.0,6.25,691.0,48,Own,Medical,High_School,Married,1
103250,36,84877.0,28.0,9838.0,10.71,803.0,60,Mortgage,Medical,Master,Single,0
103251,56,140763.0,2.0,22101.0,12.48,644.0,36,Rent,Debt_Consolidation,Bachelor,Married,0
103252,31,31407.0,4.0,9192.0,13.88,756.0,36,Mortgage,Debt_Consolidation,Bachelor,Married,0
103253,58,36636.0,26.0,20615.0,10.78,706.0,60,Rent,Medical,Bachelor,Married,1
103254,37,32277.0,24.0,23357.0,9.83,754.0,60,Own,Home_Improvement,Bachelor,Married,1
103255,38,72140.0,13.0,7025.0,10.67,731.0,36,Rent,Debt_Consolidation,Master,Single,0
103256,29,129315.0,26.0,24669.0,10.3,811.0,48,Rent,Education,Bachelor,Single,0
103257,61,94477.0,7.0,35480.0,8.77,725.0,36,Mortgage,Medical,Bachelor,Single,0
103258,27,105446.0,2.0,19858.0,9.56,767.0,36,Own,Business,Bachelor,Married,0
103259,25,28329.0,4.0,18208.0,11.36,640.0,36,Mortgage,Education,Bachelor,Single,1
103260,53,31689.0,3.0,16897.0,9.16,676.0,36,Mortgage,Debt_Consolidation,Bachelor,Divorced,1
103261,31,78618.0,14.0,19170.0,6.01,749.0,48,Rent,Medical,High_School,Married,0
103262,59,260547.0,5.0,20946.0,,775.0,60,Rent,Debt_Consolidation,Bachelor,Married,0
103263,52,59148.0,10.0,11882.0,12.27,595.0,60,Own,Debt_Consolidation,Bachelor,Married,0
103264,27,28430.0,13.0,2000.0,6.5,761.0,36,Rent,Business,Master,Married,0
103265,60,37947.0,10.0,24860.0,14.18,705.0,60,Rent,Debt_Consolidation,Bachelor,Single,0
103266,56,37750.0,22.0,31193.0,12.72,611.0,48,Mortgage,Debt_Consolidation,High_School,Single,1
103267,34,69197.0,14.0,4015.0,10.36,743.0,60,Mortgage,Debt_Consolidation,Master,Single,0
103268,44,112867.0,21.0,28695.0,13.28,790.0,48,Rent,Debt_Consolidation,High_School,Married,0
103269,56,178502.0,25.0,15751.0,5.85,645.0,60,Rent,Business,High_School,Married,1
103270,37,117887.0,24.0,15923.0,8.46,714.0,48,Own,Business,Bachelor,Married,0
103271,43,74288.0,17.0,5657.0,7.23,664.0,48,Mortgage,Business,Bachelor,Single,0
103272,60,65789.0,10.0,17193.0,4.0,761.0,72,Rent,Medical,Master,Married,0
103273,42,65122.0,4.0,12575.0,12.31,671.0,60,Mortgage,Business,Master,Married,1
103274,22,85635.0,2.0,26168.0,6.81,719.0,48,Rent,Home_Improvement,Bachelor,Divorced,0
103275,64,160358.0,15.0,18220.0,13.38,632.0,36,Own,Home_Improvement,Bachelor,Married,1
103276,40,79886.0,30.0,30795.0,7.77,619.0,36,Rent,Business,High_School,Married,0
103277,41,58568.0,13.0,20962.0,14.54,779.0,36,Rent,Education,Bachelor,Single,0
103278,65,91493.0,24.0,6621.0,11.58,785.0,72,Rent,Debt_Consolidation,Master,Married,0
103279,29,63518.0,24.0,10379.0,10.73,721.0,48,Rent,Debt_Consolidation,Bachelor,Divorced,0
103280,60,43512.0,14.0,6825.0,10.94,690.0,48,Mortgage,Medical,Master,Single,0
103281,31,86757.0,29.0,24829.0,9.29,,48,Mortgage,Debt_Consolidation,Master,Married,0
103282,33,40900.0,24.0,28055.0,9.83,608.0,36,Own,Medical,Bachelor,Single,1
103283,49,40677.0,23.0,22260.0,11.62,727.0,36,Mortgage,Education,Master,Married,0
103284,58,53423.0,28.0,25762.0,6.57,643.0,72,Mortgage,,High_School,Married,0
103285,39,62692.0,15.0,32017.0,10.93,737.0,36,Own,Business,Bachelor,Single,1
103286,49,145291.0,21.0,4748.0,10.3,706.0,60,Mortgage,Education,Bachelor,Married,0
103287,36,54612.0,20.0,15698.0,10.39,678.0,60,Rent,Home_Improvement,High_School,Married,0
103288,25,49527.0,26.0,14742.0,13.75,656.0,36,Mortgage,Home_Improvement,Bachelor,Married,0
103289,58,100350.0,8.0,3036.0,17.15,603.0,36,Rent,Debt_Consolidation,Bachelor,Single,0
103290,51,81790.0,26.0,30511.0,13.77,599.0,48,Rent,Education,Master,Divorced,0
103291,59,112764.0,22.0,22196.0,9.94,602.0,36,Mortgage,Debt_Consolidation,Master,Single,0
103292,34,64696.0,0.0,27125.0,11.18,643.0,60,Rent,Home_Improvement,High_School,Single,1
103293,48,90265.0,15.0,29799.0,9.39,803.0,36,Rent,Education,High_School,Married,0
103294,47,93159.0,16.0,20022.0,11.79,,60,Mortgage,Debt_Consolidation,Master,Married,1
103295,32,106853.0,0.0,10071.0,7.55,694.0,60,Mortgage,Education,High_School,Single,0
103296,23,42621.0,15.0,18647.0,5.62,792.0,36,Mortgage,Medical,Bachelor,Married,1
103297,61,83792.0,23.0,19647.0,16.56,550.0,60,Rent,Debt_Consolidation,PhD,Married,1
103298,29,134107.0,9.0,30387.0,7.47,726.0,60,Rent,Debt_Consolidation,Master,Divorced,0
103299,52,54682.0,27.0,35003.0,14.95,657.0,36,Mortgage,Home_Improvement,Bachelor,Married,0
103300,52,38376.0,13.0,27559.0,4.0,666.0,36,Own,Medical,Bachelor,Single,0
103301,50,37996.0,1.0,12623.0,8.39,669.0,36,Rent,Debt_Consolidation,Bachelor,Married,1
103302,57,57812.0,26.0,18327.0,10.91,638.0,36,Mortgage,Education,High_School,Married,1
103303,26,47870.0,30.0,32030.0,7.39,621.0,60,Mortgage,Debt_Consolidation,Bachelor,Married,1
103304,60,63425.0,2.0,31034.0,15.28,612.0,36,Rent,Debt_Consolidation,High_School,Divorced,1
103305,63,22759.0,25.0,29896.0,12.72,664.0,60,Rent,Debt_Consolidation,High_School,Married,1
103306,35,68789.0,30.0,2000.0,14.87,752.0,72,Mortgage,Medical,Bachelor,Married,0
103307,22,68630.0,10.0,19504.0,10.12,603.0,36,Mortgage,Education,High_School,Married,0
103308,36,25753.0,8.0,37766.0,12.42,629.0,36,Rent,Education,Bachelor,Married,1
103309,28,39687.0,21.0,40740.0,7.77,751.0,36,Mortgage,Debt_Consolidation,High_School,Single,0
103310,53,31897.0,30.0,3022.0,11.84,760.0,60,Rent,Home_Improvement,Bachelor,Married,0
103311,48,25325.0,23.0,4317.0,13.1,,36,Own,Debt_Consolidation,Bachelor,Married,0
103312,60,113745.0,17.0,15556.0,13.77,681.0,36,Rent,Debt_Consolidation,Bachelor,Married,0
103313,36,74178.0,0.0,2000.0,14.88,754.0,36,Own,Business,Bachelor,Single,0
103314,27,97109.0,11.0,7834.0,10.02,735.0,72,Rent,Medical,High_School,Married,0
103315,53,41128.0,18.0,10202.0,13.72,736.0,60,Rent,Home_Improvement,Bachelor,Single,0
103316,42,127680.0,11.0,11831.0,13.42,,60,Mortgage,Debt_Consolidation,Bachelor,Divorced,0
103317,27,75865.0,17.0,16613.0,13.42,714.0,36,Own,Debt_Consolidation,Master,Married,1
103318,30,104826.0,29.0,16465.0,9.35,709.0,60,Rent,Debt_Consolidation,Bachelor,Single,0
103319,60,102789.0,10.0,11235.0,12.61,590.0,36,Own,Business,High_School,Single,0
103320,54,72795.0,19.0,25882.0,4.48,653.0,72,Own,Debt_Consolidation,High_School,Married,0
103321,61,105858.0,28.0,25071.0,8.55,775.0,36,Rent,Medical,High_School,Married,0
103322,60,29305.0,6.0,15773.0,14.38,650.0,36,Rent,Debt_Consolidation,Bachelor,Single,1
103323,21,54304.0,3.0,10414.0,8.65,634.0,48,Rent,Home_Improvement,Master,Married,1
103324,23,57100.0,14.0,16866.0,11.21,770.0,60,Rent,Debt_Consolidation,Bachelor,Single,1
103325,39,47245.0,29.0,2908.0,,742.0,72,Rent,Debt_Consolidation,Bachelor,Single,0
103326,25,46565.0,7.0,15082.0,6.48,739.0,60,Mortgage,Debt_Consolidation,Master,Married,0
103327,54,37682.0,5.0,2000.0,13.65,749.0,72,Own,Business,Bachelor,Single,0
103328,49,58453.0,2.0,2119.0,6.9,774.0,48,Own,Home_Improvement,High_School,Divorced,0
103329,35,109218.0,13.0,19872.0,8.51,636.0,36,Mortgage,Home_Improvement,Bachelor,Divorced,0
103330,32,87526.0,20.0,13309.0,12.91,693.0,36,Rent,Business,Bachelor,Married,1
103331,46,50041.0,22.0,21745.0,10.73,706.0,60,Rent,Home_Improvement,PhD,Married,1
103332,44,171550.0,25.0,24676.0,14.72,680.0,36,Mortgage,Medical,Bachelor,Single,0
103333,30,122791.0,17.0,21379.0,7.82,643.0,60,Own,Medical,Bachelor,Divorced,1
103334,53,96950.0,20.0,10716.0,14.05,685.0,36,Rent,Debt_Consolidation,Master,Married,0
103335,61,81184.0,4.0,12688.0,17.96,697.0,36,Rent,Business,Master,Married,0
103336,61,113912.0,2.0,5679.0,6.42,640.0,60,Rent,Debt_Consolidation,High_School,Married,0
103337,27,89500.0,13.0,13394.0,12.74,632.0,72,Mortgage,Debt_Consolidation,Bachelor,Single,0
103338,41,51280.0,11.0,13321.0,12.06,769.0,72,Mortgage,Debt_Consolidation,Bachelor,Single,0
103339,40,42845.0,5.0,11581.0,5.35,653.0,60,Rent,Home_Improvement,PhD,Single,1
103340,49,94928.0,19.0,24915.0,8.37,641.0,60,Own,Medical,Master,Single,1
103341,26,69725.0,10.0,37524.0,8.41,707.0,72,Mortgage,Home_Improvement,Bachelor,Divorced,1
103342,25,43095.0,26.0,28279.0,6.26,633.0,60,Rent,Medical,High_School,Single,0
103343,55,85823.0,23.0,6399.0,11.01,783.0,36,Own,Education,Bachelor,Single,0
103344,34,73721.0,6.0,22683.0,6.5,676.0,48,Mortgage,Business,High_School,Single,0
103345,24,70328.0,17.0,8821.0,6.17,755.0,48,Rent,Debt_Consolidation,High_School,Single,0
103346,57,109747.0,25.0,16494.0,7.63,750.0,48,Rent,Debt_Consolidation,High_School,Married,1
103347,47,66093.0,26.0,14385.0,14.53,697.0,60,Rent,Education,High_School,Single,0
103348,27,82258.0,1.0,10582.0,10.63,747.0,36,Mortgage,Education,PhD,Married,1
103349,47,109138.0,14.0,22083.0,7.38,728.0,36,Own,Debt_Consolidation,High_School,Married,0
103350,27,43787.0,24.0,11362.0,11.09,703.0,36,Own,Debt_Consolidation,Bachelor,Married,0
103351,35,49556.0,20.0,27281.0,8.89,635.0,36,Mortgage,Debt_Consolidation,High_School,Married,1
103352,21,24131.0,23.0,8855.0,10.27,656.0,72,Rent,Business,Master,Single,0
103353,30,55961.0,23.0,21011.0,11.73,600.0,36,Mortgage,Home_Improvement,Bachelor,Single,1
103354,36,37126.0,25.0,27578.0,,623.0,48,Rent,Debt_Consolidation,High_School,Single,1
103355,51,71118.0,13.0,9666.0,12.88,585.0,60,Rent,Medical,Bachelor,Married,0
103356,41,42882.0,18.0,28453.0,7.27,663.0,60,Mortgage,Debt_Consolidation,Bachelor,Single,0
103357,53,112617.0,5.0,4832.0,5.98,668.0,60,Mortgage,Debt_Consolidation,Master,Married,0
103358,60,,20.0,25592.0,7.19,600.0,60,Mortgage,Debt_Consolidation,High_School,Single,0
103359,60,111818.0,14.0,21551.0,8.67,653.0,48,Own,Business,Bachelor,Single,0
103360,28,61905.0,8.0,20730.0,15.58,581.0,36,Mortgage,Debt_Consolidation,Master,Single,1
103361,24,82180.0,27.0,2000.0,11.79,703.0,36,Own,Medical,High_School,Single,0
103362,40,63605.0,25.0,13473.0,13.87,670.0,36,Rent,Medical,High_School,Married,1
103363,42,44747.0,13.0,23026.0,17.68,723.0,36,Mortgage,Home_Improvement,Bachelor,Married,1
103364,28,59098.0,7.0,3427.0,12.82,690.0,60,Rent,Medical,Bachelor,Single,0
103365,29,71366.0,26.0,41904.0,13.33,721.0,36,Mortgage,Debt_Consolidation,Bachelor,Single,1
103366,64,81244.0,25.0,13178.0,9.14,783.0,36,Own,Home_Improvement,Bachelor,Single,0
103367,63,115131.0,30.0,24118.0,13.32,763.0,72,Mortgage,,Bachelor,Married,0
103368,31,96968.0,22.0,15375.0,6.48,623.0,60,Rent,Medical,Bachelor,Single,0
103369,54,48625.0,29.0,26077.0,16.4,717.0,48,Mortgage,Debt_Consolidation,Bachelor,Married,1
103370,38,123821.0,22.0,9948.0,11.92,720.0,48,Rent,Debt_Consolidation,Bachelor,Divorced,0
103371,63,61184.0,19.0,15380.0,8.93,673.0,48,Rent,Business,Master,Single,0
103372,47,66880.0,26.0,22116.0,9.89,679.0,72,Mortgage,Home_Improvement,Bachelor,Single,0
103373,35,81849.0,26.0,26059.0,5.54,665.0,36,Rent,Education,Master,Single,0
103374,47,61902.0,29.0,6208.0,4.83,768.0,72,Mortgage,Debt_Consolidation,Bachelor,Married,0
103375,61,42741.0,19.0,30619.0,7.95,669.0,36,Mortgage,Home_Improvement,Bachelor,Single,0
103376,37,29360.0,1.0,19667.0,7.79,660.0,60,Own,Medical,Master,Divorced,0
103377,54,72957.0,7.0,13737.0,15.15,755.0,60,Own,Debt_Consolidation,Bachelor,Married,1
103378,52,38355.0,25.0,16657.0,14.46,662.0,36,Own,Debt_Consolidation,High_School,Single,0
103379,25,113954.0,23.0,20956.0,9.49,656.0,60,Rent,Business,High_School,Single,1
103380,47,114637.0,0.0,19630.0,10.63,749.0,36,Mortgage,Debt_Consolidation,Bachelor,Single,0
103381,54,30631.0,16.0,4152.0,10.97,774.0,60,Rent,Home_Improvement,Bachelor,Married,0
103382,59,62598.0,14.0,29026.0,8.29,722.0,60,Mortgage,Debt_Consolidation,Master,Single,0
103383,65,114011.0,25.0,19657.0,15.88,676.0,60,Rent,Debt_Consolidation,Bachelor,Single,1
103384,22,104188.0,25.0,7303.0,10.06,596.0,36,Rent,Home_Improvement,Bachelor,Divorced,0
103385,41,41770.0,25.0,19730.0,11.41,679.0,36,Rent,Debt_Consolidation,Bachelor,Single,0
103386,53,23091.0,27.0,14868.0,14.51,671.0,36,Rent,Debt_Consolidation,Bachelor,Single,0
103387,21,65291.0,14.0,13862.0,13.31,661.0,60,Mortgage,Debt_Consolidation,High_School,Married,0
103388,56,49141.0,3.0,26318.0,9.38,622.0,72,Rent,Business,Master,Married,1
103389,45,83366.0,25.0,21145.0,10.94,720.0,60,Rent,Education,Master,Married,0
103390,28,23736.0,18.0,2772.0,6.4,613.0,36,Rent,Medical,PhD,Single,0
103391,42,67020.0,15.0,19676.0,14.97,722.0,60,Mortgage,Debt_Consolidation,PhD,Married,0
103392,46,116269.0,1.0,20333.0,7.8,754.0,60,Mortgage,Debt_Consolidation,Master,Married,0
103393,54,56877.0,27.0,28011.0,11.36,654.0,72,Rent,Debt_Consolidation,High_School,Single,1
103394,59,49642.0,10.0,7071.0,4.62,680.0,60,Rent,Education,High_School,Single,0
103395,62,47717.0,1.0,20034.0,9.33,727.0,36,Mortgage,Medical,Bachelor,Married,0
103396,43,83558.0,19.0,16061.0,9.15,670.0,72,Own,Business,Bachelor,Single,0
103397,34,29261.0,17.0,22421.0,7.98,,48,Mortgage,Debt_Consolidation,Bachelor,Married,0
103398,39,48191.0,25.0,17174.0,15.82,737.0,36,Own,Debt_Consolidation,Bachelor,Married,0
103399,52,71049.0,24.0,26404.0,14.21,683.0,60,Rent,Debt_Consolidation,Master,Married,0
103400,43,94014.0,6.0,19637.0,15.73,674.0,36,Rent,Education,Bachelor,Single,1
103401,48,111193.0,30.0,16923.0,6.32,,36,Mortgage,Medical,High_School,Single,0
103402,26,62365.0,20.0,16132.0,4.29,723.0,60,Rent,Debt_Consolidation,Bachelor,Single,0
103403,32,108313.0,13.0,26982.0,10.96,655.0,72,Mortgage,Debt_Consolidation,High_School,Single,1
103404,28,143660.0,18.0,25438.0,9.21,666.0,60,Mortgage,Debt_Consolidation,Master,Single,0
103405,41,36371.0,18.0,7692.0,13.06,683.0,60,Mortgage,Business,Bachelor,Married,0
103406,21,46803.0,1.0,16332.0,20.2,611.0,72,Rent,Debt_Consolidation,Bachelor,Married,1
103407,58,48459.0,24.0,18842.0,7.36,712.0,60,Own,Home_Improvement,High_School,Divorced,0
103408,61,106874.0,9.0,21790.0,8.64,738.0,60,Rent,Education,Bachelor,Married,0
103409,23,80169.0,12.0,21248.0,10.42,756.0,48,Rent,Medical,High_School,Married,0
103410,23,55317.0,4.0,16427.0,11.24,681.0,60,Own,Debt_Consolidation,Bachelor,Married,1
103411,60,25180.0,,2000.0,11.32,738.0,36,Own,Business,Bachelor,Single,1
103412,38,40123.0,27.0,16541.0,12.47,799.0,48,Rent,Medical,Master,Married,0
103413,36,49031.0,30.0,25116.0,10.43,640.0,36,Mortgage,Debt_Consolidation,Bachelor,Married,1
103414,49,91471.0,12.0,16511.0,6.41,599.0,36,Rent,Home_Improvement,Bachelor,Single,0
103415,32,40601.0,29.0,17392.0,15.11,623.0,36,Own,Home_Improvement,Bachelor,Single,0
103416,65,61881.0,8.0,16341.0,11.43,690.0,48,Rent,Debt_Consolidation,Bachelor,Married,0
103417,47,189673.0,16.0,5120.0,12.94,697.0,60,Mortgage,Debt_Consolidation,High_School,Single,0
103418,61,38311.0,11.0,24645.0,10.56,660.0,36,Rent,Debt_Consolidation,Bachelor,Single,1
103419,29,68702.0,27.0,22469.0,8.84,702.0,36,Rent,Medical,Bachelor,Married,0
103420,43,76018.0,,10839.0,11.53,674.0,36,Own,Home_Improvement,Bachelor,Single,0
103421,62,60801.0,14.0,46259.0,11.49,747.0,36,Mortgage,Home_Improvement,Bachelor,Divorced,1
103422,50,51338.0,1.0,15792.0,9.49,684.0,48,Rent,Medical,Bachelor,Married,1
103423,52,,20.0,11608.0,13.14,794.0,36,Rent,Education,High_School,Married,0
103424,63,86987.0,6.0,30462.0,10.27,661.0,60,Rent,Medical,PhD,Married,1
103425,28,80863.0,20.0,37229.0,7.68,708.0,48,Rent,Home_Improvement,Master,Single,1
103426,42,45453.0,19.0,25430.0,13.74,739.0,36,Mortgage,Debt_Consolidation,Bachelor,Single,1
103427,40,37484.0,16.0,10099.0,4.35,767.0,36,Mortgage,Debt_Consolidation,Master,Married,0
103428,62,77719.0,15.0,26050.0,10.62,703.0,60,,Medical,Bachelor,Married,1
103429,38,162303.0,13.0,17670.0,12.53,584.0,60,Mortgage,Education,High_School,Married,0
103430,26,60306.0,11.0,16721.0,8.54,606.0,48,Mortgage,Home_Improvement,High_School,Single,0
103431,26,70387.0,8.0,23438.0,12.08,655.0,48,Mortgage,Home_Improvement,High_School,Single,0
103432,27,157972.0,15.0,14328.0,10.53,655.0,36,Rent,Debt_Consolidation,High_School,Single,0
103433,30,62146.0,10.0,7158.0,12.58,705.0,60,Mortgage,Business,Bachelor,Married,0
103434,38,153880.0,4.0,28160.0,9.35,774.0,60,Rent,Home_Improvement,PhD,Single,0
103435,21,89664.0,6.0,12328.0,10.3,664.0,48,Own,Home_Improvement,Master,Single,0
103436,31,37387.0,28.0,30189.0,9.58,691.0,60,,Home_Improvement,Bachelor,Married,1
103437,23,79854.0,24.0,6244.0,11.33,673.0,36,Mortgage,Debt_Consolidation,Master,Single,0
103438,56,55486.0,12.0,15690.0,13.85,663.0,60,Mortgage,Debt_Consolidation,PhD,Single,0
103439,33,82638.0,16.0,16694.0,12.07,704.0,36,Rent,Business,Bachelor,Married,0
103440,42,35958.0,21.0,23576.0,7.56,722.0,48,Rent,Debt_Consolidation,Master,Married,0
103441,49,102140.0,10.0,26909.0,5.66,769.0,36,Rent,Business,Master,Divorced,0
103442,29,56224.0,8.0,12452.0,10.18,736.0,60,Rent,Debt_Consolidation,Master,Single,0
103443,34,100380.0,20.0,19796.0,10.69,694.0,60,Rent,Business,Bachelor,Married,0
103444,44,49135.0,7.0,15625.0,14.7,681.0,60,Rent,Debt_Consolidation,Bachelor,Married,0
103445,36,45262.0,13.0,26268.0,10.42,742.0,36,Own,Debt_Consolidation,High_School,Married,0
103446,41,108956.0,24.0,22004.0,11.27,725.0,48,Mortgage,Home_Improvement,Bachelor,Divorced,0
103447,28,53436.0,13.0,2000.0,14.29,639.0,48,Own,Debt_Consolidation,Bachelor,Single,0
103448,51,116965.0,14.0,14951.0,10.17,695.0,48,Rent,Debt_Consolidation,PhD,Single,0
103449,35,76340.0,26.0,33042.0,16.72,604.0,36,Rent,Business,Master,Divorced,1
103450,32,61802.0,3.0,23710.0,6.53,637.0,60,Mortgage,Home_Improvement,Bachelor,Married,1
103451,44,60430.0,26.0,33830.0,11.24,695.0,60,Rent,Business,Bachelor,Married,1
103452,39,62943.0,3.0,17215.0,15.65,697.0,36,Mortgage,Home_Improvement,Bachelor,Married,0
103453,53,53784.0,17.0,14181.0,10.49,697.0,48,Mortgage,Education,PhD,Married,1
103454,61,49145.0,16.0,37708.0,15.07,630.0,60,Rent,Debt_Consolidation,Master,Single,1
103455,26,25686.0,,9588.0,8.06,788.0,72,Rent,Education,Bachelor,Married,0
103456,42,117973.0,20.0,19814.0,17.42,765.0,60,Own,Home_Improvement,Bachelor,Married,0
103457,22,33962.0,18.0,18891.0,7.12,700.0,60,Mortgage,Debt_Consolidation,High_School,Married,0
103458,39,81793.0,18.0,13573.0,7.56,770.0,60,Rent,Business,High_School,Single,0
103459,55,55264.0,27.0,9683.0,12.55,689.0,60,Mortgage,Debt_Consolidation,High_School,Married,0
103460,44,31796.0,21.0,32663.0,12.71,690.0,36,Rent,Education,Bachelor,Single,1
103461,51,66598.0,25.0,13021.0,9.37,701.0,60,Rent,Debt_Consolidation,,Single,0
103462,43,29781.0,21.0,8918.0,9.21,674.0,72,Rent,Home_Improvement,Master,Single,0
103463,50,48705.0,8.0,23776.0,9.88,532.0,60,Mortgage,Debt_Consolidation,PhD,Single,1
103464,26,75209.0,2.0,2000.0,12.27,687.0,72,Own,Home_Improvement,High_School,Single,0
103465,29,80008.0,23.0,9917.0,11.38,702.0,48,Rent,Business,PhD,Single,0
103466,27,71239.0,21.0,12397.0,11.86,,48,Rent,Medical,Bachelor,Married,0
103467,28,59132.0,21.0,8397.0,12.69,720.0,36,Rent,Debt_Consolidation,Bachelor,Single,0
103468,57,49031.0,1.0,24528.0,13.15,608.0,48,Rent,Home_Improvement,High_School,Single,0
103469,29,137025.0,13.0,30143.0,10.42,690.0,60,Mortgage,Debt_Consolidation,High_School,Married,0
103470,40,49549.0,0.0,20752.0,8.48,764.0,60,Own,Home_Improvement,Bachelor,Married,0
103471,23,85634.0,28.0,25527.0,12.49,578.0,36,Mortgage,Debt_Consolidation,Bachelor,Married,1
103472,57,85295.0,6.0,21755.0,8.16,643.0,60,Own,Education,Bachelor,Married,0
103473,61,33480.0,16.0,13201.0,7.22,686.0,60,Rent,Home_Improvement,Bachelor,Divorced,0
103474,41,30285.0,8.0,2113.0,13.2,722.0,36,Rent,Home_Improvement,Master,Married,0
103475,50,67796.0,13.0,18488.0,12.16,676.0,36,Mortgage,Business,Master,Married,0
103476,35,96764.0,10.0,12775.0,14.12,676.0,60,Mortgage,Home_Improvement,Bachelor,Single,0
103477,38,56315.0,17.0,4994.0,12.08,569.0,48,Mortgage,Home_Improvement,Master,Divorced,0
103478,65,29678.0,22.0,9722.0,10.31,647.0,36,Mortgage,Home_Improvement,Bachelor,Single,0
103479,29,94514.0,27.0,31183.0,9.38,680.0,48,Rent,Debt_Consolidation,Bachelor,Married,0
103480,48,68340.0,27.0,14216.0,8.72,618.0,72,Mortgage,Debt_Consolidation,Master,Single,0
103481,63,111193.0,10.0,19750.0,9.16,642.0,36,Rent,Business,Bachelor,Married,0
103482,53,98569.0,0.0,11272.0,12.89,681.0,48,Rent,Debt_Consolidation,Bachelor,Married,0
103483,33,82320.0,7.0,9986.0,15.14,651.0,36,Rent,Debt_Consolidation,Bachelor,Married,0
103484,27,60736.0,4.0,2527.0,5.63,561.0,60,Rent,Medical,Bachelor,Divorced,0
103485,25,137618.0,8.0,9001.0,4.0,641.0,36,Rent,Medical,Master,Single,0
103486,47,59747.0,17.0,2000.0,7.8,654.0,60,Rent,Debt_Consolidation,Bachelor,Single,0
103487,38,41858.0,24.0,12494.0,4.0,736.0,60,Rent,Debt_Consolidation,Bachelor,Single,0
103488,39,107690.0,19.0,23535.0,10.16,732.0,60,Own,Education,Bachelor,Married,0
103489,26,71964.0,26.0,27026.0,11.87,664.0,60,Rent,Debt_Consolidation,Master,Single,0
103490,28,166292.0,8.0,12977.0,12.15,756.0,60,Rent,Education,Bachelor,Married,0
103491,46,30626.0,22.0,5940.0,12.32,762.0,72,Rent,Home_Improvement,Bachelor,Married,0
103492,33,106283.0,18.0,6945.0,12.12,718.0,60,Rent,Debt_Consolidation,Master,Single,0
103493,32,103058.0,29.0,27618.0,12.54,625.0,60,Rent,Home_Improvement,Bachelor,Married,1
103494,37,69123.0,15.0,14577.0,10.8,657.0,60,Rent,Home_Improvement,Bachelor,Single,1
103495,47,124174.0,19.0,18801.0,14.29,729.0,36,Rent,Debt_Consolidation,Bachelor,Divorced,1
103496,26,45766.0,21.0,23885.0,12.66,693.0,60,Rent,Debt_Consolidation,High_School,Divorced,1
103497,62,68003.0,0.0,25511.0,4.48,693.0,60,Own,Home_Improvement,Master,Married,0
103498,32,44509.0,17.0,11534.0,18.86,687.0,36,Rent,Business,Bachelor,Divorced,1
103499,58,100038.0,21.0,23898.0,16.29,714.0,60,Mortgage,Debt_Consolidation,PhD,Single,1
103500,60,59496.0,20.0,16500.0,12.78,734.0,48,Mortgage,Home_Improvement,Bachelor,Married,0
103501,52,43076.0,13.0,27049.0,9.92,746.0,36,Own,Debt_Consolidation,Bachelor,Divorced,1
103502,43,53543.0,16.0,18161.0,14.99,685.0,36,Mortgage,Home_Improvement,High_School,Single,0
103503,23,24513.0,23.0,4326.0,15.72,684.0,48,Mortgage,Debt_Consolidation,High_School,Married,0
103504,32,100900.0,13.0,16315.0,11.36,690.0,60,Mortgage,Medical,High_School,Single,0
103505,29,48076.0,11.0,24534.0,13.25,657.0,60,Rent,Home_Improvement,Bachelor,Single,0
103506,47,38561.0,24.0,8439.0,10.63,566.0,36,Own,Debt_Consolidation,High_School,Married,0
103507,51,59581.0,26.0,4217.0,7.81,577.0,60,Own,Debt_Consolidation,Bachelor,Married,0
103508,31,34661.0,3.0,21158.0,11.57,718.0,36,Rent,Debt_Consolidation,PhD,Divorced,0
103509,46,82833.0,25.0,21945.0,9.77,762.0,60,Mortgage,Medical,Bachelor,Divorced,0
103510,49,93951.0,12.0,23593.0,11.54,671.0,60,Rent,Education,Master,Divorced,1
103511,22,76513.0,12.0,6152.0,11.17,759.0,60,Mortgage,Business,Master,Single,0
103512,41,126583.0,5.0,4747.0,10.39,800.0,36,Rent,Medical,Master,Married,0
103513,28,72689.0,12.0,2956.0,9.19,679.0,36,Mortgage,Home_Improvement,High_School,Single,0
103514,54,61082.0,19.0,10703.0,9.06,724.0,60,Mortgage,Debt_Consolidation,PhD,Single,0
103515,49,41447.0,10.0,15452.0,16.24,732.0,60,Rent,Debt_Consolidation,Bachelor,Single,0
103516,59,57848.0,21.0,14379.0,7.0,769.0,36,Rent,Medical,Master,Single,0
103517,35,43287.0,28.0,12834.0,7.24,761.0,72,Mortgage,Education,Bachelor,Single,0
103518,54,52380.0,10.0,10387.0,9.22,729.0,60,Mortgage,Debt_Consolidation,Master,Single,0
103519,56,44594.0,24.0,4034.0,13.3,686.0,60,Own,Education,High_School,Divorced,0
103520,53,143413.0,4.0,19634.0,18.39,698.0,36,Rent,Business,Bachelor,Married,1
103521,51,74481.0,8.0,13063.0,11.82,671.0,60,Rent,Home_Improvement,,Single,0
103522,41,47589.0,27.0,19006.0,10.16,703.0,36,Rent,Debt_Consolidation,Bachelor,Married,1
103523,63,44404.0,25.0,21476.0,18.74,674.0,36,Own,Medical,Bachelor,Single,1
103524,36,61931.0,11.0,18050.0,12.15,668.0,72,Rent,Debt_Consolidation,High_School,Married,1
103525,45,67693.0,7.0,12595.0,10.13,735.0,60,Rent,Medical,PhD,Single,0
103526,48,52337.0,15.0,28113.0,12.13,726.0,60,Rent,Medical,Master,Married,1
103527,43,73205.0,8.0,31362.0,11.5,843.0,72,Rent,Home_Improvement,Bachelor,Single,0
103528,49,56417.0,16.0,16935.0,10.02,654.0,36,Mortgage,Debt_Consolidation,Bachelor,Married,0
103529,56,69511.0,18.0,9857.0,9.56,815.0,36,Mortgage,Debt_Consolidation,Bachelor,Divorced,0
103530,46,65045.0,29.0,31307.0,4.0,599.0,36,Own,Debt_Consolidation,Bachelor,Divorced,1
103531,28,117990.0,26.0,14225.0,16.39,658.0,72,Mortgage,Medical,Bachelor,Single,1
103532,27,77754.0,7.0,17446.0,11.67,700.0,72,Mortgage,,High_School,Married,1
103533,64,40958.0,25.0,13341.0,9.32,660.0,36,Rent,Home_Improvement,Bachelor,Single,0
103534,23,99789.0,23.0,10318.0,5.55,615.0,60,Rent,Medical,High_School,Married,0
103535,37,91807.0,12.0,21176.0,8.61,661.0,60,Mortgage,Education,Master,Married,0
103536,44,55701.0,13.0,22971.0,13.9,592.0,72,Mortgage,Education,Bachelor,Married,1
103537,53,76442.0,17.0,18456.0,12.44,736.0,60,Rent,Home_Improvement,Bachelor,Married,1
103538,46,33581.0,30.0,7189.0,12.3,749.0,60,Mortgage,Business,Master,Married,0
103539,55,50758.0,17.0,28847.0,12.28,,60,Rent,Business,High_School,Single,1
103540,58,26523.0,8.0,19215.0,11.55,788.0,60,Rent,Debt_Consolidation,Bachelor,Married,0
103541,65,36772.0,22.0,37448.0,11.89,582.0,36,Mortgage,Medical,Bachelor,Married,1
103542,38,48942.0,26.0,34138.0,12.06,726.0,36,Rent,Medical,Bachelor,Single,1
103543,64,56316.0,4.0,13935.0,15.14,689.0,48,Mortgage,Debt_Consolidation,Master,Divorced,0
103544,61,28826.0,16.0,15953.0,8.12,641.0,60,Own,Medical,Bachelor,Married,0
103545,64,106707.0,4.0,23386.0,4.0,632.0,60,Rent,Home_Improvement,Bachelor,Single,0
103546,42,24564.0,19.0,13817.0,7.63,558.0,36,Rent,Debt_Consolidation,Master,Married,1
103547,40,118461.0,0.0,24127.0,9.68,758.0,36,Mortgage,Business,Master,Single,0
103548,57,27982.0,2.0,13841.0,10.13,704.0,36,Rent,Medical,High_School,Divorced,1
103549,55,46672.0,24.0,19492.0,10.77,708.0,60,Mortgage,Debt_Consolidation,Bachelor,Married,1
103550,52,76340.0,25.0,10810.0,10.96,823.0,48,Mortgage,Business,Bachelor,Married,0
103551,43,67088.0,8.0,16888.0,13.95,622.0,60,Mortgage,Debt_Consolidation,Bachelor,Single,1
103552,60,63330.0,6.0,12032.0,4.0,,60,Mortgage,Business,High_School,Single,0
103553,25,144259.0,11.0,26866.0,9.85,749.0,60,Rent,Home_Improvement,Bachelor,Single,0
103554,34,,24.0,18711.0,10.36,663.0,60,Mortgage,Medical,Master,Single,0
103555,59,62855.0,15.0,4939.0,12.3,698.0,72,Rent,Debt_Consolidation,Bachelor,Divorced,0
103556,48,37633.0,5.0,30242.0,6.47,713.0,60,Rent,Medical,Bachelor,Married,1
103557,49,73035.0,20.0,10362.0,13.8,673.0,36,Mortgage,Medical,Master,Married,0
103558,30,42354.0,22.0,23361.0,7.28,749.0,60,Mortgage,Business,Bachelor,Single,0
103559,39,80993.0,19.0,4514.0,13.41,733.0,48,Own,Home_Improvement,Bachelor,Single,0
103560,23,47577.0,1.0,8886.0,11.92,670.0,60,Own,Education,High_School,Single,0
103561,24,26522.0,1.0,25629.0,15.1,653.0,60,Rent,Debt_Consolidation,Master,Married,1
103562,49,54189.0,2.0,2000.0,12.04,711.0,60,Mortgage,Debt_Consolidation,Bachelor,Married,0
103563,30,99524.0,,3487.0,11.25,782.0,48,,Medical,High_School,Divorced,0
103564,63,86282.0,11.0,14341.0,12.24,697.0,72,Rent,Medical,Master,Single,0
103565,55,203559.0,14.0,30035.0,12.53,716.0,36,,Debt_Consolidation,Bachelor,Single,0
103566,59,65843.0,2.0,20052.0,10.71,704.0,48,Rent,Debt_Consolidation,Bachelor,Divorced,0
103567,49,34552.0,19.0,12630.0,13.83,693.0,72,Rent,Home_Improvement,Master,Divorced,1
103568,39,68422.0,,25578.0,9.92,804.0,72,Rent,Medical,Master,Single,1
103569,51,28400.0,13.0,16882.0,12.81,704.0,36,Mortgage,Home_Improvement,Bachelor,Married,1
103570,44,138267.0,16.0,8903.0,9.27,602.0,36,Mortgage,Debt_Consolidation,Bachelor,Married,0
103571,41,64507.0,27.0,6621.0,9.46,714.0,48,Own,Business,High_School,Married,0
103572,33,33875.0,0.0,16784.0,11.47,735.0,60,Mortgage,Debt_Consolidation,PhD,Single,1
103573,55,50337.0,6.0,17379.0,12.29,668.0,48,Rent,Debt_Consolidation,High_School,Single,0
103574,52,118750.0,24.0,26277.0,12.29,730.0,48,Rent,Debt_Consolidation,Master,Divorced,0
103575,42,70802.0,1.0,5187.0,7.2,667.0,60,Rent,Medical,Bachelor,Single,0
103576,52,150683.0,9.0,3903.0,13.52,790.0,72,Mortgage,Home_Improvement,High_School,Single,0
103577,57,37868.0,25.0,18767.0,8.37,692.0,36,,Debt_Consolidation,Bachelor,Married,0
103578,29,40173.0,26.0,9961.0,15.03,721.0,72,Rent,Debt_Consolidation,Master,Married,0
103579,46,82890.0,21.0,7352.0,,713.0,36,Mortgage,Education,Bachelor,Married,0
103580,58,48391.0,7.0,28798.0,14.69,679.0,48,Rent,Education,Bachelor,Married,1
103581,56,79169.0,10.0,16826.0,7.66,669.0,36,Own,Business,High_School,Single,0
103582,40,46370.0,6.0,24600.0,8.82,695.0,48,Mortgage,Debt_Consolidation,High_School,Single,0
103583,45,56938.0,19.0,20331.0,7.98,745.0,36,Own,Business,PhD,Divorced,1
103584,39,35922.0,14.0,23453.0,11.49,610.0,60,Rent,Education,Master,Married,1
103585,38,55751.0,23.0,33305.0,13.4,708.0,60,Rent,Business,Bachelor,Divorced,1
103586,36,42252.0,3.0,23210.0,15.01,699.0,36,Rent,Debt_Consolidation,Bachelor,Single,1
103587,41,126965.0,28.0,8029.0,9.12,724.0,60,Rent,Business,High_School,Single,0
103588,53,54579.0,23.0,28361.0,12.16,603.0,36,Mortgage,Debt_Consolidation,PhD,Married,1
103589,44,59710.0,18.0,22223.0,9.12,576.0,60,Rent,Home_Improvement,Bachelor,Single,0
103590,55,27307.0,9.0,11661.0,8.72,672.0,60,Rent,Medical,Bachelor,Single,0
103591,21,74508.0,18.0,33443.0,8.32,710.0,48,Rent,,High_School,Single,1
103592,55,37451.0,14.0,13372.0,11.43,,48,Own,Education,Bachelor,Married,0
103593,54,63544.0,23.0,17191.0,11.74,784.0,36,Mortgage,Medical,High_School,Single,0
103594,32,76344.0,22.0,8615.0,9.73,504.0,72,Rent,Debt_Consolidation,Bachelor,Single,0
103595,28,85545.0,27.0,18530.0,15.69,850.0,60,Mortgage,Debt_Consolidation,Bachelor,Married,0
103596,54,74810.0,13.0,16859.0,11.21,651.0,72,Rent,Debt_Consolidation,Bachelor,Divorced,0
103597,49,135645.0,2.0,18274.0,10.99,689.0,48,Rent,Debt_Consolidation,PhD,Single,1
103598,57,55674.0,23.0,14797.0,6.75,694.0,36,Own,Debt_Consolidation,Master,Divorced,0
103599,60,173194.0,27.0,10205.0,5.69,671.0,36,Rent,Home_Improvement,Master,Married,0
103600,23,87149.0,6.0,30915.0,11.12,648.0,36,Rent,Debt_Consolidation,Master,Divorced,1
103601,45,134656.0,6.0,15148.0,10.08,731.0,60,Mortgage,Medical,Bachelor,Divorced,0
103602,22,43645.0,23.0,15669.0,14.39,715.0,60,Rent,Business,PhD,Single,1
103603,22,37218.0,26.0,18436.0,5.58,673.0,36,Mortgage,Debt_Consolidation,High_School,Married,0
103604,64,57078.0,10.0,10188.0,10.79,669.0,72,Mortgage,Home_Improvement,High_School,Married,0
103605,58,58831.0,9.0,2000.0,8.28,704.0,36,,Debt_Consolidation,Master,Married,0
103606,57,83082.0,29.0,13521.0,12.4,649.0,48,Rent,Home_Improvement,Bachelor,Divorced,0
103607,53,52654.0,0.0,12782.0,7.62,636.0,60,Rent,Home_Improvement,Master,Divorced,1
103608,56,79625.0,0.0,19006.0,9.75,750.0,60,Mortgage,Home_Improvement,Master,Married,0
103609,35,110763.0,21.0,2000.0,12.61,730.0,36,Mortgage,Business,Bachelor,Single,0
103610,52,34005.0,12.0,3365.0,8.57,785.0,60,Mortgage,Medical,High_School,Divorced,0
103611,29,56757.0,15.0,16489.0,12.73,650.0,60,Rent,Debt_Consolidation,Bachelor,Married,0
103612,56,82396.0,3.0,4204.0,9.63,630.0,60,Own,Debt_Consolidation,Master,Divorced,0
103613,29,52926.0,6.0,25693.0,8.45,748.0,60,Rent,Home_Improvement,High_School,Single,0
103614,42,65023.0,7.0,6253.0,8.78,662.0,48,Rent,Business,Bachelor,Married,1
103615,33,92118.0,,24464.0,9.76,627.0,60,Mortgage,Home_Improvement,High_School,Single,1
103616,44,49487.0,29.0,8988.0,8.52,849.0,72,Rent,Medical,High_School,Single,0
103617,37,86433.0,21.0,8037.0,8.02,719.0,60,Own,Home_Improvement,High_School,Married,0
103618,53,43588.0,6.0,38330.0,9.0,644.0,72,Rent,Business,High_School,Married,1
103619,57,88556.0,4.0,2966.0,10.0,699.0,60,Rent,Home_Improvement,High_School,Single,1
103620,34,49817.0,21.0,12382.0,11.64,699.0,36,Rent,Home_Improvement,High_School,Married,0
103621,55,49130.0,30.0,19274.0,10.43,780.0,60,Rent,Business,Bachelor,Married,1
103622,59,28460.0,20.0,21708.0,6.63,626.0,60,Own,Debt_Consolidation,High_School,Single,0
103623,43,48618.0,6.0,9299.0,9.45,721.0,36,Own,Home_Improvement,Bachelor,Divorced,0
103624,47,27858.0,12.0,12286.0,7.63,627.0,60,Mortgage,Home_Improvement,Bachelor,Married,1
103625,47,108538.0,28.0,25763.0,5.47,692.0,48,Mortgage,Debt_Consolidation,Bachelor,Married,0
103626,64,116062.0,11.0,2744.0,9.48,730.0,36,Rent,Debt_Consolidation,Bachelor,Single,0
103627,59,52215.0,15.0,10043.0,11.93,611.0,36,Rent,Debt_Consolidation,Bachelor,Single,0
103628,38,20577.0,28.0,20772.0,9.48,656.0,36,Own,Debt_Consolidation,High_School,Married,0
103629,27,62920.0,19.0,12692.0,6.87,666.0,60,Own,Education,High_School,Single,0
103630,50,50216.0,9.0,15467.0,17.3,731.0,60,Mortgage,Debt_Consolidation,Bachelor,Married,0
103631,31,83768.0,1.0,2261.0,6.41,755.0,36,Rent,Medical,Bachelor,Single,0
103632,24,74376.0,2.0,15229.0,5.77,655.0,72,Own,Business,Bachelor,Single,1
103633,51,72299.0,17.0,7787.0,6.91,725.0,72,Own,Debt_Consolidation,Bachelor,Single,0
103634,51,41648.0,13.0,21443.0,13.55,660.0,36,Rent,Debt_Consolidation,High_School,Single,1
103635,40,64562.0,17.0,4760.0,10.92,730.0,48,Own,Education,Bachelor,Married,0
103636,62,69714.0,1.0,27377.0,5.49,,72,Mortgage,Business,Bachelor,Married,0
103637,33,130533.0,30.0,19563.0,8.35,582.0,36,Rent,Education,Bachelor,Married,0
103638,53,53775.0,14.0,13578.0,12.28,687.0,60,Rent,Home_Improvement,Bachelor,Married,0
103639,48,89700.0,15.0,2000.0,16.47,707.0,36,Rent,Home_Improvement,Master,Single,0
103640,48,99922.0,23.0,12905.0,10.35,658.0,36,Rent,Debt_Consolidation,High_School,Divorced,0
103641,21,64326.0,25.0,15689.0,5.98,784.0,60,,Debt_Consolidation,High_School,Single,0
103642,51,124874.0,16.0,22113.0,7.75,677.0,36,Own,Debt_Consolidation,High_School,Married,0
103643,24,83932.0,25.0,21538.0,8.73,742.0,48,Mortgage,Home_Improvement,High_School,Divorced,0
103644,35,32235.0,17.0,19071.0,11.13,769.0,36,Mortgage,Debt_Consolidation,Bachelor,Single,0
103645,30,45554.0,5.0,15584.0,12.98,766.0,60,Own,Debt_Consolidation,Bachelor,Married,0
103646,30,148361.0,5.0,24202.0,10.11,746.0,72,Rent,Education,Bachelor,Single,0
103647,49,107563.0,30.0,21351.0,11.77,676.0,60,Mortgage,Education,High_School,Divorced,1
103648,56,119687.0,27.0,15187.0,12.56,637.0,60,Mortgage,Business,Master,Married,0
103649,52,90227.0,4.0,2000.0,7.26,732.0,72,Mortgage,Business,Bachelor,Married,0
103650,63,56531.0,5.0,21250.0,14.98,660.0,60,Mortgage,Debt_Consolidation,Master,Single,1
103651,23,59246.0,18.0,27402.0,13.15,740.0,60,Mortgage,Debt_Consolidation,Bachelor,Single,1
103652,63,132939.0,28.0,18762.0,9.26,712.0,36,Rent,Business,Master,Married,0
103653,63,53096.0,7.0,30042.0,11.72,725.0,60,Mortgage,Education,Bachelor,Married,0
103654,59,56743.0,9.0,23936.0,6.41,692.0,60,Rent,Debt_Consolidation,High_School,Married,0
103655,54,124594.0,16.0,20099.0,15.49,670.0,60,Mortgage,Home_Improvement,High_School,Married,1
103656,59,34560.0,7.0,16697.0,12.98,693.0,36,Mortgage,Debt_Consolidation,Bachelor,Single,0
103657,53,106231.0,4.0,3049.0,8.98,725.0,36,Mortgage,Home_Improvement,Bachelor,Single,0
103658,63,51359.0,30.0,14799.0,11.91,811.0,60,Rent,Medical,Bachelor,Single,0
103659,61,117136.0,20.0,6388.0,13.72,812.0,36,Rent,Debt_Consolidation,Master,Single,0
103660,40,113617.0,2.0,24874.0,11.75,700.0,60,Mortgage,Debt_Consolidation,Bachelor,Single,1
103661,38,128175.0,12.0,16157.0,7.55,656.0,72,Mortgage,Education,Bachelor,Married,0
103662,39,47173.0,21.0,23405.0,9.95,681.0,48,Mortgage,Debt_Consolidation,Bachelor,Married,1
103663,26,51929.0,11.0,24868.0,11.11,786.0,60,Mortgage,Education,Bachelor,Married,1
103664,35,148775.0,10.0,7260.0,7.57,,60,Mortgage,Debt_Consolidation,High_School,Divorced,0
103665,24,45871.0,10.0,24828.0,8.83,696.0,60,Mortgage,Debt_Consolidation,High_School,Married,0
103666,28,72896.0,8.0,26340.0,9.03,764.0,72,Rent,Education,Bachelor,Single,1
103667,24,59589.0,24.0,16201.0,10.78,686.0,72,Rent,Debt_Consolidation,Bachelor,Single,0
103668,22,98026.0,,29496.0,11.14,748.0,48,Mortgage,Debt_Consolidation,Bachelor,Single,1
103669,52,53080.0,26.0,18186.0,8.11,708.0,36,Own,Home_Improvement,Bachelor,Divorced,0
103670,49,39064.0,27.0,29573.0,9.93,718.0,72,,Debt_Consolidation,High_School,Single,1
103671,35,89320.0,,2000.0,9.52,654.0,60,Mortgage,Home_Improvement,Master,Divorced,0
103672,53,32567.0,19.0,22342.0,12.18,639.0,60,Rent,Medical,PhD,Married,1
103673,42,59263.0,15.0,27454.0,10.4,791.0,36,Mortgage,Medical,Bachelor,Married,0
103674,42,38835.0,25.0,18424.0,16.57,635.0,36,Mortgage,Home_Improvement,Master,Married,1
103675,23,103176.0,20.0,16874.0,8.16,748.0,48,Mortgage,Debt_Consolidation,Bachelor,Single,0
103676,46,22578.0,9.0,7157.0,13.06,675.0,60,Rent,Debt_Consolidation,High_School,Married,0
103677,54,75303.0,10.0,14206.0,6.03,735.0,60,Mortgage,Home_Improvement,High_School,Married,0
103678,25,95157.0,6.0,29035.0,9.58,765.0,60,Rent,Business,Bachelor,Divorced,0
103679,52,29799.0,23.0,13796.0,8.95,703.0,36,Rent,Debt_Consolidation,Bachelor,Single,0
103680,52,52899.0,21.0,3014.0,13.17,707.0,36,Rent,Education,Master,Single,0
103681,38,117429.0,26.0,37372.0,5.33,641.0,36,Own,Business,Bachelor,Divorced,0
103682,61,37883.0,17.0,14358.0,4.88,688.0,36,Mortgage,Education,Bachelor,Married,0
103683,22,41326.0,6.0,2000.0,14.12,703.0,60,Rent,Education,Master,Single,0
103684,46,46083.0,17.0,19275.0,8.47,673.0,60,Own,Education,PhD,Divorced,0
103685,62,86961.0,16.0,15313.0,9.03,736.0,36,Rent,Debt_Consolidation,Bachelor,Single,0
103686,48,52236.0,7.0,35514.0,8.46,680.0,36,Mortgage,Business,Master,Single,1
103687,54,95480.0,12.0,24705.0,14.23,625.0,72,Rent,Education,Bachelor,Married,1
103688,53,41714.0,11.0,22700.0,9.66,667.0,36,Rent,Home_Improvement,Bachelor,Single,1
103689,39,72492.0,18.0,6211.0,12.65,627.0,36,Rent,Medical,Bachelor,Single,0
103690,60,65501.0,4.0,32371.0,5.18,690.0,60,Rent,Home_Improvement,Master,Single,0
103691,48,47638.0,30.0,29013.0,14.61,713.0,48,Rent,Debt_Consolidation,Bachelor,Single,0
103692,57,69445.0,18.0,11964.0,13.61,684.0,60,Mortgage,Business,High_School,Married,0
103693,35,79780.0,20.0,25184.0,12.55,723.0,72,Rent,Home_Improvement,Bachelor,Divorced,0
103694,51,86600.0,18.0,10081.0,13.68,749.0,72,Rent,Medical,PhD,Divorced,0
103695,64,103959.0,7.0,12742.0,10.18,770.0,60,Mortgage,Business,Master,Married,0
103696,34,102892.0,25.0,8511.0,9.39,641.0,60,Rent,Debt_Consolidation,Bachelor,Single,0
103697,23,100610.0,18.0,4071.0,6.15,707.0,60,Mortgage,Debt_Consolidation,High_School,Married,0
103698,55,70432.0,26.0,15295.0,13.59,750.0,60,Rent,Debt_Consolidation,Bachelor,Married,1
103699,22,45469.0,2.0,19686.0,10.39,587.0,60,Own,Business,Bachelor,Single,1
103700,22,65647.0,0.0,18812.0,11.47,737.0,48,Mortgage,Debt_Consolidation,Bachelor,Married,0
103701,24,100718.0,17.0,26884.0,9.29,678.0,36,Mortgage,Debt_Consolidation,Bachelor,Married,0
103702,34,67965.0,12.0,10550.0,10.68,657.0,60,Rent,Medical,Bachelor,Single,0
103703,33,45949.0,29.0,23689.0,5.73,628.0,36,Rent,Education,Bachelor,Single,0
103704,36,174880.0,3.0,30568.0,17.15,734.0,60,Rent,Business,PhD,Single,1
103705,40,80234.0,7.0,17057.0,11.16,679.0,72,Rent,Medical,Bachelor,Married,0
103706,48,94857.0,16.0,20122.0,15.02,,36,Mortgage,Education,Bachelor,Married,1
103707,39,68864.0,30.0,33909.0,11.53,708.0,60,Rent,Education,Bachelor,Single,0
103708,42,32622.0,7.0,8952.0,6.15,725.0,60,Rent,Home_Improvement,Bachelor,Married,1
103709,39,47363.0,27.0,30795.0,11.33,645.0,36,Mortgage,Education,Master,Married,1
103710,61,53697.0,12.0,28892.0,14.6,738.0,60,Mortgage,Debt_Consolidation,High_School,Single,0
103711,27,58462.0,13.0,7918.0,11.66,751.0,60,Own,Debt_Consolidation,High_School,Married,0
103712,38,52760.0,8.0,9201.0,14.4,613.0,36,Rent,Home_Improvement,Bachelor,Married,0
103713,44,82700.0,20.0,21547.0,13.31,669.0,60,Rent,Education,Bachelor,Single,0
103714,62,38000.0,1.0,11807.0,11.99,666.0,48,Rent,Home_Improvement,Bachelor,Married,1
103715,37,48634.0,28.0,19875.0,11.01,705.0,36,Own,Medical,Bachelor,Single,0
103716,51,85185.0,20.0,13570.0,17.13,743.0,36,Mortgage,Business,Master,Single,0
103717,52,105995.0,2.0,17929.0,17.32,744.0,36,Rent,Medical,Master,Single,1
103718,39,64674.0,19.0,8218.0,7.5,710.0,60,Mortgage,Medical,High_School,Married,0
103719,34,93782.0,28.0,25949.0,11.96,762.0,36,Own,Debt_Consolidation,High_School,Single,0
103720,56,85510.0,2.0,30857.0,6.84,686.0,60,Rent,Debt_Consolidation,Bachelor,Married,0
103721,22,77431.0,9.0,22809.0,10.61,579.0,60,Mortgage,Medical,Master,Single,0
103722,31,43686.0,23.0,39359.0,14.08,633.0,48,Own,Home_Improvement,Bachelor,Divorced,1
103723,48,78134.0,13.0,26527.0,7.37,642.0,60,Own,Debt_Consolidation,Master,Married,1
103724,61,18260.0,7.0,14275.0,12.06,644.0,36,Rent,Medical,PhD,Single,0
103725,31,36221.0,2.0,35434.0,15.35,656.0,60,Own,Debt_Consolidation,Bachelor,Single,0
103726,38,76790.0,3.0,27081.0,9.03,754.0,36,Rent,Home_Improvement,Bachelor,Single,1
103727,25,53570.0,27.0,28050.0,14.9,608.0,36,Rent,Debt_Consolidation,Bachelor,Married,1
103728,21,71468.0,4.0,25959.0,6.95,631.0,48,Rent,Debt_Consolidation,High_School,Divorced,1
103729,32,33562.0,5.0,20577.0,10.96,688.0,48,Rent,Home_Improvement,Bachelor,Single,0
103730,32,76457.0,10.0,24319.0,4.31,750.0,60,Rent,Home_Improvement,Bachelor,Married,1
103731,51,,16.0,9291.0,6.42,720.0,48,Own,Debt_Consolidation,Bachelor,Married,0
103732,44,100746.0,26.0,15005.0,12.64,598.0,60,Rent,Debt_Consolidation,Bachelor,Married,0
103733,24,75935.0,19.0,24359.0,10.38,773.0,48,Rent,Debt_Consolidation,Bachelor,Married,1
103734,41,75255.0,29.0,20790.0,11.56,667.0,48,Rent,Business,High_School,Married,0
103735,42,46117.0,22.0,20524.0,10.5,668.0,72,Mortgage,,Bachelor,Married,0
103736,29,132180.0,28.0,27616.0,7.09,779.0,72,Mortgage,Medical,High_School,Married,0
103737,44,44461.0,30.0,23625.0,10.77,763.0,36,Mortgage,Debt_Consolidation,High_School,Married,1
103738,26,50842.0,14.0,9705.0,12.52,673.0,72,Rent,Business,Bachelor,Divorced,0
103739,34,130020.0,2.0,11142.0,9.95,670.0,48,Rent,Medical,Bachelor,Married,0
103740,29,116553.0,17.0,19809.0,10.07,701.0,60,Rent,Medical,Bachelor,Married,0
103741,26,40902.0,28.0,12173.0,10.95,609.0,36,Mortgage,Business,High_School,Divorced,0
103742,34,59484.0,9.0,10803.0,9.64,,60,Mortgage,Home_Improvement,Bachelor,Single,1
103743,24,60335.0,21.0,33228.0,6.52,686.0,36,Own,Debt_Consolidation,PhD,Single,0
103744,39,38746.0,24.0,2790.0,9.78,617.0,36,Rent,Home_Improvement,PhD,Single,1
103745,62,88998.0,7.0,31631.0,12.45,663.0,36,Mortgage,Home_Improvement,Bachelor,Married,1
103746,63,32689.0,8.0,17404.0,4.2,736.0,36,Mortgage,Debt_Consolidation,High_School,Single,0
103747,21,70584.0,21.0,6071.0,7.65,689.0,48,Mortgage,Medical,Bachelor,Single,0
103748,63,98251.0,13.0,26584.0,10.88,630.0,60,Rent,Business,Bachelor,Married,1
103749,35,54009.0,9.0,18077.0,7.33,677.0,60,Own,Home_Improvement,Master,Divorced,0
103750,55,40289.0,12.0,11661.0,9.65,686.0,36,Rent,Debt_Consolidation,High_School,Married,0
103751,29,103552.0,23.0,19937.0,11.01,704.0,36,Rent,Debt_Consolidation,High_School,Single,1
103752,39,52070.0,4.0,16663.0,9.79,635.0,60,Rent,Debt_Consolidation,Bachelor,Married,0
103753,44,118116.0,25.0,33372.0,8.92,597.0,72,Mortgage,Home_Improvement,Bachelor,Single,1
103754,60,55839.0,16.0,19581.0,9.23,626.0,60,Mortgage,,Bachelor,Married,0
103755,35,71841.0,26.0,19954.0,15.11,636.0,36,Rent,Education,High_School,Married,1
103756,56,79795.0,16.0,21466.0,12.05,644.0,36,Rent,Debt_Consolidation,High_School,Married,1
103757,35,100675.0,30.0,28234.0,9.7,773.0,36,Rent,Business,Bachelor,Single,1
103758,44,,29.0,15399.0,13.19,828.0,48,Rent,Debt_Consolidation,High_School,Single,0
103759,30,59447.0,30.0,16262.0,10.76,663.0,48,Rent,Debt_Consolidation,High_School,Divorced,0
103760,30,64011.0,8.0,22555.0,6.7,745.0,60,Rent,Debt_Consolidation,PhD,Married,0
103761,62,17908.0,0.0,23784.0,13.12,707.0,72,Mortgage,Home_Improvement,Bachelor,Single,1
103762,64,29032.0,17.0,12757.0,10.59,642.0,48,Rent,Medical,Bachelor,Single,0
103763,57,43978.0,0.0,3604.0,9.36,660.0,36,Mortgage,Debt_Consolidation,Bachelor,Single,1
103764,44,144006.0,22.0,26212.0,10.61,667.0,60,Rent,Home_Improvement,Master,Single,1
103765,51,99073.0,22.0,25501.0,8.69,570.0,36,Rent,Education,Bachelor,Married,0
103766,35,58803.0,6.0,13753.0,10.31,659.0,60,Rent,Debt_Consolidation,Bachelor,Single,1
103767,61,35063.0,29.0,19618.0,11.68,800.0,72,,Business,Master,Married,1
103768,64,108904.0,29.0,20525.0,12.2,719.0,60,Rent,Education,Bachelor,Single,0
103769,37,114836.0,23.0,12382.0,14.89,811.0,72,Mortgage,Home_Improvement,Master,Single,0
103770,53,78417.0,19.0,20556.0,13.45,751.0,60,Mortgage,Home_Improvement,Bachelor,Divorced,0
103771,27,54982.0,6.0,8729.0,9.54,643.0,36,Mortgage,Debt_Consolidation,High_School,Married,0
103772,39,207500.0,16.0,12852.0,8.78,694.0,72,Mortgage,Medical,Bachelor,Single,0
103773,64,99521.0,14.0,6030.0,11.62,606.0,36,Mortgage,Education,PhD,Married,0
103774,63,102106.0,10.0,29377.0,8.33,631.0,36,Mortgage,Education,Bachelor,Married,0
103775,59,60141.0,8.0,12013.0,8.29,771.0,60,Rent,Debt_Consolidation,Master,Single,1
103776,47,87433.0,22.0,11124.0,9.48,747.0,72,Rent,Medical,Bachelor,Single,0
103777,59,76265.0,20.0,29209.0,8.23,750.0,60,Rent,Business,Bachelor,Married,0
103778,58,69819.0,13.0,19942.0,12.31,719.0,60,Rent,Business,Bachelor,Single,1
103779,39,82907.0,3.0,24218.0,12.36,685.0,60,Mortgage,Home_Improvement,High_School,Single,1
103780,32,63980.0,18.0,18982.0,12.15,573.0,36,Own,Debt_Consolidation,PhD,Single,0
103781,25,43229.0,1.0,24372.0,14.24,586.0,36,Rent,Business,Bachelor,Married,1
103782,43,123674.0,2.0,22487.0,4.64,653.0,48,Mortgage,Business,High_School,Single,0
103783,35,31186.0,30.0,28620.0,11.5,683.0,60,Rent,Debt_Consolidation,Master,Single,1
103784,57,91930.0,28.0,26238.0,14.73,713.0,36,Rent,Education,PhD,Single,0
103785,49,99514.0,17.0,22864.0,12.09,704.0,60,Rent,Debt_Consolidation,High_School,Single,0
103786,32,61223.0,7.0,12582.0,13.37,721.0,60,Rent,Education,Bachelor,Single,0
103787,50,109394.0,24.0,14205.0,4.68,649.0,72,Mortgage,Business,Bachelor,Married,0
103788,23,67946.0,30.0,19428.0,7.86,693.0,72,Own,Home_Improvement,Master,Single,0
103789,34,29014.0,10.0,19224.0,12.13,671.0,60,Rent,Home_Improvement,Bachelor,Married,1
103790,41,143607.0,17.0,8607.0,9.48,741.0,60,Mortgage,Debt_Consolidation,Bachelor,Single,0
103791,26,101630.0,9.0,9705.0,11.09,748.0,60,Mortgage,Debt_Consolidation,High_School,Single,1
103792,61,56060.0,26.0,36017.0,14.59,759.0,48,Own,Medical,Bachelor,Married,1
103793,63,48895.0,22.0,14650.0,14.26,654.0,36,Own,Medical,Bachelor,Married,0
103794,63,127919.0,3.0,34799.0,12.13,615.0,36,Rent,Debt_Consolidation,High_School,Married,1
103795,59,59092.0,12.0,6636.0,19.06,668.0,72,Rent,Medical,High_School,Married,0
103796,52,44021.0,30.0,22685.0,12.04,707.0,60,Rent,Debt_Consolidation,Bachelor,Single,0
103797,54,80308.0,14.0,13825.0,9.33,670.0,36,Mortgage,Debt_Consolidation,Bachelor,Single,0
103798,62,43562.0,24.0,10277.0,10.24,659.0,60,Rent,Medical,High_School,Divorced,0
103799,24,108796.0,1.0,18630.0,11.43,587.0,60,Mortgage,Medical,Bachelor,Single,0
103800,48,100017.0,22.0,20137.0,13.67,,60,Own,Home_Improvement,Master,Married,0
103801,30,25883.0,29.0,2836.0,8.77,622.0,60,Mortgage,Home_Improvement,Bachelor,Married,1
103802,59,110932.0,5.0,17139.0,10.54,744.0,48,Mortgage,Debt_Consolidation,Bachelor,Single,0
103803,50,83711.0,7.0,18697.0,8.74,703.0,60,Mortgage,Debt_Consolidation,Bachelor,Single,1
103804,27,41481.0,1.0,7842.0,9.93,714.0,36,Rent,Debt_Consolidation,Bachelor,Single,0
103805,36,56224.0,12.0,15761.0,6.2,740.0,36,Rent,Business,Bachelor,Single,1
103806,31,96285.0,12.0,15437.0,9.02,709.0,36,Mortgage,Education,High_School,Divorced,0
103807,38,51637.0,10.0,13068.0,19.22,755.0,36,Own,,PhD,Married,1
103808,31,90873.0,27.0,15066.0,9.23,614.0,60,Mortgage,Debt_Consolidation,High_School,Married,0
103809,47,50007.0,22.0,16255.0,11.9,748.0,36,Rent,Business,Bachelor,Married,1
103810,47,69324.0,24.0,12616.0,12.39,665.0,60,Rent,Education,High_School,Single,1
103811,59,135348.0,3.0,24563.0,17.06,686.0,60,Rent,Debt_Consolidation,Master,Married,1
103812,28,53849.0,2.0,33189.0,12.35,689.0,48,Rent,Medical,High_School,Single,1
103813,22,91314.0,26.0,11682.0,15.1,659.0,36,Rent,Business,Master,Single,0
103814,22,59147.0,1.0,13973.0,9.82,653.0,36,Mortgage,Home_Improvement,Bachelor,Married,1
103815,49,54846.0,21.0,35172.0,13.56,717.0,60,Rent,Debt_Consolidation,Bachelor,Single,1
103816,32,32754.0,19.0,23809.0,6.77,696.0,36,Rent,Home_Improvement,Bachelor,Single,0
103817,21,79939.0,4.0,8948.0,10.0,704.0,60,Mortgage,Debt_Consolidation,Bachelor,Single,0
103818,28,55291.0,0.0,16419.0,12.9,707.0,60,Mortgage,Education,High_School,Married,1
103819,61,58685.0,6.0,22026.0,14.59,686.0,36,Rent,Debt_Consolidation,Master,Single,0
103820,62,43808.0,2.0,30291.0,10.82,692.0,60,Rent,Home_Improvement,High_School,Single,1
103821,25,46946.0,21.0,40545.0,9.38,584.0,60,Mortgage,Debt_Consolidation,Bachelor,Divorced,1
103822,54,94225.0,23.0,31046.0,7.49,708.0,72,Rent,Business,Master,Divorced,1
103823,60,64859.0,1.0,24311.0,7.47,736.0,36,Rent,Home_Improvement,Master,Married,0
103824,52,110675.0,7.0,9566.0,8.96,574.0,60,Mortgage,Education,High_School,Divorced,0
103825,33,84242.0,6.0,13564.0,11.05,656.0,48,Rent,Debt_Consolidation,Master,Married,1
103826,44,45933.0,25.0,19442.0,13.05,837.0,60,Mortgage,Home_Improvement,Bachelor,Married,0
103827,27,146029.0,5.0,9878.0,14.87,696.0,60,Mortgage,Debt_Consolidation,Master,Married,0
103828,43,50529.0,16.0,26245.0,12.71,618.0,36,Mortgage,Debt_Consolidation,Bachelor,Married,1
103829,33,232716.0,14.0,29410.0,15.42,618.0,36,Mortgage,Debt_Consolidation,PhD,Single,1
103830,63,39609.0,21.0,8552.0,7.78,629.0,48,Rent,Debt_Consolidation,Master,Single,0
103831,54,100304.0,11.0,18233.0,17.33,685.0,36,Mortgage,Education,PhD,Married,0
103832,30,82100.0,14.0,33480.0,9.71,719.0,36,Mortgage,Debt_Consolidation,High_School,Married,1
103833,57,27304.0,3.0,10158.0,10.02,762.0,48,Own,Home_Improvement,Bachelor,Divorced,0
103834,59,73081.0,18.0,17937.0,5.87,685.0,36,Rent,Business,High_School,Divorced,0
103835,62,84144.0,3.0,7411.0,9.85,689.0,36,Rent,Home_Improvement,PhD,Married,0
103836,44,67516.0,18.0,6185.0,6.6,723.0,48,Own,Business,Master,Married,0
103837,47,44786.0,13.0,2000.0,5.35,778.0,48,Mortgage,Debt_Consolidation,Bachelor,Married,0
103838,58,85828.0,4.0,16745.0,13.64,798.0,60,Rent,Home_Improvement,Master,Divorced,0
103839,48,139471.0,21.0,21096.0,6.21,,60,Mortgage,Home_Improvement,Bachelor,Single,0
103840,47,60036.0,16.0,20906.0,6.79,739.0,72,Rent,Home_Improvement,Bachelor,Single,0
103841,31,65400.0,30.0,7218.0,13.57,733.0,60,Mortgage,Home_Improvement,High_School,Divorced,0
103842,39,34421.0,2.0,2000.0,11.11,603.0,36,Own,Debt_Consolidation,Bachelor,Married,1
103843,31,26684.0,30.0,21341.0,11.04,693.0,36,Mortgage,Home_Improvement,High_School,Married,0
103844,59,57523.0,14.0,25123.0,4.0,587.0,36,Mortgage,Home_Improvement,Bachelor,Married,0
103845,56,,17.0,15382.0,9.35,652.0,36,Mortgage,Debt_Consolidation,Bachelor,Married,0
103846,43,88178.0,30.0,23621.0,8.71,738.0,36,Own,Home_Improvement,Bachelor,Single,0
103847,42,82600.0,21.0,29155.0,18.35,659.0,60,Mortgage,Education,Bachelor,Married,1
103848,60,56654.0,14.0,7386.0,9.14,661.0,60,Own,Debt_Consolidation,High_School,Married,0
103849,63,68673.0,15.0,19936.0,7.08,712.0,36,Own,Debt_Consolidation,Bachelor,Single,0
103850,41,94269.0,3.0,19542.0,14.32,683.0,72,Mortgage,Education,Bachelor,Single,0
103851,52,106872.0,4.0,18379.0,4.77,727.0,36,Rent,Medical,PhD,Divorced,1
103852,23,98646.0,25.0,15093.0,4.83,640.0,48,Own,Education,High_School,Divorced,0
103853,47,122857.0,6.0,18674.0,9.91,664.0,48,Mortgage,Debt_Consolidation,Bachelor,Married,0
103854,60,30659.0,26.0,12504.0,8.81,734.0,60,Mortgage,Education,Bachelor,Married,0
103855,22,106114.0,29.0,17946.0,8.27,722.0,60,Rent,Debt_Consolidation,PhD,Married,0
103856,29,207364.0,11.0,19403.0,10.74,,36,Mortgage,Education,Bachelor,Divorced,0
103857,25,123160.0,14.0,25559.0,11.04,699.0,36,Rent,Debt_Consolidation,High_School,Single,1
103858,48,95453.0,11.0,25281.0,9.98,678.0,36,Mortgage,Medical,High_School,Single,1
103859,28,49784.0,16.0,15461.0,11.81,694.0,48,Mortgage,Home_Improvement,High_School,Married,0
103860,62,103893.0,23.0,28107.0,8.89,724.0,36,Own,Debt_Consolidation,Bachelor,Married,0
103861,50,66194.0,16.0,15523.0,5.99,735.0,36,Own,Debt_Consolidation,High_School,Single,0
103862,65,113913.0,0.0,16492.0,6.09,663.0,36,Rent,Debt_Consolidation,Bachelor,Single,1
103863,42,45329.0,11.0,11360.0,7.51,644.0,48,Rent,Education,High_School,Single,1
103864,42,65865.0,4.0,2390.0,5.13,695.0,36,Rent,Medical,Bachelor,Single,0
103865,30,111674.0,27.0,20330.0,4.0,713.0,60,Mortgage,Debt_Consolidation,High_School,Divorced,0
103866,24,108972.0,15.0,18680.0,15.48,783.0,36,Mortgage,Home_Improvement,High_School,Married,0
103867,27,52283.0,27.0,32088.0,7.54,740.0,36,Rent,Debt_Consolidation,Bachelor,Married,1
103868,64,50539.0,29.0,29480.0,7.88,674.0,36,Mortgage,Debt_Consolidation,Bachelor,Divorced,1
103869,55,73758.0,0.0,20686.0,8.87,804.0,60,Rent,,Master,Divorced,0
103870,64,56082.0,27.0,43954.0,4.0,657.0,60,Rent,Education,Bachelor,Single,0
103871,46,119266.0,2.0,27470.0,10.38,699.0,48,Mortgage,Business,Bachelor,Single,1
103872,54,48596.0,30.0,17042.0,14.09,657.0,48,Mortgage,Home_Improvement,Bachelor,Married,1
103873,24,120888.0,5.0,14916.0,5.91,742.0,60,Rent,Home_Improvement,Master,Single,0
103874,27,51394.0,18.0,10850.0,12.57,753.0,60,Rent,Home_Improvement,High_School,Single,0
103875,26,55321.0,29.0,3825.0,9.59,687.0,48,Mortgage,Debt_Consolidation,Bachelor,Married,0
103876,60,69976.0,20.0,5934.0,10.65,675.0,60,Rent,Education,Master,Single,0
103877,53,47120.0,12.0,21525.0,7.95,697.0,60,Mortgage,Education,Bachelor,Married,0
103878,59,165709.0,12.0,6385.0,9.12,742.0,36,Rent,Home_Improvement,Bachelor,Single,0
103879,54,27744.0,9.0,18068.0,12.1,743.0,36,Rent,Debt_Consolidation,Bachelor,Married,0
103880,26,61027.0,26.0,12799.0,9.99,718.0,72,Rent,Medical,High_School,Single,0
103881,31,31221.0,21.0,30098.0,11.26,617.0,72,Mortgage,Debt_Consolidation,High_School,Married,1
103882,41,40979.0,2.0,18426.0,8.57,653.0,36,Mortgage,Debt_Consolidation,Bachelor,Married,0
103883,28,79159.0,20.0,2000.0,17.57,718.0,60,Rent,Education,Bachelor,Single,0
103884,27,51983.0,27.0,26313.0,16.17,641.0,72,Mortgage,Debt_Consolidation,Master,Single,1
103885,65,30514.0,6.0,31395.0,5.52,775.0,48,Rent,Medical,High_School,Single,0
103886,64,47663.0,24.0,21950.0,13.89,755.0,36,Rent,Debt_Consolidation,Bachelor,Divorced,1
103887,37,54194.0,19.0,4573.0,12.93,648.0,60,Rent,Home_Improvement,Master,Single,0
103888,31,66437.0,23.0,12171.0,16.57,728.0,48,Mortgage,Business,Master,Single,0
103889,53,50979.0,10.0,14281.0,10.14,615.0,60,Rent,Education,Bachelor,Single,0
103890,22,56317.0,10.0,13149.0,7.41,823.0,60,Rent,Debt_Consolidation,High_School,Divorced,0
103891,61,50053.0,10.0,16501.0,11.08,625.0,36,Mortgage,Debt_Consolidation,Bachelor,Married,1
103892,51,51771.0,10.0,25201.0,14.07,756.0,36,Own,Home_Improvement,Bachelor,Married,1
103893,53,84121.0,30.0,9473.0,10.77,698.0,48,Own,Debt_Consolidation,Bachelor,Married,0
103894,57,74257.0,,17012.0,9.66,698.0,60,Rent,Business,Master,Single,1
103895,24,22018.0,15.0,6458.0,13.64,850.0,60,Rent,Home_Improvement,Master,Divorced,0
103896,25,77564.0,5.0,23629.0,10.04,693.0,60,Rent,Debt_Consolidation,Bachelor,Single,1
103897,57,69842.0,10.0,30859.0,14.71,660.0,60,Rent,Home_Improvement,Master,Married,1
103898,28,39852.0,24.0,17461.0,,705.0,60,Own,Medical,Master,Single,0
103899,54,45674.0,26.0,17039.0,6.75,726.0,36,Mortgage,Debt_Consolidation,PhD,Divorced,0
103900,55,95008.0,19.0,17883.0,7.89,737.0,60,Rent,Debt_Consolidation,PhD,Single,1
103901,59,50875.0,30.0,2000.0,7.65,690.0,48,Mortgage,Debt_Consolidation,Bachelor,Divorced,1
103902,57,47814.0,10.0,17588.0,9.31,672.0,48,Rent,Medical,High_School,Single,0
103903,30,43250.0,23.0,20955.0,11.49,697.0,72,Own,Debt_Consolidation,Master,Married,0
103904,49,69571.0,26.0,13909.0,13.55,653.0,72,Rent,Debt_Consolidation,Bachelor,Married,1
103905,56,49688.0,0.0,35040.0,13.6,648.0,60,Mortgage,Education,Master,Divorced,1
103906,40,68156.0,29.0,2000.0,6.87,746.0,36,Rent,Home_Improvement,High_School,Divorced,0
103907,23,,15.0,31204.0,8.99,,60,Own,Business,Bachelor,Single,0
103908,28,182793.0,0.0,14015.0,14.04,619.0,60,Mortgage,Education,High_School,Divorced,1
103909,50,198683.0,19.0,17443.0,14.09,642.0,36,Mortgage,Home_Improvement,Bachelor,Married,0
103910,52,191346.0,6.0,17546.0,8.23,634.0,60,Mortgage,Debt_Consolidation,High_School,Married,0
103911,45,56972.0,21.0,19887.0,14.47,744.0,60,Mortgage,Debt_Consolidation,Bachelor,Married,0
103912,50,136827.0,5.0,11813.0,5.12,686.0,36,Mortgage,Education,Bachelor,Single,0
103913,46,45007.0,,25243.0,9.07,685.0,48,Mortgage,Education,PhD,Married,0
103914,22,147135.0,27.0,19570.0,9.06,703.0,36,Rent,Home_Improvement,Bachelor,Single,1
103915,36,59821.0,14.0,13070.0,11.66,587.0,60,Mortgage,Home_Improvement,Bachelor,Married,0
103916,23,98586.0,24.0,14744.0,8.1,724.0,72,Rent,Medical,Master,Single,0
103917,48,122395.0,23.0,13658.0,9.23,656.0,60,Own,Debt_Consolidation,Bachelor,Married,0
103918,58,68351.0,12.0,13009.0,8.65,707.0,36,Rent,Debt_Consolidation,Bachelor,Single,0
103919,51,84944.0,,6703.0,4.0,661.0,36,Mortgage,Home_Improvement,High_School,Married,0
103920,56,89790.0,28.0,17935.0,11.54,671.0,60,Own,Home_Improvement,Master,Single,0
103921,60,38141.0,21.0,30351.0,4.67,732.0,48,Own,Home_Improvement,Bachelor,Single,0
103922,22,62825.0,5.0,18776.0,8.27,720.0,60,Mortgage,Medical,Bachelor,Married,1
103923,59,51535.0,15.0,24972.0,12.45,715.0,60,Rent,Medical,Bachelor,Married,1
103924,34,92945.0,0.0,19940.0,12.3,694.0,48,Mortgage,Education,Bachelor,Married,1
103925,47,129892.0,26.0,16300.0,7.6,632.0,36,Rent,Home_Improvement,Bachelor,Single,0
103926,41,36770.0,13.0,9094.0,15.46,600.0,48,Rent,Debt_Consolidation,Bachelor,Married,0
103927,58,71825.0,16.0,2000.0,12.47,663.0,36,Mortgage,Medical,,Single,0
103928,49,105306.0,2.0,33268.0,8.32,684.0,60,Rent,Debt_Consolidation,Master,Single,0
103929,26,95925.0,17.0,11515.0,10.21,771.0,36,Mortgage,Medical,High_School,Single,0
103930,54,97996.0,29.0,10301.0,13.61,701.0,60,Rent,Debt_Consolidation,Bachelor,Married,0
103931,57,75402.0,20.0,27699.0,11.11,632.0,36,Mortgage,Medical,High_School,Single,1
103932,24,43011.0,16.0,18153.0,14.39,636.0,60,Rent,Business,Bachelor,Single,1
103933,38,68570.0,18.0,13440.0,8.05,812.0,48,Rent,Education,Bachelor,Married,0
103934,65,53546.0,13.0,16522.0,13.75,679.0,36,Mortgage,Debt_Consolidation,Bachelor,Married,0
103935,40,130554.0,1.0,37934.0,13.98,672.0,48,Mortgage,Education,High_School,Married,1
103936,52,53554.0,13.0,16945.0,9.32,742.0,60,Rent,Debt_Consolidation,High_School,Single,0
103937,48,24267.0,28.0,9206.0,7.69,656.0,60,Rent,Debt_Consolidation,Bachelor,Single,1
103938,65,74608.0,23.0,23029.0,9.13,721.0,36,Mortgage,Home_Improvement,High_School,Single,0
103939,45,92180.0,20.0,16808.0,12.22,658.0,60,Own,Education,High_School,Single,0
103940,27,94727.0,27.0,23003.0,14.72,778.0,72,Mortgage,Home_Improvement,Bachelor,Divorced,0
103941,39,52695.0,4.0,29947.0,13.36,772.0,72,Rent,Business,Bachelor,Single,1
103942,23,64771.0,1.0,21169.0,16.48,717.0,72,Rent,Debt_Consolidation,High_School,Married,1
103943,59,17321.0,13.0,21862.0,9.13,617.0,36,Rent,Debt_Consolidation,Master,Married,0
103944,35,54218.0,5.0,31415.0,15.45,584.0,36,Rent,Debt_Consolidation,Bachelor,Single,1
103945,39,61320.0,12.0,19455.0,5.92,722.0,60,Mortgage,Home_Improvement,Master,Single,1
103946,28,36301.0,7.0,8006.0,9.23,699.0,36,Own,Debt_Consolidation,Bachelor,Married,0
103947,62,163635.0,1.0,2000.0,6.01,746.0,60,Mortgage,Medical,Master,Single,0
103948,54,51221.0,29.0,23076.0,11.69,687.0,36,Rent,Medical,Bachelor,Married,0
103949,32,42451.0,4.0,2000.0,10.27,674.0,48,Own,Debt_Consolidation,Master,Married,0
103950,26,67451.0,5.0,19608.0,8.74,669.0,36,Rent,Education,Bachelor,Single,0
103951,26,39262.0,4.0,26476.0,15.7,728.0,36,Rent,Medical,High_School,Single,1
103952,33,52332.0,14.0,9454.0,11.57,758.0,48,Mortgage,Medical,Master,Married,0
103953,33,71140.0,14.0,13418.0,8.7,755.0,72,Own,Debt_Consolidation,Master,Single,1
103954,46,124530.0,30.0,25294.0,13.54,611.0,36,Mortgage,Debt_Consolidation,High_School,Married,1
103955,31,79638.0,10.0,29948.0,,672.0,48,Rent,Debt_Consolidation,Bachelor,Single,1
103956,52,,24.0,20966.0,9.87,827.0,60,Rent,Debt_Consolidation,Bachelor,Single,0
103957,51,121719.0,4.0,6553.0,6.79,588.0,60,Mortgage,Medical,Bachelor,Divorced,1
103958,32,34394.0,7.0,19028.0,11.03,695.0,36,Rent,Debt_Consolidation,Bachelor,Single,0
103959,25,31712.0,18.0,25362.0,16.68,735.0,36,Mortgage,Home_Improvement,Bachelor,Single,1
103960,25,89595.0,23.0,13177.0,10.54,701.0,60,Mortgage,Medical,Bachelor,Married,0
103961,48,51116.0,4.0,22671.0,10.83,633.0,36,Mortgage,Business,Master,Married,1
103962,48,80845.0,2.0,26737.0,14.38,686.0,36,Rent,Education,High_School,Single,1
103963,62,58420.0,5.0,34604.0,13.84,627.0,36,Own,Business,High_School,Single,1
103964,28,82420.0,15.0,19882.0,12.48,823.0,60,Own,Debt_Consolidation,Bachelor,Single,0
103965,35,47652.0,14.0,18411.0,11.1,761.0,60,Own,Education,Master,Single,0
103966,34,47449.0,1.0,12790.0,8.01,686.0,60,Rent,Medical,Bachelor,Married,0
103967,27,60940.0,28.0,29649.0,15.21,679.0,48,Rent,Debt_Consolidation,Bachelor,Divorced,0
103968,39,118804.0,17.0,25791.0,10.48,725.0,60,Rent,Debt_Consolidation,,Divorced,0
103969,48,35557.0,2.0,11327.0,13.44,609.0,60,Mortgage,Home_Improvement,High_School,Single,0
103970,26,61605.0,26.0,24229.0,9.54,724.0,72,Rent,Business,PhD,Married,0
103971,29,39671.0,10.0,2000.0,16.53,740.0,60,Mortgage,Home_Improvement,Master,Married,0
103972,24,73816.0,5.0,15950.0,12.3,748.0,36,Mortgage,Debt_Consolidation,Master,Divorced,0
103973,52,62311.0,24.0,25077.0,11.3,622.0,60,Rent,Home_Improvement,Master,Single,0
103974,23,76602.0,7.0,28656.0,6.85,664.0,48,Rent,Education,Master,Married,0
103975,51,87668.0,30.0,18162.0,11.5,664.0,36,Own,Debt_Consolidation,Bachelor,Single,0
103976,51,68041.0,25.0,8495.0,10.72,789.0,48,Rent,Debt_Consolidation,Master,Single,0
103977,63,47924.0,26.0,31035.0,12.12,684.0,48,Mortgage,Business,Master,Single,1
103978,27,29745.0,29.0,32537.0,7.83,653.0,36,Rent,Debt_Consolidation,Bachelor,Married,1
103979,27,43311.0,5.0,2661.0,9.78,768.0,60,Mortgage,Education,Bachelor,Single,0
103980,31,58786.0,3.0,24696.0,12.43,709.0,48,,Debt_Consolidation,Bachelor,Single,0
103981,44,78528.0,9.0,28600.0,10.2,705.0,60,Rent,Debt_Consolidation,Master,Single,0
103982,34,133295.0,19.0,43093.0,4.73,646.0,36,Rent,Debt_Consolidation,Bachelor,Single,0
103983,40,83733.0,13.0,16046.0,14.52,660.0,60,Rent,Business,Bachelor,Single,0
103984,54,35936.0,17.0,21356.0,6.88,736.0,60,Mortgage,Home_Improvement,High_School,Married,0
103985,33,49658.0,21.0,10362.0,13.62,630.0,60,Rent,Business,Bachelor,Married,1
103986,62,120748.0,7.0,19521.0,12.5,703.0,60,Own,Medical,Bachelor,Married,0
103987,62,76569.0,29.0,25671.0,10.04,655.0,36,Own,,Bachelor,Single,1
103988,42,134135.0,15.0,20049.0,9.21,746.0,60,Mortgage,Debt_Consolidation,High_School,Single,0
103989,64,39868.0,14.0,9364.0,12.26,721.0,36,Mortgage,Debt_Consolidation,Bachelor,Single,0
103990,57,20346.0,10.0,3408.0,7.3,696.0,60,Rent,Home_Improvement,High_School,Married,0
103991,47,37290.0,,20866.0,16.86,747.0,36,Rent,Education,Master,Married,0
103992,63,65435.0,16.0,24908.0,5.56,668.0,48,Mortgage,Debt_Consolidation,Master,Single,0
103993,43,86544.0,20.0,8395.0,9.6,668.0,60,Rent,Medical,Bachelor,Single,0
103994,40,73834.0,7.0,19600.0,9.29,737.0,60,Rent,Medical,Bachelor,Single,0
103995,57,175966.0,28.0,27734.0,9.13,667.0,60,Rent,Home_Improvement,Bachelor,Married,0
103996,63,40241.0,4.0,28326.0,9.05,,60,Mortgage,Home_Improvement,Master,Single,0
103997,46,95919.0,20.0,25874.0,10.69,557.0,60,Mortgage,Debt_Consolidation,Bachelor,Married,0
103998,35,80488.0,21.0,19327.0,6.92,737.0,60,Mortgage,Business,High_School,Divorced,0
103999,57,50863.0,2.0,22153.0,13.34,704.0,48,Mortgage,Home_Improvement,Master,Married,1
104000,61,89654.0,2.0,20851.0,8.6,712.0,48,Rent,Debt_Consolidation,Bachelor,Married,1
104001,56,34825.0,15.0,29435.0,9.8,699.0,60,Mortgage,Debt_Consolidation,Bachelor,Married,0
104002,55,73295.0,9.0,35395.0,4.0,629.0,36,Rent,Debt_Consolidation,Bachelor,Divorced,0
104003,53,72720.0,15.0,17945.0,9.2,785.0,60,Rent,Home_Improvement,High_School,Married,0
104004,53,36469.0,28.0,27411.0,9.65,699.0,60,Mortgage,Home_Improvement,High_School,Married,1
104005,51,35768.0,20.0,12456.0,7.3,682.0,60,Rent,Education,High_School,Married,0
104006,32,69191.0,11.0,12318.0,9.64,679.0,36,Mortgage,Home_Improvement,Bachelor,Single,0
104007,29,80766.0,17.0,20605.0,7.07,705.0,60,Mortgage,Debt_Consolidation,Master,Married,0
104008,63,92026.0,16.0,24682.0,4.0,721.0,60,Rent,Debt_Consolidation,High_School,Single,0
104009,56,123604.0,22.0,17530.0,13.8,818.0,36,Rent,Debt_Consolidation,Bachelor,Married,0
104010,35,82126.0,2.0,28924.0,10.92,747.0,48,Own,Debt_Consolidation,Bachelor,Single,0
104011,41,67839.0,14.0,23794.0,9.63,636.0,60,Rent,Home_Improvement,Bachelor,Single,0
104012,42,39987.0,29.0,19544.0,13.16,734.0,60,Rent,Debt_Consolidation,Bachelor,Married,1
104013,47,54994.0,1.0,18143.0,6.31,667.0,60,Mortgage,Business,Master,Single,0
104014,46,62359.0,14.0,8436.0,,596.0,36,Rent,Business,High_School,Single,1
104015,21,35601.0,11.0,14830.0,5.54,729.0,60,Mortgage,Debt_Consolidation,PhD,Married,0
104016,61,56241.0,26.0,4431.0,17.47,728.0,36,Mortgage,Education,High_School,Single,0
104017,51,65570.0,23.0,19364.0,10.24,624.0,72,Rent,Education,Bachelor,Single,1
104018,51,56047.0,0.0,13948.0,12.06,793.0,72,Rent,Business,High_School,Single,0
104019,22,89380.0,21.0,25753.0,14.82,709.0,36,Own,Home_Improvement,Bachelor,Single,1
104020,39,75041.0,12.0,2403.0,10.49,731.0,60,Mortgage,Business,Master,Single,0
104021,26,48795.0,16.0,26022.0,11.48,625.0,36,Own,Business,Master,Single,0
104022,23,,0.0,22798.0,10.32,648.0,72,Mortgage,Debt_Consolidation,Master,Single,1
104023,26,88042.0,23.0,20338.0,9.63,758.0,72,Rent,Business,Master,Married,0
104024,62,78419.0,0.0,21173.0,14.63,712.0,48,Own,Business,High_School,Single,1
104025,63,84016.0,26.0,15462.0,6.59,715.0,60,Rent,Home_Improvement,Bachelor,Married,0
104026,28,58823.0,25.0,12851.0,9.84,720.0,60,Mortgage,Medical,High_School,Single,0
104027,49,83447.0,27.0,18277.0,12.3,827.0,36,Mortgage,Home_Improvement,,Married,0
104028,62,38640.0,18.0,12485.0,4.65,654.0,36,Mortgage,Debt_Consolidation,High_School,Married,0
104029,64,68289.0,12.0,11312.0,8.21,691.0,60,Rent,Debt_Consolidation,Bachelor,Married,0
104030,33,51037.0,4.0,18528.0,9.69,781.0,60,Rent,Medical,Bachelor,Married,0
104031,35,78298.0,30.0,32114.0,7.88,772.0,60,Mortgage,Debt_Consolidation,Bachelor,Married,0
104032,64,83101.0,21.0,5797.0,5.09,716.0,72,Rent,Business,PhD,Divorced,0
104033,34,52365.0,15.0,24771.0,5.57,664.0,36,Mortgage,Home_Improvement,High_School,Single,0
104034,28,32441.0,7.0,25082.0,11.35,751.0,36,Own,Home_Improvement,Bachelor,Single,0
104035,29,54787.0,9.0,9888.0,10.45,676.0,48,Own,Business,Master,Married,0
104036,21,27854.0,24.0,12487.0,10.77,807.0,60,Rent,Business,High_School,Single,0
104037,35,61584.0,18.0,18641.0,11.1,615.0,36,Rent,Business,Master,Married,1
104038,40,64172.0,12.0,31281.0,7.83,669.0,60,Rent,Debt_Consolidation,High_School,Single,0
104039,23,103613.0,25.0,12127.0,7.99,840.0,60,Rent,Home_Improvement,High_School,Single,0
104040,27,61569.0,27.0,11314.0,12.0,741.0,48,Own,Debt_Consolidation,Bachelor,Married,0
104041,55,28236.0,1.0,15089.0,8.93,782.0,60,Mortgage,Education,Bachelor,Single,1
104042,51,62006.0,5.0,30820.0,12.81,705.0,36,Mortgage,Business,High_School,Single,1
104043,56,36571.0,3.0,28305.0,13.23,725.0,60,Own,Debt_Consolidation,Bachelor,Single,1
104044,42,110133.0,17.0,4490.0,12.01,665.0,60,Own,Debt_Consolidation,Master,Single,0
104045,37,85288.0,3.0,17781.0,14.33,724.0,48,Rent,Debt_Consolidation,Master,Divorced,1
104046,23,52542.0,23.0,20579.0,12.35,689.0,60,Mortgage,Medical,Bachelor,Married,0
104047,40,39656.0,8.0,11517.0,7.13,726.0,36,Mortgage,Debt_Consolidation,Bachelor,Married,0
104048,40,43180.0,14.0,21739.0,8.81,637.0,60,Rent,Debt_Consolidation,High_School,Single,1
104049,57,74648.0,0.0,28823.0,6.59,730.0,60,Rent,Debt_Consolidation,Master,Divorced,0
104050,24,77114.0,6.0,31946.0,5.97,791.0,36,Rent,Business,Bachelor,Single,0
104051,57,57193.0,17.0,15521.0,6.85,788.0,60,Own,Debt_Consolidation,Bachelor,Married,0
104052,23,36675.0,2.0,7172.0,13.2,650.0,36,Mortgage,Education,Master,Single,0
104053,31,40843.0,3.0,32086.0,10.28,575.0,60,Mortgage,Home_Improvement,Bachelor,Married,1
104054,65,49681.0,15.0,27286.0,12.14,691.0,60,Mortgage,Debt_Consolidation,Bachelor,Single,1
104055,30,74142.0,11.0,17592.0,4.1,638.0,36,Own,Education,Master,Single,0
104056,29,32267.0,10.0,9068.0,12.27,690.0,36,Rent,Debt_Consolidation,Master,Married,0
104057,59,44731.0,8.0,37509.0,10.62,650.0,60,Rent,Business,Bachelor,Married,1
104058,39,76333.0,8.0,22189.0,7.1,735.0,60,Rent,Debt_Consolidation,High_School,Single,0
104059,54,56502.0,20.0,33146.0,7.7,722.0,36,Rent,Education,Master,Divorced,0
104060,21,31201.0,13.0,17924.0,10.42,710.0,36,Rent,Education,Bachelor,Single,0
104061,37,49071.0,29.0,25472.0,11.03,748.0,36,Own,Home_Improvement,Bachelor,Single,1
104062,47,39561.0,27.0,17904.0,12.15,670.0,60,Mortgage,Home_Improvement,Master,Married,0
104063,55,80482.0,1.0,15602.0,12.2,726.0,72,Rent,Debt_Consolidation,High_School,Single,0
104064,27,77326.0,30.0,21043.0,7.77,664.0,36,Rent,Debt_Consolidation,Master,Married,0
104065,36,132994.0,9.0,31044.0,8.12,684.0,60,Rent,Business,High_School,Married,1
104066,37,106448.0,7.0,12960.0,5.72,700.0,60,Rent,Debt_Consolidation,Bachelor,Married,0
104067,58,81286.0,12.0,18366.0,4.0,731.0,36,Rent,Education,High_School,Married,0
104068,34,30835.0,18.0,21185.0,6.7,705.0,48,Rent,Debt_Consolidation,High_School,Single,0
104069,62,79711.0,24.0,2000.0,11.3,711.0,36,Rent,Debt_Consolidation,Bachelor,Married,0
104070,65,111410.0,14.0,2000.0,9.63,623.0,60,Own,Home_Improvement,High_School,Single,0
104071,57,83675.0,27.0,7028.0,15.96,723.0,36,Rent,Debt_Consolidation,Bachelor,Married,0
104072,54,31632.0,19.0,16062.0,9.43,716.0,72,Rent,Debt_Consolidation,Bachelor,Divorced,0
104073,57,91834.0,20.0,13104.0,10.25,726.0,36,Mortgage,Debt_Consolidation,Bachelor,Married,0
104074,49,76893.0,21.0,22868.0,4.84,664.0,36,Rent,Home_Improvement,Master,Married,0
104075,30,139712.0,15.0,15139.0,11.8,716.0,60,Mortgage,Debt_Consolidation,Bachelor,Single,0
104076,62,39849.0,11.0,31552.0,12.23,740.0,36,Mortgage,Business,Bachelor,Divorced,1
104077,58,144946.0,9.0,11207.0,13.56,645.0,60,Rent,Home_Improvement,High_School,Single,0
104078,50,86949.0,7.0,21498.0,10.04,685.0,36,Own,Home_Improvement,High_School,Single,0
104079,46,74555.0,7.0,5859.0,10.46,695.0,36,Rent,Education,Bachelor,Married,1
104080,63,60471.0,21.0,19761.0,10.75,740.0,36,Mortgage,Home_Improvement,Bachelor,Married,0
104081,33,56184.0,13.0,9117.0,8.92,773.0,60,Rent,Education,PhD,Married,0
104082,35,47319.0,4.0,29391.0,8.79,729.0,36,Own,Business,Bachelor,Single,1
104083,62,43081.0,2.0,8785.0,13.9,719.0,36,Rent,Home_Improvement,Bachelor,Married,0
104084,22,90647.0,12.0,28121.0,11.58,679.0,36,Mortgage,Medical,Bachelor,Married,0
104085,44,30417.0,14.0,20032.0,10.94,697.0,48,Rent,Debt_Consolidation,Master,Divorced,0
104086,32,86488.0,20.0,5961.0,10.5,670.0,60,Mortgage,Debt_Consolidation,Bachelor,Married,0
104087,37,79524.0,27.0,10621.0,10.78,653.0,36,Own,Debt_Consolidation,Master,Married,0
104088,36,89741.0,22.0,18416.0,9.77,691.0,60,Rent,Debt_Consolidation,Bachelor,Married,0
104089,50,42012.0,30.0,14177.0,9.75,666.0,48,Mortgage,Debt_Consolidation,Bachelor,Divorced,0
104090,25,68090.0,7.0,29934.0,11.48,642.0,36,Mortgage,Debt_Consolidation,High_School,Married,1
104091,42,141852.0,9.0,27113.0,13.04,636.0,60,Mortgage,Business,High_School,Single,0
104092,41,53145.0,20.0,30877.0,11.64,756.0,60,Rent,Home_Improvement,High_School,Married,0
104093,22,48997.0,17.0,17071.0,9.63,633.0,72,Mortgage,Debt_Consolidation,Bachelor,Single,1
104094,43,84802.0,13.0,22885.0,8.53,732.0,60,Mortgage,Home_Improvement,High_School,Single,0
104095,33,57038.0,3.0,13424.0,4.0,606.0,60,Mortgage,Education,Bachelor,Single,0
104096,41,36782.0,21.0,13026.0,7.63,615.0,60,Rent,Debt_Consolidation,Bachelor,Single,1
104097,61,103032.0,21.0,26118.0,14.39,794.0,36,Rent,Debt_Consolidation,Master,Single,1
104098,27,55450.0,4.0,14918.0,9.19,682.0,36,Rent,Debt_Consolidation,Bachelor,Single,1
104099,36,51055.0,13.0,10052.0,16.04,647.0,36,Rent,Debt_Consolidation,High_School,Single,1
104100,53,24961.0,26.0,26105.0,6.45,630.0,72,Rent,Education,High_School,Married,0
104101,56,76377.0,5.0,19254.0,10.72,701.0,72,Mortgage,Business,High_School,Single,0
104102,57,63867.0,22.0,21007.0,12.05,783.0,36,Mortgage,Debt_Consolidation,High_School,Married,0
104103,63,82369.0,15.0,20747.0,10.49,726.0,36,Rent,Medical,PhD,Married,0
104104,53,71734.0,14.0,22139.0,4.2,708.0,36,Mortgage,Education,Bachelor,Married,0
104105,42,63710.0,22.0,39618.0,4.48,733.0,36,Mortgage,Medical,Bachelor,Married,0
104106,40,75654.0,20.0,12719.0,9.18,642.0,48,Own,Home_Improvement,Bachelor,Married,0
104107,56,40814.0,6.0,2794.0,9.57,693.0,36,Mortgage,Debt_Consolidation,Bachelor,Married,0
104108,34,82432.0,12.0,14730.0,11.73,746.0,60,Rent,Debt_Consolidation,High_School,Married,0
104109,26,45878.0,11.0,25440.0,10.87,590.0,72,Own,Business,Master,Single,0
104110,35,60637.0,2.0,12517.0,7.34,612.0,72,Mortgage,Medical,Bachelor,Single,0
104111,39,39985.0,16.0,22013.0,7.69,703.0,48,Rent,Debt_Consolidation,Bachelor,Single,0
104112,63,133761.0,3.0,20489.0,12.01,652.0,36,Mortgage,Home_Improvement,Bachelor,Single,0
104113,44,71655.0,21.0,18336.0,10.28,621.0,36,Rent,Education,PhD,Single,0
104114,52,36794.0,3.0,29171.0,4.98,726.0,60,Rent,Debt_Consolidation,PhD,Married,1
104115,26,38563.0,14.0,16506.0,5.43,746.0,36,Mortgage,Business,Master,Married,0
104116,62,118107.0,15.0,32271.0,12.09,683.0,60,Mortgage,Debt_Consolidation,Bachelor,Single,0
104117,43,68604.0,6.0,9994.0,12.67,665.0,72,Rent,Home_Improvement,Bachelor,Single,0
104118,52,37005.0,11.0,11117.0,14.02,629.0,48,Mortgage,Debt_Consolidation,High_School,Single,1
104119,43,53406.0,0.0,29766.0,13.62,823.0,72,Mortgage,Debt_Consolidation,Bachelor,Married,1
104120,53,30891.0,25.0,27487.0,14.25,649.0,36,Mortgage,Home_Improvement,PhD,Single,1
104121,32,66872.0,21.0,2000.0,10.73,628.0,72,Mortgage,Debt_Consolidation,Bachelor,Single,0
104122,31,97943.0,5.0,14289.0,13.13,704.0,36,Mortgage,Home_Improvement,Bachelor,Married,1
104123,28,81443.0,28.0,20403.0,14.44,599.0,36,Own,Debt_Consolidation,Bachelor,Single,1
104124,51,53752.0,29.0,10293.0,6.45,656.0,60,Rent,Debt_Consolidation,Bachelor,Married,0
104125,31,44560.0,4.0,11697.0,15.94,763.0,36,Mortgage,Debt_Consolidation,Bachelor,Single,1
104126,25,,8.0,10148.0,4.0,706.0,60,Rent,Debt_Consolidation,PhD,Single,0
104127,34,123933.0,0.0,19765.0,10.53,692.0,72,Mortgage,Medical,High_School,Divorced,0
104128,25,77427.0,0.0,11024.0,12.21,582.0,60,Rent,Business,Bachelor,Divorced,0
104129,26,69702.0,13.0,25592.0,13.31,677.0,60,Mortgage,Business,Bachelor,Married,1
104130,28,39265.0,2.0,14200.0,5.83,716.0,60,Rent,Debt_Consolidation,Master,Divorced,1
104131,50,40772.0,20.0,32961.0,5.92,785.0,48,Mortgage,Debt_Consolidation,High_School,Single,0
104132,60,62115.0,2.0,19747.0,9.79,725.0,48,Mortgage,Medical,Master,Single,0
104133,42,43820.0,12.0,2000.0,11.2,615.0,48,Rent,Home_Improvement,Bachelor,Married,0
104134,64,42017.0,24.0,22816.0,11.27,618.0,72,Mortgage,Debt_Consolidation,PhD,Married,1
104135,52,38981.0,21.0,19654.0,14.88,675.0,48,Mortgage,Debt_Consolidation,Master,Single,1
104136,22,95052.0,11.0,4931.0,11.51,781.0,60,Mortgage,Education,Bachelor,Single,0
104137,36,98073.0,17.0,35684.0,12.62,703.0,36,Mortgage,Home_Improvement,High_School,Divorced,1
104138,46,82904.0,1.0,2000.0,12.91,598.0,48,Rent,Debt_Consolidation,High_School,Married,0
104139,32,58715.0,6.0,2000.0,8.27,703.0,36,Rent,Home_Improvement,High_School,Divorced,0
104140,62,23644.0,1.0,27790.0,8.8,605.0,60,Mortgage,Business,Master,Married,1
104141,43,71170.0,23.0,19514.0,7.87,688.0,60,Mortgage,Debt_Consolidation,Master,Married,0
104142,39,69634.0,6.0,49520.0,11.74,685.0,60,Mortgage,Debt_Consolidation,High_School,Married,1
104143,59,81564.0,1.0,21376.0,15.95,798.0,72,Rent,Business,Master,Divorced,1
104144,43,65775.0,15.0,24334.0,10.15,652.0,48,Own,Debt_Consolidation,Bachelor,Married,1
104145,25,45720.0,5.0,6072.0,17.51,699.0,36,Mortgage,Home_Improvement,Bachelor,Single,0
104146,45,69423.0,19.0,2505.0,4.0,766.0,36,Mortgage,Debt_Consolidation,Bachelor,Single,0
104147,24,133813.0,28.0,7514.0,13.74,724.0,60,Rent,Home_Improvement,High_School,Married,0
104148,58,45358.0,17.0,14031.0,9.4,678.0,60,Rent,Debt_Consolidation,Master,Single,0
104149,33,58762.0,30.0,15477.0,12.94,794.0,60,Rent,Education,Master,Married,0
104150,47,41102.0,18.0,25559.0,9.26,661.0,60,Mortgage,Education,Bachelor,Single,0
104151,52,74710.0,15.0,14568.0,12.54,702.0,48,Rent,Debt_Consolidation,High_School,Married,0
104152,28,73540.0,2.0,5907.0,9.22,666.0,60,Rent,Business,High_School,Single,0
104153,42,97113.0,10.0,11580.0,4.0,716.0,72,Rent,Education,PhD,Married,0
104154,22,62871.0,24.0,20599.0,14.44,695.0,60,Rent,Debt_Consolidation,PhD,Single,0
104155,29,42992.0,20.0,20710.0,11.8,713.0,60,Mortgage,Debt_Consolidation,Bachelor,Married,1
104156,38,68947.0,1.0,16938.0,12.18,761.0,60,Mortgage,Business,PhD,Divorced,0
104157,33,43982.0,10.0,2000.0,10.11,786.0,72,Rent,Home_Improvement,PhD,Married,0
104158,63,79291.0,18.0,26255.0,6.0,737.0,48,Own,Home_Improvement,Master,Single,0
104159,58,108825.0,24.0,18977.0,8.51,726.0,36,Mortgage,Home_Improvement,Bachelor,Divorced,0
104160,30,93119.0,8.0,11243.0,14.21,675.0,60,Rent,Debt_Consolidation,Master,Divorced,0
104161,21,193152.0,0.0,2389.0,11.16,759.0,60,Rent,Business,Bachelor,Married,0
104162,31,56498.0,11.0,18081.0,11.17,677.0,36,Rent,Debt_Consolidation,High_School,Single,0
104163,38,33144.0,2.0,30354.0,10.61,606.0,36,Rent,Education,Master,Single,1
104164,41,178628.0,25.0,21385.0,15.36,782.0,72,Own,Debt_Consolidation,Bachelor,Married,0
104165,61,38586.0,16.0,26290.0,7.07,649.0,72,Rent,Business,Bachelor,Married,1
104166,22,110794.0,22.0,17676.0,7.17,,72,Rent,Education,Bachelor,Married,0
104167,29,98542.0,9.0,10497.0,10.35,644.0,36,Mortgage,Medical,High_School,Married,0
104168,36,41667.0,30.0,5782.0,13.95,672.0,60,Mortgage,Home_Improvement,Bachelor,Single,0
104169,56,36379.0,13.0,3040.0,5.56,644.0,36,Rent,Home_Improvement,Master,Married,0
104170,52,,0.0,23100.0,4.0,720.0,48,Rent,Medical,Bachelor,Divorced,1
104171,26,184172.0,24.0,19620.0,11.3,633.0,36,Rent,Home_Improvement,Master,Single,0
104172,61,141712.0,29.0,33578.0,15.42,773.0,60,Mortgage,Debt_Consolidation,High_School,Single,0
104173,28,71354.0,6.0,17269.0,7.62,556.0,60,Rent,Debt_Consolidation,Master,Divorced,0
104174,24,51393.0,21.0,2285.0,9.83,781.0,36,Rent,Home_Improvement,High_School,Married,0
104175,57,25988.0,20.0,13347.0,4.0,619.0,60,Rent,Debt_Consolidation,Bachelor,Single,0
104176,49,43452.0,15.0,16031.0,17.42,695.0,36,Own,Debt_Consolidation,High_School,Single,1
104177,43,41255.0,16.0,35847.0,12.33,667.0,60,Mortgage,Home_Improvement,High_School,Single,1
104178,35,40138.0,30.0,14078.0,7.84,710.0,60,Mortgage,Medical,Bachelor,Married,1
104179,43,49823.0,8.0,18871.0,8.52,720.0,60,Own,Home_Improvement,Bachelor,Divorced,0
104180,33,71139.0,28.0,9896.0,12.66,646.0,72,Mortgage,Debt_Consolidation,Master,Divorced,0
104181,55,104138.0,7.0,30076.0,13.17,695.0,36,Mortgage,Business,Bachelor,Divorced,1
104182,25,257182.0,5.0,22115.0,7.5,664.0,36,Rent,Home_Improvement,Bachelor,Single,1
104183,63,89512.0,24.0,15861.0,5.74,688.0,36,Rent,Business,High_School,Married,0
104184,47,33522.0,17.0,31282.0,9.28,658.0,60,Own,Medical,Bachelor,Single,0
104185,63,37165.0,29.0,15610.0,14.32,758.0,60,Mortgage,Debt_Consolidation,Bachelor,Single,0
104186,39,71144.0,16.0,19985.0,4.0,679.0,48,Mortgage,Education,Bachelor,Married,0
104187,36,66868.0,21.0,17281.0,6.95,667.0,36,Rent,Home_Improvement,Master,Married,0
104188,59,46683.0,26.0,26960.0,15.17,832.0,36,Mortgage,Debt_Consolidation,High_School,Married,1
104189,63,98121.0,8.0,29322.0,13.77,764.0,60,Rent,Medical,Master,Single,1
104190,47,55511.0,7.0,19639.0,12.2,651.0,48,Own,Debt_Consolidation,Bachelor,Single,1
104191,44,29478.0,24.0,2000.0,13.53,714.0,60,Own,Debt_Consolidation,Bachelor,Single,0
104192,26,88996.0,9.0,25533.0,14.4,738.0,60,Own,Education,Bachelor,Single,0
104193,37,54190.0,30.0,21043.0,12.28,631.0,72,Rent,Home_Improvement,Bachelor,Married,0
104194,24,72435.0,24.0,2000.0,7.08,758.0,36,Rent,Home_Improvement,Master,Single,0
104195,52,140029.0,5.0,19546.0,10.92,724.0,60,Rent,Debt_Consolidation,Master,Married,0
104196,54,106275.0,13.0,9599.0,10.38,666.0,48,Own,Home_Improvement,Bachelor,Single,0
104197,55,57876.0,28.0,17723.0,11.97,821.0,36,Mortgage,Debt_Consolidation,Master,Married,0
104198,46,96222.0,10.0,16636.0,17.07,693.0,60,Rent,Home_Improvement,Master,Single,0
104199,55,53479.0,11.0,8764.0,14.18,708.0,48,Own,Home_Improvement,High_School,Married,0
104200,46,86647.0,19.0,8108.0,11.14,685.0,36,Rent,Debt_Consolidation,Bachelor,Single,0
104201,22,71085.0,10.0,16051.0,12.8,667.0,60,Rent,Debt_Consolidation,PhD,Single,0
104202,39,63367.0,30.0,15136.0,9.61,715.0,60,Rent,Education,Bachelor,Single,0
104203,34,58828.0,26.0,23781.0,10.88,690.0,60,Mortgage,Debt_Consolidation,Bachelor,Single,1
104204,63,56329.0,25.0,28406.0,9.81,554.0,36,Rent,Debt_Consolidation,High_School,Single,1
104205,36,34439.0,11.0,19999.0,9.75,780.0,48,Rent,Home_Improvement,Master,Single,0
104206,25,94455.0,8.0,4279.0,5.91,628.0,48,Rent,Business,Master,Married,0
104207,38,46015.0,20.0,35205.0,11.28,758.0,60,Mortgage,Debt_Consolidation,High_School,Married,1
104208,21,70106.0,13.0,21784.0,10.75,824.0,36,Mortgage,Debt_Consolidation,Bachelor,Single,0
104209,64,71466.0,30.0,4497.0,8.97,706.0,60,Rent,Debt_Consolidation,Bachelor,Married,0
104210,36,71765.0,,10557.0,13.52,671.0,36,Rent,Debt_Consolidation,Bachelor,Married,0
104211,25,46599.0,22.0,21196.0,13.96,783.0,48,Mortgage,Business,Master,Married,1
104212,35,132274.0,3.0,17912.0,13.19,779.0,72,Mortgage,Business,Bachelor,Divorced,0
104213,48,53078.0,10.0,10687.0,7.8,714.0,60,Rent,Debt_Consolidation,Bachelor,Married,0
104214,24,71268.0,17.0,26665.0,7.08,728.0,36,Own,Debt_Consolidation,Bachelor,Married,0
104215,37,48100.0,12.0,15985.0,11.26,703.0,72,Rent,Medical,Bachelor,Divorced,0
104216,43,59553.0,7.0,24301.0,7.74,813.0,60,Rent,Home_Improvement,Bachelor,Single,0
104217,39,68793.0,27.0,29888.0,,696.0,60,Mortgage,Debt_Consolidation,Bachelor,Married,1
104218,54,119537.0,11.0,21688.0,18.08,611.0,60,Rent,Home_Improvement,Bachelor,Divorced,1
104219,28,75206.0,25.0,14107.0,16.91,727.0,60,Own,Education,Master,Married,1
104220,31,216345.0,20.0,27707.0,10.76,701.0,36,Own,Education,High_School,Single,0
104221,60,150975.0,,20564.0,9.28,690.0,60,,Debt_Consolidation,Bachelor,Divorced,1
104222,54,41863.0,10.0,9173.0,9.87,707.0,60,Rent,Debt_Consolidation,High_School,Divorced,0
104223,25,77757.0,0.0,5801.0,18.79,703.0,60,Mortgage,Debt_Consolidation,High_School,Single,0
104224,58,26253.0,27.0,23051.0,6.1,710.0,72,Mortgage,Debt_Consolidation,Bachelor,Divorced,0
104225,27,38679.0,28.0,22561.0,7.47,,60,Own,Debt_Consolidation,Bachelor,Single,1
104226,65,132645.0,17.0,22801.0,19.36,713.0,60,Mortgage,Medical,Bachelor,Married,0
104227,43,66704.0,19.0,23658.0,9.86,671.0,60,Rent,Debt_Consolidation,High_School,Single,0
104228,59,85957.0,11.0,28924.0,6.14,694.0,60,Own,Debt_Consolidation,Master,Married,0
104229,53,115619.0,7.0,23888.0,4.0,687.0,72,Mortgage,Home_Improvement,Bachelor,Married,0
104230,50,47764.0,6.0,22858.0,12.04,712.0,36,Mortgage,Debt_Consolidation,Bachelor,Married,0
104231,51,97871.0,28.0,7953.0,14.92,742.0,60,Rent,Debt_Consolidation,Bachelor,Divorced,0
104232,65,29537.0,21.0,21186.0,9.13,726.0,36,Mortgage,Home_Improvement,Bachelor,Married,1
104233,28,91124.0,6.0,26179.0,7.87,704.0,48,Rent,Medical,High_School,Married,1
104234,40,61093.0,1.0,14849.0,7.76,686.0,36,Mortgage,Debt_Consolidation,High_School,Single,0
104235,54,101313.0,4.0,34506.0,12.49,647.0,36,Rent,Medical,High_School,Single,0
104236,49,103058.0,11.0,6076.0,4.51,674.0,36,Rent,Business,Bachelor,Single,0
104237,51,91089.0,11.0,14225.0,6.67,700.0,72,Mortgage,Home_Improvement,Bachelor,Married,0
104238,63,27883.0,12.0,17003.0,7.65,648.0,36,Mortgage,Debt_Consolidation,High_School,Single,0
104239,22,116043.0,26.0,20986.0,14.76,816.0,36,Mortgage,Debt_Consolidation,Bachelor,Single,0
104240,64,85308.0,12.0,25553.0,12.14,715.0,60,Rent,Education,High_School,Married,1
104241,57,67547.0,5.0,7809.0,11.44,683.0,60,Mortgage,Business,Bachelor,Married,0
104242,39,28972.0,14.0,26465.0,10.43,770.0,36,Own,Debt_Consolidation,Bachelor,Married,1
104243,43,52661.0,18.0,12184.0,9.41,719.0,60,Mortgage,Education,Master,Married,0
104244,21,103773.0,23.0,31465.0,11.78,715.0,60,Mortgage,Medical,Bachelor,Single,0
104245,44,134467.0,24.0,29811.0,5.98,741.0,60,Rent,Education,Bachelor,Single,0
104246,32,154642.0,12.0,20072.0,10.15,750.0,72,Rent,Medical,High_School,Married,1
104247,32,66745.0,20.0,2373.0,10.59,751.0,36,Mortgage,Business,High_School,Single,0
104248,50,76136.0,2.0,17475.0,12.32,694.0,36,Own,Debt_Consolidation,Bachelor,Single,0
104249,36,104361.0,17.0,16590.0,13.45,709.0,48,,Medical,Bachelor,Single,0
104250,39,89778.0,7.0,30698.0,12.49,673.0,72,Mortgage,Home_Improvement,High_School,Married,1
104251,54,85578.0,5.0,15062.0,10.8,654.0,60,Mortgage,Home_Improvement,High_School,Divorced,0
104252,61,73919.0,28.0,9648.0,8.21,657.0,60,Mortgage,Medical,Bachelor,Married,0
104253,26,79755.0,21.0,43730.0,7.4,587.0,60,Rent,Debt_Consolidation,Master,Married,0
104254,57,162698.0,15.0,21257.0,12.0,596.0,36,Own,Business,High_School,Married,0
104255,28,29092.0,25.0,13729.0,8.06,655.0,48,Mortgage,Home_Improvement,High_School,Divorced,0
104256,54,74678.0,18.0,6554.0,8.96,626.0,48,Mortgage,Business,High_School,Single,0
104257,26,82453.0,7.0,3020.0,15.46,708.0,60,Mortgage,Business,Master,Divorced,0
104258,27,50690.0,8.0,11090.0,15.64,606.0,60,Own,Education,High_School,Divorced,1
104259,25,81266.0,20.0,12114.0,10.13,622.0,36,Mortgage,Debt_Consolidation,Bachelor,Married,0
104260,48,42362.0,26.0,34981.0,8.02,723.0,60,Rent,Education,High_School,Single,1
104261,37,18638.0,13.0,13272.0,7.17,645.0,72,Mortgage,Home_Improvement,Bachelor,Single,0
104262,62,52129.0,26.0,16987.0,13.22,650.0,60,Own,Debt_Consolidation,Bachelor,Married,0
104263,64,129156.0,21.0,18225.0,9.38,657.0,60,Mortgage,Business,Bachelor,Married,0
104264,24,46525.0,3.0,10650.0,11.02,653.0,60,Rent,Debt_Consolidation,Bachelor,Single,1
104265,53,63676.0,24.0,15802.0,4.63,715.0,60,Own,Debt_Consolidation,High_School,Single,0
104266,60,93261.0,12.0,23266.0,12.17,684.0,36,Own,Business,Master,Single,1
104267,58,110507.0,14.0,9767.0,11.5,678.0,60,Rent,Home_Improvement,High_School,Single,0
104268,63,75415.0,1.0,16616.0,13.29,727.0,48,Rent,Debt_Consolidation,PhD,Single,0
104269,42,95927.0,24.0,14863.0,15.33,616.0,48,Mortgage,Education,Master,Divorced,0
104270,50,89799.0,7.0,14706.0,11.3,631.0,60,Rent,Debt_Consolidation,Bachelor,Single,0
104271,34,59281.0,27.0,29409.0,10.65,667.0,60,Mortgage,Business,Bachelor,Single,1
104272,27,48215.0,22.0,18493.0,11.76,667.0,60,Rent,Home_Improvement,High_School,Single,1
104273,27,60081.0,28.0,25975.0,18.12,693.0,36,Mortgage,Home_Improvement,Bachelor,Married,0
104274,48,76719.0,13.0,2000.0,11.3,624.0,48,Rent,Home_Improvement,Bachelor,Single,0
104275,58,141372.0,15.0,17044.0,5.9,631.0,60,Mortgage,Medical,Bachelor,Married,0
104276,59,65236.0,18.0,11852.0,7.53,601.0,36,Rent,Education,PhD,Single,1
104277,62,115126.0,21.0,22740.0,11.69,686.0,36,Mortgage,Home_Improvement,High_School,Single,0
104278,31,54706.0,18.0,16723.0,10.85,774.0,36,Own,Medical,High_School,Divorced,0
104279,64,56562.0,22.0,31345.0,14.86,798.0,48,Rent,Home_Improvement,High_School,Single,1
104280,54,31005.0,8.0,32552.0,12.49,717.0,60,Rent,Education,Bachelor,Married,1
104281,41,29380.0,21.0,13415.0,10.48,682.0,48,Mortgage,Business,Bachelor,Married,0
104282,25,30631.0,21.0,24083.0,11.85,850.0,60,Rent,Home_Improvement,Bachelor,Married,1
104283,45,76571.0,22.0,15538.0,10.38,691.0,60,Mortgage,Debt_Consolidation,Master,Married,1
104284,63,52482.0,27.0,15168.0,14.09,621.0,60,Own,Debt_Consolidation,Bachelor,Married,0
104285,50,48088.0,9.0,11915.0,5.93,627.0,72,Rent,Debt_Consolidation,Master,Divorced,0
104286,41,55590.0,18.0,32144.0,10.46,671.0,60,Mortgage,Debt_Consolidation,Master,Married,1
104287,33,,20.0,5225.0,13.3,815.0,60,Rent,Medical,Master,Single,0
104288,64,59200.0,26.0,7733.0,11.49,704.0,48,Mortgage,Education,Bachelor,Married,1
104289,53,106191.0,22.0,24949.0,4.04,703.0,48,Rent,Business,Master,Married,0
104290,39,72144.0,9.0,15902.0,8.62,658.0,36,Mortgage,Debt_Consolidation,Master,Married,0
104291,36,61512.0,29.0,11489.0,14.54,661.0,48,Rent,Home_Improvement,High_School,Married,0
104292,56,75926.0,20.0,16604.0,5.11,670.0,60,,Business,Bachelor,Single,0
104293,34,21180.0,25.0,18246.0,16.11,616.0,60,Own,Education,Bachelor,Single,1
104294,52,92217.0,12.0,5382.0,10.52,697.0,36,Rent,Education,Bachelor,Married,1
104295,46,114573.0,8.0,2425.0,11.97,626.0,36,Mortgage,Business,Master,Single,0
104296,42,55893.0,16.0,16723.0,9.8,656.0,36,Rent,Debt_Consolidation,Bachelor,Single,1
104297,49,122604.0,9.0,7984.0,15.19,733.0,48,Mortgage,Debt_Consolidation,Bachelor,Married,0
104298,63,98808.0,8.0,16399.0,6.86,732.0,60,Own,Debt_Consolidation,Bachelor,Single,0
104299,41,46846.0,3.0,8682.0,11.63,646.0,36,Rent,Debt_Consolidation,Bachelor,Single,0
104300,22,54677.0,7.0,17411.0,10.95,681.0,72,Mortgage,Medical,High_School,Single,0
104301,46,114244.0,28.0,43146.0,12.78,754.0,60,Rent,Debt_Consolidation,High_School,Married,1
104302,61,51290.0,14.0,18621.0,8.04,561.0,60,Rent,Debt_Consolidation,Master,Married,1
104303,56,34319.0,7.0,23417.0,4.74,762.0,48,Rent,Debt_Consolidation,Bachelor,Divorced,0
104304,23,59392.0,5.0,21089.0,7.67,663.0,60,Mortgage,Education,Bachelor,Divorced,1
104305,25,74113.0,27.0,33480.0,9.89,648.0,36,Own,Debt_Consolidation,Bachelor,Married,0
104306,53,53292.0,30.0,33017.0,6.82,708.0,60,Mortgage,Education,Bachelor,Single,0
104307,42,39398.0,17.0,21930.0,14.9,730.0,48,Rent,Debt_Consolidation,Bachelor,Single,1
104308,22,30046.0,24.0,6236.0,14.63,672.0,60,Rent,Home_Improvement,Master,Married,1
104309,51,64859.0,6.0,14117.0,11.06,639.0,36,Mortgage,Education,Bachelor,Married,1
104310,54,46976.0,15.0,14693.0,11.75,621.0,60,Mortgage,Education,Bachelor,Married,0
104311,59,74781.0,8.0,8860.0,7.22,733.0,36,Rent,Debt_Consolidation,Bachelor,Married,0
104312,36,46528.0,16.0,22247.0,10.27,578.0,36,Rent,Debt_Consolidation,Master,Single,0
104313,23,37451.0,29.0,23027.0,10.81,703.0,60,Own,Debt_Consolidation,Bachelor,Single,0
104314,24,90961.0,9.0,24234.0,9.05,673.0,60,Rent,Home_Improvement,High_School,Married,1
104315,53,47006.0,26.0,15045.0,10.57,659.0,36,Mortgage,Education,High_School,Married,0
104316,42,52275.0,22.0,2000.0,14.66,783.0,36,Rent,Business,Bachelor,Single,0
104317,33,64887.0,24.0,14838.0,13.78,737.0,36,Mortgage,Debt_Consolidation,Bachelor,Married,1
104318,47,22192.0,1.0,19401.0,8.12,789.0,60,Rent,Medical,Bachelor,Single,1
104319,28,70587.0,19.0,10349.0,10.85,677.0,60,Mortgage,Debt_Consolidation,Bachelor,Married,0
104320,25,65159.0,11.0,20502.0,15.42,732.0,60,Rent,Debt_Consolidation,Bachelor,Married,0
104321,53,96377.0,24.0,17664.0,18.15,775.0,48,Mortgage,Business,High_School,Married,1
104322,23,51031.0,11.0,5953.0,,667.0,60,Rent,Business,Master,Single,0
104323,47,66005.0,16.0,6639.0,11.77,674.0,36,Mortgage,Education,Bachelor,Single,0
104324,65,43946.0,22.0,17064.0,10.18,745.0,48,Mortgage,Business,Bachelor,Married,1
104325,64,38841.0,8.0,20507.0,7.56,648.0,36,Mortgage,Medical,Bachelor,Married,0
104326,41,93193.0,25.0,4395.0,5.16,685.0,60,Rent,Home_Improvement,High_School,Single,0
104327,63,72038.0,25.0,26283.0,12.22,652.0,36,Mortgage,Education,Bachelor,Single,1
104328,36,106564.0,0.0,19924.0,11.32,666.0,60,Rent,Home_Improvement,Bachelor,Divorced,0
104329,26,44753.0,14.0,13435.0,6.67,662.0,60,Mortgage,Debt_Consolidation,Bachelor,Married,0
104330,40,64816.0,19.0,18367.0,9.22,708.0,36,Mortgage,Debt_Consolidation,Bachelor,Single,0
104331,62,61449.0,27.0,12581.0,5.12,686.0,72,Rent,Business,Bachelor,Married,0
104332,38,35545.0,0.0,12289.0,8.15,591.0,36,Rent,Debt_Consolidation,Master,Married,0
104333,48,88114.0,18.0,5746.0,11.87,696.0,48,Rent,Education,Bachelor,Single,0
104334,56,102352.0,11.0,22428.0,12.1,600.0,60,Own,Debt_Consolidation,Bachelor,Married,1
104335,49,106861.0,5.0,15580.0,10.99,692.0,36,Own,Business,PhD,Married,0
104336,25,150054.0,26.0,16015.0,13.74,685.0,60,Mortgage,Debt_Consolidation,Bachelor,Married,0
104337,65,88403.0,3.0,12003.0,8.84,687.0,60,Rent,Home_Improvement,Bachelor,Married,0
104338,55,50851.0,11.0,11977.0,13.42,708.0,36,Mortgage,Home_Improvement,Bachelor,Married,0
104339,29,48857.0,24.0,9329.0,10.61,686.0,36,Mortgage,Medical,Bachelor,Married,0
104340,60,151112.0,2.0,28788.0,7.25,745.0,48,Mortgage,Education,Master,Married,0
104341,51,64425.0,15.0,39060.0,9.59,675.0,36,Mortgage,Education,Bachelor,Single,1
104342,58,,6.0,14894.0,5.73,706.0,48,Own,Medical,High_School,Single,0
104343,25,27897.0,24.0,19963.0,13.31,642.0,36,Mortgage,Debt_Consolidation,Master,Single,0
104344,63,59737.0,19.0,5131.0,9.84,654.0,72,Mortgage,Debt_Consolidation,Master,Single,0
104345,22,45047.0,6.0,20379.0,5.63,674.0,36,Rent,Education,PhD,Single,1
104346,57,56846.0,9.0,13233.0,16.67,668.0,60,Rent,Home_Improvement,Bachelor,Married,0
104347,41,34802.0,5.0,32232.0,13.94,757.0,48,Rent,Debt_Consolidation,High_School,Single,1
104348,22,32512.0,30.0,12513.0,8.33,701.0,48,Rent,Business,Master,Single,0
104349,37,44231.0,25.0,18090.0,14.06,776.0,60,Mortgage,Education,PhD,Single,1
104350,47,72319.0,11.0,25639.0,9.37,755.0,36,Mortgage,Debt_Consolidation,Master,Divorced,0
104351,44,31038.0,24.0,8627.0,13.49,749.0,36,Mortgage,Education,Bachelor,Single,0
104352,64,121681.0,3.0,43764.0,12.47,627.0,60,Mortgage,Debt_Consolidation,Bachelor,Married,1
104353,53,46972.0,17.0,20218.0,12.88,701.0,60,Own,Home_Improvement,Bachelor,Married,0
104354,59,134638.0,10.0,19293.0,6.96,817.0,48,Rent,Business,Bachelor,Married,0
104355,47,65224.0,0.0,22838.0,8.36,766.0,72,Mortgage,Debt_Consolidation,Bachelor,Married,0
104356,55,145978.0,13.0,22741.0,13.92,700.0,72,Rent,Home_Improvement,Bachelor,Single,1
104357,27,57813.0,15.0,20393.0,9.27,668.0,60,Mortgage,Education,PhD,Married,0
104358,44,63839.0,11.0,6115.0,11.0,653.0,60,Rent,Debt_Consolidation,High_School,Single,0
104359,53,134482.0,23.0,27502.0,5.92,799.0,36,Rent,Education,High_School,Married,0
104360,62,110532.0,0.0,27675.0,,695.0,60,Mortgage,Medical,PhD,Single,1
104361,35,93039.0,18.0,27805.0,14.05,749.0,72,Mortgage,Business,Bachelor,Married,1
104362,23,,29.0,19092.0,12.88,648.0,60,Rent,Home_Improvement,Bachelor,Single,0
104363,25,79291.0,28.0,18765.0,11.19,664.0,60,Mortgage,Debt_Consolidation,Bachelor,Married,1
104364,42,118169.0,19.0,8505.0,7.57,741.0,60,Own,Home_Improvement,Bachelor,Married,0
104365,59,71348.0,3.0,11187.0,6.89,637.0,60,Rent,,Master,Single,0
104366,43,45983.0,23.0,15683.0,4.9,771.0,60,Mortgage,Debt_Consolidation,Bachelor,Married,0
104367,33,40556.0,23.0,11902.0,6.95,691.0,72,Mortgage,Debt_Consolidation,Bachelor,Married,0
104368,61,102645.0,10.0,33123.0,9.26,683.0,48,Rent,Debt_Consolidation,High_School,Single,0
104369,60,72206.0,14.0,20250.0,13.42,610.0,48,Rent,Business,PhD,Married,0
104370,21,56428.0,19.0,11838.0,13.21,610.0,60,Mortgage,Debt_Consolidation,PhD,Married,0
104371,35,64092.0,24.0,27095.0,8.26,628.0,36,Own,Debt_Consolidation,Bachelor,Single,1
104372,54,64479.0,7.0,32707.0,8.24,726.0,60,Mortgage,Business,Master,Single,0
104373,31,25894.0,2.0,43075.0,10.14,638.0,60,,Debt_Consolidation,Bachelor,Married,1
104374,35,97290.0,17.0,11803.0,13.53,650.0,60,Mortgage,Debt_Consolidation,Bachelor,Married,0
104375,50,113105.0,2.0,20082.0,9.89,681.0,60,Mortgage,Business,High_School,Single,1
104376,31,79046.0,19.0,35034.0,9.85,620.0,48,Rent,Debt_Consolidation,Bachelor,Divorced,1
104377,64,67800.0,10.0,25048.0,10.8,584.0,60,Rent,Debt_Consolidation,High_School,Single,1
104378,64,94879.0,30.0,20742.0,8.3,694.0,60,Mortgage,Education,Bachelor,Single,0
104379,44,75894.0,23.0,10485.0,13.45,655.0,60,Rent,Debt_Consolidation,Bachelor,Married,0
104380,23,94423.0,8.0,28023.0,10.87,683.0,36,Rent,Home_Improvement,High_School,Married,1
104381,29,67211.0,2.0,26925.0,10.09,839.0,36,Mortgage,Debt_Consolidation,High_School,Single,1
104382,64,33858.0,18.0,13715.0,14.07,730.0,60,Mortgage,Medical,High_School,Single,0
104383,24,92239.0,23.0,30069.0,12.37,,48,Own,Education,High_School,Married,0
104384,41,38518.0,14.0,22646.0,10.62,716.0,36,Mortgage,Education,Bachelor,Married,0
104385,53,82022.0,2.0,18059.0,10.2,663.0,60,Rent,Education,Master,Married,0
104386,48,48151.0,13.0,11542.0,10.3,654.0,36,Rent,Medical,Bachelor,Married,0
104387,23,65439.0,2.0,30649.0,9.74,717.0,36,Rent,Home_Improvement,Bachelor,Married,1
104388,40,150424.0,8.0,35688.0,16.56,706.0,36,Rent,Education,Master,Single,1
104389,59,37365.0,3.0,2000.0,8.36,686.0,48,Rent,Debt_Consolidation,Bachelor,Married,0
104390,44,46490.0,7.0,28944.0,7.74,726.0,48,Mortgage,Education,Bachelor,Married,0
104391,22,101215.0,17.0,28991.0,12.03,675.0,36,Own,Education,Bachelor,Single,0
104392,34,62805.0,6.0,20048.0,9.12,680.0,60,Rent,Debt_Consolidation,High_School,Married,0
104393,28,75588.0,15.0,2000.0,9.1,679.0,36,Mortgage,Debt_Consolidation,Master,Married,0
104394,28,32067.0,15.0,19232.0,6.61,722.0,36,Mortgage,Debt_Consolidation,High_School,Married,0
104395,61,54249.0,2.0,25434.0,11.06,719.0,36,Own,Debt_Consolidation,Bachelor,Single,1
104396,49,114365.0,5.0,8416.0,12.1,627.0,72,Rent,Debt_Consolidation,High_School,Married,0
104397,48,65351.0,28.0,15547.0,6.89,605.0,60,Mortgage,Debt_Consolidation,Bachelor,Single,0
104398,29,72839.0,24.0,21059.0,4.01,724.0,36,Mortgage,Business,Master,Married,0
104399,30,70425.0,7.0,34357.0,13.9,754.0,60,Rent,Business,Master,Single,0
104400,57,55297.0,22.0,23036.0,9.54,627.0,72,Own,Debt_Consolidation,Bachelor,Married,0
104401,37,29940.0,20.0,6935.0,12.41,761.0,60,Mortgage,Business,Bachelor,Divorced,0
104402,28,69900.0,12.0,8882.0,9.37,636.0,48,Rent,Debt_Consolidation,Bachelor,Single,1
104403,32,125037.0,30.0,25176.0,10.77,742.0,36,Own,Debt_Consolidation,Bachelor,Married,0
104404,30,57176.0,2.0,6081.0,7.45,626.0,60,Rent,Debt_Consolidation,High_School,Married,0
104405,58,49854.0,23.0,28136.0,,675.0,60,Rent,Debt_Consolidation,High_School,Divorced,0
104406,55,38894.0,11.0,14329.0,13.2,774.0,36,Rent,Business,Bachelor,Single,1
104407,28,58999.0,30.0,17118.0,8.7,699.0,36,Own,Debt_Consolidation,High_School,Married,0
104408,44,122301.0,29.0,10147.0,9.18,692.0,36,Own,Business,High_School,Single,0
104409,51,67767.0,22.0,18954.0,16.51,723.0,60,Mortgage,Home_Improvement,High_School,Single,0
104410,23,54111.0,30.0,8786.0,12.89,717.0,48,Mortgage,Business,Bachelor,Married,0
104411,35,36990.0,,18880.0,12.01,676.0,60,Rent,Home_Improvement,Master,Married,1
104412,51,72709.0,17.0,11822.0,8.77,746.0,72,Rent,Business,Bachelor,Married,0
104413,45,42673.0,25.0,9470.0,8.13,608.0,60,Mortgage,Business,Bachelor,Single,0
104414,24,46868.0,28.0,15474.0,11.19,732.0,60,Mortgage,Debt_Consolidation,Bachelor,Married,1
104415,59,33323.0,19.0,13843.0,9.92,672.0,60,,Debt_Consolidation,High_School,Divorced,0
104416,54,47132.0,20.0,2000.0,5.12,709.0,60,Mortgage,Debt_Consolidation,Bachelor,Single,0
104417,24,58627.0,23.0,8202.0,10.8,632.0,60,Own,Home_Improvement,High_School,Single,1
104418,48,169573.0,11.0,15550.0,15.49,658.0,60,Mortgage,Home_Improvement,High_School,Divorced,1
104419,46,67591.0,30.0,29650.0,8.92,679.0,60,Mortgage,Home_Improvement,High_School,Married,0
104420,63,56819.0,0.0,24106.0,9.5,650.0,36,Own,Debt_Consolidation,Master,Married,1
104421,43,46999.0,26.0,19653.0,14.75,636.0,36,Mortgage,Medical,Bachelor,Married,0
104422,53,44180.0,29.0,9408.0,14.49,704.0,72,Rent,Debt_Consolidation,Master,Single,1
104423,46,108302.0,30.0,16852.0,11.21,720.0,36,Mortgage,Debt_Consolidation,High_School,Single,0
104424,57,72251.0,30.0,11344.0,6.77,723.0,48,Rent,Debt_Consolidation,PhD,Married,0
104425,51,90133.0,2.0,13331.0,10.3,678.0,72,Rent,Debt_Consolidation,PhD,Married,0
104426,28,100590.0,11.0,13302.0,12.55,750.0,36,Mortgage,Debt_Consolidation,Bachelor,Single,0
104427,46,59729.0,1.0,6922.0,14.04,711.0,60,Mortgage,Medical,Bachelor,Single,1
104428,34,113378.0,16.0,27207.0,6.38,722.0,36,Rent,Medical,Bachelor,Married,0
104429,48,149080.0,6.0,24346.0,6.6,666.0,60,Own,Home_Improvement,Bachelor,Married,0
104430,51,42876.0,26.0,24428.0,12.37,727.0,60,Rent,Medical,High_School,Married,1
104431,21,41248.0,14.0,2000.0,11.69,712.0,36,Rent,Debt_Consolidation,Bachelor,Single,0
104432,63,33093.0,15.0,23800.0,9.14,641.0,36,Mortgage,Education,Bachelor,Single,1
104433,55,65583.0,23.0,9368.0,7.71,714.0,60,Own,Business,High_School,Single,0
104434,36,69536.0,25.0,21720.0,9.86,778.0,36,Rent,Debt_Consolidation,,Married,0
104435,44,92020.0,19.0,16116.0,7.2,718.0,36,Rent,Medical,Bachelor,Single,0
104436,33,73407.0,8.0,9267.0,11.59,754.0,36,Rent,Debt_Consolidation,Bachelor,Single,1
104437,57,40337.0,26.0,12431.0,7.03,701.0,36,Own,Debt_Consolidation,Bachelor,Single,0
104438,29,60184.0,14.0,11620.0,9.98,661.0,60,Mortgage,Business,Bachelor,Single,0
104439,42,43594.0,24.0,15740.0,7.08,597.0,72,Mortgage,Medical,High_School,Married,0
104440,53,79522.0,19.0,8007.0,6.22,658.0,72,Rent,Debt_Consolidation,High_School,Married,0
104441,37,56323.0,0.0,11010.0,12.9,685.0,36,Rent,Debt_Consolidation,Master,Divorced,0
104442,40,,5.0,9388.0,13.26,707.0,36,Rent,Debt_Consolidation,Bachelor,Married,0
104443,22,99245.0,19.0,41660.0,13.48,652.0,36,Rent,Debt_Consolidation,Master,Married,1
104444,27,78834.0,2.0,2000.0,6.44,629.0,36,Rent,Home_Improvement,PhD,Married,0
104445,39,114897.0,7.0,31986.0,8.43,644.0,36,Own,Debt_Consolidation,Bachelor,Single,0
104446,64,66831.0,16.0,30704.0,7.44,850.0,36,Mortgage,Debt_Consolidation,Bachelor,Single,0
104447,49,61421.0,20.0,2000.0,8.84,779.0,60,Rent,Debt_Consolidation,High_School,Married,0
104448,58,59658.0,30.0,12304.0,17.44,,72,Mortgage,Home_Improvement,Master,Single,0
104449,58,14340.0,30.0,23784.0,9.17,731.0,72,Own,Home_Improvement,Master,Single,1
104450,52,35998.0,18.0,21973.0,13.68,798.0,36,Mortgage,Home_Improvement,High_School,Single,1
104451,63,70948.0,30.0,17674.0,4.0,692.0,48,Own,Debt_Consolidation,Bachelor,Single,0
104452,59,62687.0,23.0,25233.0,5.81,652.0,72,Own,Debt_Consolidation,Bachelor,Married,0
104453,60,71371.0,6.0,2005.0,10.59,612.0,60,Rent,Debt_Consolidation,Bachelor,Married,0
104454,23,103852.0,16.0,23005.0,8.12,635.0,60,Rent,Home_Improvement,High_School,Divorced,0
104455,63,47588.0,27.0,28987.0,11.85,671.0,48,Mortgage,Business,Master,Married,1
104456,44,86163.0,25.0,22630.0,9.08,697.0,60,Mortgage,Home_Improvement,High_School,Single,0
104457,37,39330.0,18.0,15908.0,11.85,667.0,48,Mortgage,Debt_Consolidation,Master,Married,1
104458,52,139670.0,26.0,15315.0,6.72,733.0,60,Rent,Debt_Consolidation,High_School,Married,0
104459,51,88663.0,27.0,25128.0,9.42,713.0,48,Own,Business,Master,Married,0
104460,37,115357.0,14.0,11575.0,8.23,707.0,48,Own,Medical,Bachelor,Divorced,1
104461,46,126652.0,26.0,27983.0,12.51,747.0,48,Rent,Home_Improvement,Bachelor,Married,0
104462,46,62690.0,29.0,21473.0,5.52,617.0,36,Rent,Home_Improvement,High_School,Married,1
104463,65,48422.0,20.0,6276.0,11.24,685.0,36,Rent,Debt_Consolidation,Bachelor,Married,0
104464,51,67578.0,5.0,25411.0,10.35,,60,Rent,Debt_Consolidation,Master,Married,0
104465,59,53532.0,28.0,8583.0,14.55,750.0,60,Mortgage,Medical,High_School,Divorced,0
104466,39,301919.0,27.0,3593.0,16.17,752.0,60,Rent,Education,Bachelor,Single,0
104467,37,87514.0,28.0,9230.0,11.46,588.0,36,Mortgage,Medical,Bachelor,Divorced,0
104468,57,54002.0,2.0,6134.0,9.46,739.0,36,Mortgage,Debt_Consolidation,Bachelor,Married,1
104469,26,28811.0,11.0,15088.0,8.49,637.0,60,Mortgage,Home_Improvement,Bachelor,Single,0
104470,59,44343.0,17.0,21878.0,15.68,559.0,36,Mortgage,Debt_Consolidation,Bachelor,Married,0
104471,61,108908.0,21.0,20779.0,13.73,671.0,36,Mortgage,Home_Improvement,Master,Married,0
104472,64,37384.0,18.0,20391.0,10.33,716.0,36,Mortgage,Debt_Consolidation,PhD,Single,1
104473,27,60923.0,25.0,4724.0,11.33,671.0,48,Mortgage,Business,Bachelor,Divorced,0
104474,28,18087.0,25.0,10620.0,10.14,691.0,60,Mortgage,Education,High_School,Married,0
104475,50,47118.0,26.0,6249.0,12.89,800.0,60,Rent,Medical,Master,Divorced,0
104476,60,86046.0,13.0,24721.0,8.96,696.0,36,Mortgage,Debt_Consolidation,Bachelor,Married,0
104477,54,25202.0,10.0,14309.0,9.85,728.0,60,Rent,Debt_Consolidation,Bachelor,Single,1
104478,64,84598.0,6.0,31972.0,10.57,779.0,72,Rent,Home_Improvement,Bachelor,Married,0
104479,29,294759.0,19.0,9482.0,8.86,645.0,60,Own,Home_Improvement,Bachelor,Single,0
104480,48,90412.0,27.0,24450.0,15.01,739.0,60,Rent,Debt_Consolidation,Master,Married,0
104481,58,59283.0,20.0,22455.0,10.88,756.0,60,Own,Home_Improvement,Bachelor,Divorced,1
104482,51,34869.0,6.0,16379.0,9.42,774.0,72,Rent,Business,High_School,Married,1
104483,44,74042.0,7.0,16844.0,6.97,625.0,60,Mortgage,Debt_Consolidation,Bachelor,Married,0
104484,58,169659.0,1.0,2681.0,16.44,684.0,60,Own,Medical,Bachelor,Single,0
104485,61,117299.0,30.0,2909.0,9.97,689.0,36,Own,Debt_Consolidation,Bachelor,Single,0
104486,21,187933.0,23.0,28143.0,16.0,609.0,36,Own,Medical,High_School,Single,0
104487,47,91587.0,1.0,3501.0,10.99,674.0,60,Rent,Debt_Consolidation,Master,Single,0
104488,21,50090.0,7.0,14349.0,14.72,656.0,60,Own,Business,Master,Married,1
104489,36,47722.0,30.0,11476.0,,722.0,60,Rent,Home_Improvement,Bachelor,Married,0
104490,24,43148.0,10.0,8300.0,14.74,659.0,36,Mortgage,Business,High_School,Single,0
104491,24,65459.0,21.0,13737.0,11.55,709.0,60,Own,Debt_Consolidation,High_School,Single,0
104492,44,66495.0,27.0,13920.0,10.63,656.0,60,Mortgage,,Bachelor,Single,1
104493,46,153453.0,16.0,15545.0,9.58,583.0,60,Rent,Home_Improvement,High_School,Married,0
104494,26,88354.0,11.0,22975.0,7.39,642.0,36,Rent,Business,High_School,Single,0
104495,63,50055.0,9.0,9403.0,9.01,642.0,36,Rent,Business,High_School,Divorced,0
104496,29,49174.0,15.0,9894.0,10.34,642.0,36,Rent,Home_Improvement,High_School,Divorced,1
104497,45,33405.0,9.0,15947.0,11.06,703.0,60,,Home_Improvement,Bachelor,Married,0
104498,50,30357.0,12.0,7176.0,10.12,772.0,36,Mortgage,Education,Master,Single,0
104499,39,38736.0,18.0,2000.0,7.13,649.0,60,Mortgage,Debt_Consolidation,High_School,Married,0
104500,43,69835.0,11.0,8225.0,14.3,693.0,72,Rent,Medical,Bachelor,Single,0
104501,51,48651.0,27.0,7626.0,9.32,762.0,36,Rent,Medical,Bachelor,Married,0
104502,36,65044.0,4.0,28505.0,8.41,646.0,48,Mortgage,Medical,Master,Married,0
104503,63,42037.0,18.0,30001.0,8.52,646.0,36,Mortgage,Medical,High_School,Single,0
104504,26,97373.0,7.0,23711.0,14.38,716.0,60,Rent,Debt_Consolidation,PhD,Married,0
104505,41,63581.0,29.0,30222.0,12.57,756.0,48,Mortgage,Home_Improvement,Master,Married,0
104506,29,58936.0,0.0,8381.0,9.18,640.0,60,Rent,Education,Bachelor,Single,0
104507,26,64369.0,20.0,2000.0,13.48,634.0,60,,Medical,Bachelor,Single,0
104508,36,43027.0,25.0,29157.0,14.61,724.0,36,Rent,Education,Master,Married,1
104509,22,106459.0,4.0,18481.0,8.15,691.0,72,Mortgage,Home_Improvement,High_School,Married,1
104510,54,105348.0,12.0,26284.0,11.49,665.0,48,Rent,Business,Bachelor,Single,1
104511,48,65579.0,11.0,28033.0,10.05,623.0,36,Mortgage,Education,Bachelor,Married,1
104512,34,,28.0,39777.0,15.14,698.0,60,Mortgage,Medical,High_School,Married,1
104513,22,30906.0,7.0,14526.0,10.76,790.0,60,Rent,Home_Improvement,High_School,Single,0
104514,33,70660.0,13.0,18017.0,11.38,703.0,36,Rent,Debt_Consolidation,Bachelor,Single,0
104515,35,51348.0,5.0,14136.0,5.84,667.0,48,Rent,Debt_Consolidation,High_School,Single,0
104516,58,54974.0,8.0,19740.0,9.52,648.0,60,Rent,Debt_Consolidation,High_School,Single,1
104517,55,59826.0,12.0,19190.0,8.51,672.0,36,Rent,Debt_Consolidation,High_School,Married,0
104518,41,77554.0,14.0,19283.0,12.14,687.0,60,Rent,Debt_Consolidation,Bachelor,Married,1
104519,50,64623.0,3.0,10818.0,15.08,801.0,36,Mortgage,Business,High_School,Divorced,0
104520,54,95612.0,12.0,5873.0,11.97,744.0,48,Own,Debt_Consolidation,Bachelor,Married,0
104521,53,78884.0,14.0,7485.0,7.09,816.0,60,Mortgage,Debt_Consolidation,High_School,Married,0
104522,47,52763.0,28.0,24228.0,10.69,724.0,48,Rent,Debt_Consolidation,High_School,Single,1
104523,25,73715.0,14.0,2000.0,16.39,673.0,48,Rent,Debt_Consolidation,High_School,Single,0
104524,55,47943.0,5.0,11224.0,14.02,665.0,36,Rent,Business,Bachelor,Married,0
104525,51,155271.0,26.0,11644.0,14.05,623.0,36,Mortgage,Medical,Master,Married,0
104526,35,42208.0,27.0,32331.0,8.97,683.0,60,Rent,Education,Bachelor,Single,1
104527,58,60513.0,7.0,18016.0,6.32,760.0,48,Mortgage,Debt_Consolidation,Master,Single,0
104528,48,114427.0,15.0,17648.0,10.04,657.0,36,Mortgage,Education,Bachelor,Single,0
104529,64,70309.0,24.0,19547.0,16.96,754.0,36,Rent,Home_Improvement,Master,Divorced,1
104530,48,58701.0,7.0,18435.0,7.11,717.0,36,Mortgage,Medical,Master,Married,0
104531,59,50784.0,21.0,2000.0,9.97,665.0,36,Rent,Medical,Master,Married,0
104532,65,63149.0,26.0,33994.0,4.0,627.0,60,Own,Home_Improvement,Bachelor,Married,1
104533,54,63278.0,22.0,24350.0,8.95,559.0,60,Rent,Business,Bachelor,Single,0
104534,53,52259.0,19.0,12500.0,13.55,581.0,48,Mortgage,Debt_Consolidation,High_School,Single,0
104535,39,26104.0,14.0,2000.0,11.92,693.0,60,Rent,Medical,High_School,Married,0
104536,51,75149.0,8.0,17648.0,7.96,654.0,60,Rent,Debt_Consolidation,Bachelor,Divorced,0
104537,35,85341.0,1.0,8513.0,10.32,634.0,36,Rent,Debt_Consolidation,Bachelor,Single,1
104538,35,51111.0,8.0,14364.0,13.73,759.0,48,Rent,Home_Improvement,Bachelor,Divorced,0
104539,21,93756.0,1.0,7154.0,12.9,770.0,36,Own,Debt_Consolidation,Bachelor,Single,0
104540,33,94019.0,29.0,27958.0,14.34,729.0,36,Rent,Medical,Bachelor,Single,0
104541,40,76916.0,15.0,10592.0,,558.0,60,Rent,Medical,Bachelor,Single,1
104542,51,56924.0,24.0,19224.0,12.15,671.0,48,Rent,Medical,Master,Married,0
104543,31,49962.0,27.0,24906.0,7.23,777.0,48,Own,Debt_Consolidation,Bachelor,Single,0
104544,37,40190.0,17.0,14299.0,7.06,654.0,48,Rent,Medical,Bachelor,Married,1
104545,58,101857.0,16.0,30637.0,,695.0,60,Mortgage,Debt_Consolidation,High_School,Married,0
104546,44,77929.0,2.0,20349.0,14.29,744.0,60,Rent,Home_Improvement,Master,Single,0
104547,64,110986.0,16.0,14654.0,11.35,710.0,60,Rent,Home_Improvement,PhD,Single,0
104548,60,40454.0,19.0,21198.0,11.01,673.0,48,Rent,Home_Improvement,Bachelor,Married,0
104549,40,40973.0,3.0,24283.0,10.62,757.0,36,Rent,Business,Master,Single,1
104550,33,29536.0,13.0,18690.0,13.34,767.0,60,Rent,Debt_Consolidation,Bachelor,Married,0
104551,33,38476.0,11.0,19408.0,16.49,681.0,60,Rent,Home_Improvement,High_School,Single,1
104552,40,80582.0,13.0,18382.0,9.3,654.0,60,Own,Debt_Consolidation,High_School,Single,1
104553,47,58348.0,2.0,22001.0,10.78,630.0,60,Rent,Debt_Consolidation,High_School,Married,1
104554,37,63575.0,0.0,23917.0,14.26,763.0,48,Mortgage,Medical,Master,Married,1
104555,51,63999.0,13.0,30896.0,14.0,673.0,36,Mortgage,Debt_Consolidation,Master,Single,1
104556,57,27383.0,13.0,22148.0,11.44,638.0,48,Own,Debt_Consolidation,Master,Married,0
104557,27,59116.0,6.0,13854.0,9.77,648.0,48,Rent,Debt_Consolidation,High_School,Married,0
104558,39,49869.0,0.0,20909.0,9.79,671.0,60,Own,Debt_Consolidation,High_School,Married,1
104559,21,35378.0,8.0,20419.0,11.01,710.0,60,Rent,Debt_Consolidation,High_School,Married,1
104560,33,25809.0,30.0,21695.0,9.38,685.0,48,Rent,Business,High_School,Single,0
104561,58,38200.0,25.0,22694.0,14.72,710.0,36,Own,Business,Bachelor,Single,1
104562,33,60219.0,10.0,7730.0,10.7,627.0,36,Rent,Education,Bachelor,Married,0
104563,38,38025.0,21.0,13227.0,10.76,721.0,72,Rent,Debt_Consolidation,Bachelor,Married,1
104564,38,117778.0,24.0,19721.0,7.84,702.0,60,Rent,Medical,PhD,Single,0
104565,62,47586.0,21.0,9915.0,7.66,622.0,60,,Debt_Consolidation,Master,Single,0
104566,38,108559.0,0.0,25327.0,9.91,668.0,48,Rent,Debt_Consolidation,High_School,Married,1
104567,57,164117.0,6.0,27781.0,12.4,720.0,36,Rent,Debt_Consolidation,Master,Married,1
104568,51,43477.0,2.0,22680.0,12.78,746.0,60,Mortgage,Home_Improvement,Master,Single,1
104569,24,83126.0,26.0,16822.0,9.31,733.0,48,Rent,Debt_Consolidation,PhD,Divorced,0
104570,33,91364.0,27.0,32263.0,12.99,638.0,60,Rent,Business,Bachelor,Married,1
104571,44,63793.0,0.0,22146.0,18.44,718.0,36,Rent,Home_Improvement,Master,Married,1
104572,38,42061.0,16.0,29075.0,11.19,745.0,48,Mortgage,Medical,Bachelor,Married,1
104573,55,109697.0,23.0,17524.0,,678.0,48,Rent,Education,Bachelor,Married,0
104574,44,54481.0,14.0,23257.0,14.12,607.0,60,Rent,Home_Improvement,Bachelor,Married,1
104575,59,58076.0,13.0,25787.0,10.38,647.0,60,Mortgage,Home_Improvement,High_School,Married,1
104576,28,34767.0,11.0,7043.0,13.4,573.0,60,Mortgage,Home_Improvement,Master,Married,0
104577,60,108013.0,16.0,22121.0,4.39,690.0,36,Rent,Debt_Consolidation,Master,Married,0
104578,39,86784.0,2.0,10887.0,7.79,728.0,36,Rent,Debt_Consolidation,Bachelor,Married,0
104579,23,72667.0,4.0,18674.0,12.1,691.0,60,Mortgage,Medical,High_School,Single,1
104580,57,58938.0,0.0,12865.0,4.81,712.0,60,Mortgage,Home_Improvement,Bachelor,Married,0
104581,54,48001.0,20.0,10737.0,9.45,687.0,60,Rent,Debt_Consolidation,Bachelor,Married,0
104582,65,92039.0,17.0,16111.0,12.73,638.0,60,Rent,Medical,Bachelor,Single,0
104583,56,40359.0,17.0,27133.0,14.93,770.0,60,Mortgage,Home_Improvement,High_School,Divorced,0
104584,43,57495.0,14.0,20600.0,9.24,684.0,36,Mortgage,Medical,Bachelor,Single,0
104585,40,45083.0,23.0,44566.0,11.5,741.0,48,Own,Debt_Consolidation,High_School,Married,0
104586,57,34036.0,1.0,21175.0,8.28,643.0,36,Rent,Home_Improvement,Bachelor,Single,0
104587,38,69513.0,21.0,19570.0,11.09,722.0,60,Rent,Medical,High_School,Divorced,0
104588,44,57018.0,20.0,14640.0,12.09,699.0,48,Mortgage,Medical,Bachelor,Married,0
104589,65,38629.0,10.0,26967.0,19.34,712.0,36,Rent,Education,Bachelor,Single,1
104590,48,50310.0,10.0,34757.0,11.12,695.0,72,Mortgage,Home_Improvement,Master,Divorced,1
104591,25,55877.0,9.0,5512.0,14.52,738.0,36,Rent,Debt_Consolidation,Bachelor,Married,0
104592,49,47117.0,14.0,28660.0,11.01,722.0,36,Rent,Debt_Consolidation,High_School,Single,1
104593,27,57645.0,15.0,12563.0,9.42,703.0,60,Mortgage,Debt_Consolidation,Master,Married,1
104594,58,91936.0,20.0,16103.0,5.13,629.0,36,Mortgage,Medical,High_School,Married,1
104595,23,42618.0,25.0,22749.0,4.0,715.0,36,Rent,Business,Master,Single,0
104596,49,54490.0,3.0,20218.0,5.2,700.0,36,Mortgage,Debt_Consolidation,Master,Married,0
104597,52,136555.0,9.0,34051.0,14.72,717.0,48,Rent,Debt_Consolidation,Bachelor,Married,1
104598,35,121450.0,11.0,30261.0,9.06,553.0,36,Mortgage,Debt_Consolidation,Master,Married,1
104599,52,92783.0,21.0,14032.0,8.48,629.0,60,Rent,Medical,Master,Divorced,0
104600,51,56608.0,18.0,18579.0,5.28,675.0,36,Rent,Debt_Consolidation,Master,Single,0
104601,45,39075.0,15.0,32468.0,14.77,673.0,36,Rent,Education,Bachelor,Married,1
104602,65,39270.0,17.0,13316.0,13.03,700.0,36,Mortgage,Medical,Bachelor,Single,1
104603,22,67116.0,8.0,15865.0,11.56,603.0,36,Mortgage,Medical,High_School,Single,1
104604,62,25956.0,25.0,28101.0,18.34,645.0,60,Own,Home_Improvement,Bachelor,Married,1
104605,48,55920.0,28.0,2000.0,11.81,675.0,48,Rent,Debt_Consolidation,Bachelor,Married,0
104606,63,57270.0,16.0,14634.0,9.91,732.0,60,Mortgage,Debt_Consolidation,High_School,Single,0
104607,45,29169.0,26.0,2000.0,9.04,672.0,36,Own,Education,Master,Married,0
104608,31,83572.0,17.0,20200.0,13.66,749.0,60,Mortgage,Debt_Consolidation,,Married,1
104609,32,127260.0,21.0,14844.0,18.01,702.0,60,Mortgage,Debt_Consolidation,Bachelor,Single,0
104610,29,18709.0,17.0,16738.0,10.11,730.0,60,Rent,Education,Bachelor,Single,0
104611,53,29486.0,19.0,12887.0,14.56,666.0,60,Rent,Medical,Master,Divorced,1
104612,61,39293.0,29.0,16235.0,4.0,729.0,48,Mortgage,Debt_Consolidation,Master,Single,0
104613,30,106820.0,25.0,9064.0,7.75,698.0,60,Rent,Education,High_School,Married,0
104614,42,119446.0,15.0,22282.0,5.28,660.0,60,Rent,Home_Improvement,Bachelor,Married,0
104615,36,90098.0,10.0,14180.0,11.29,619.0,36,Rent,Home_Improvement,Bachelor,Single,0
104616,21,55041.0,3.0,17482.0,10.3,624.0,36,Mortgage,Debt_Consolidation,Master,Married,0
104617,30,48233.0,27.0,13006.0,11.22,605.0,48,Mortgage,Medical,Master,Single,0
104618,44,83338.0,18.0,16509.0,11.77,737.0,36,Rent,Debt_Consolidation,High_School,Single,0
104619,54,88699.0,13.0,16713.0,14.21,785.0,60,Rent,Medical,PhD,Married,0
104620,49,66426.0,3.0,7802.0,6.38,573.0,60,Rent,Education,Bachelor,Single,1
104621,41,78661.0,15.0,13975.0,11.37,664.0,48,Rent,Education,Bachelor,Married,0
104622,62,75334.0,23.0,29807.0,8.9,695.0,48,Mortgage,Business,Master,Married,0
104623,45,132465.0,13.0,6460.0,10.64,834.0,48,Mortgage,Debt_Consolidation,Bachelor,Single,0
104624,50,38866.0,13.0,30975.0,4.75,670.0,60,Own,Education,Master,Divorced,0
104625,53,95766.0,9.0,8252.0,9.38,753.0,36,Rent,Business,Bachelor,Married,0
104626,26,62158.0,8.0,6590.0,9.38,640.0,48,Mortgage,Debt_Consolidation,High_School,Married,1
104627,31,43152.0,15.0,24068.0,5.85,596.0,36,Rent,Debt_Consolidation,Bachelor,Married,0
104628,29,78267.0,2.0,22894.0,11.99,756.0,60,Mortgage,Medical,Bachelor,Married,1
104629,31,62786.0,1.0,22005.0,5.59,614.0,36,Mortgage,Home_Improvement,Bachelor,Married,1
104630,43,31090.0,13.0,11387.0,4.27,743.0,36,Rent,Home_Improvement,Bachelor,Married,0
104631,55,101083.0,30.0,24444.0,13.34,695.0,36,Rent,Debt_Consolidation,Bachelor,Divorced,1
104632,52,55873.0,14.0,27998.0,9.66,653.0,60,Own,Debt_Consolidation,Bachelor,Married,0
104633,61,153438.0,16.0,25131.0,12.58,678.0,60,Rent,Home_Improvement,Bachelor,Married,0
104634,35,61586.0,16.0,29746.0,5.08,705.0,36,Rent,Medical,High_School,Married,0
104635,27,59760.0,16.0,17267.0,20.91,693.0,60,Mortgage,Medical,High_School,Married,0
104636,26,107338.0,7.0,28945.0,10.2,618.0,36,Mortgage,Home_Improvement,PhD,Single,0
104637,36,142958.0,24.0,7359.0,8.98,745.0,36,Own,Education,Master,Single,1
104638,58,40795.0,28.0,9595.0,12.2,697.0,36,Rent,Education,Bachelor,Divorced,0
104639,21,69978.0,12.0,2000.0,8.58,743.0,60,Mortgage,Home_Improvement,Master,Married,0
104640,44,54570.0,22.0,19022.0,11.49,652.0,36,Mortgage,Home_Improvement,Master,Married,0
104641,29,111685.0,14.0,16971.0,14.31,653.0,36,Rent,Debt_Consolidation,,Single,0
104642,61,78144.0,16.0,19964.0,4.83,720.0,36,Rent,Education,Bachelor,Married,0
104643,38,95719.0,15.0,22211.0,8.39,748.0,48,Rent,Education,Master,Single,0
104644,49,80864.0,27.0,28485.0,6.18,653.0,72,Own,Business,Master,Divorced,0
104645,56,68364.0,8.0,29546.0,9.29,731.0,60,Rent,Debt_Consolidation,Bachelor,Married,0
104646,29,34532.0,9.0,31034.0,13.04,762.0,60,Rent,Debt_Consolidation,Master,Married,1
104647,52,70635.0,11.0,6799.0,5.81,692.0,60,Mortgage,Education,Master,Single,0
104648,29,72254.0,12.0,25482.0,12.49,684.0,72,Rent,Education,High_School,Single,1
104649,53,40621.0,29.0,31478.0,10.51,701.0,48,Rent,Debt_Consolidation,PhD,Married,1
104650,64,101549.0,4.0,10392.0,15.23,698.0,60,Mortgage,Debt_Consolidation,Bachelor,Married,0
104651,57,116546.0,10.0,17027.0,7.73,626.0,48,Own,Home_Improvement,Bachelor,Married,0
104652,26,58621.0,1.0,28889.0,13.88,681.0,36,Mortgage,Medical,Master,Single,1
104653,53,54038.0,23.0,20201.0,11.47,708.0,36,Own,Business,Bachelor,Single,0
104654,33,50738.0,19.0,28052.0,12.61,735.0,48,Rent,Home_Improvement,Master,Single,1
104655,27,67282.0,17.0,14162.0,11.83,656.0,36,Own,Business,High_School,Single,0
104656,40,81106.0,30.0,29774.0,20.77,546.0,48,Mortgage,Debt_Consolidation,High_School,Divorced,1
104657,62,59270.0,0.0,30267.0,12.31,718.0,60,Mortgage,Education,Master,Single,0
104658,39,103261.0,21.0,18972.0,9.22,652.0,48,Mortgage,Debt_Consolidation,Bachelor,Single,0
104659,32,42550.0,7.0,18516.0,11.78,662.0,36,Mortgage,Home_Improvement,PhD,Single,1
104660,27,34022.0,0.0,26579.0,8.17,739.0,60,Mortgage,Debt_Consolidation,High_School,Married,1
104661,32,29873.0,14.0,17243.0,10.46,693.0,36,Rent,Debt_Consolidation,High_School,Single,1
104662,33,60572.0,18.0,2000.0,10.44,644.0,60,Rent,Education,Bachelor,Divorced,0
104663,54,41777.0,5.0,9303.0,9.26,649.0,36,Own,Debt_Consolidation,Master,Married,0
104664,48,20431.0,1.0,8529.0,9.39,690.0,48,Rent,Debt_Consolidation,High_School,Single,0
104665,63,194142.0,0.0,16767.0,11.58,676.0,60,Rent,Education,Bachelor,Single,0
104666,24,23072.0,17.0,36485.0,12.49,600.0,36,Rent,Debt_Consolidation,Master,Married,1
104667,53,95290.0,25.0,12489.0,10.49,655.0,36,Rent,Debt_Consolidation,High_School,Divorced,0
104668,52,87958.0,28.0,23647.0,7.94,712.0,72,Rent,Debt_Consolidation,Bachelor,Married,0
104669,28,99667.0,23.0,5620.0,8.29,636.0,36,Mortgage,Debt_Consolidation,High_School,Single,0
104670,27,74835.0,0.0,16149.0,9.66,729.0,36,Mortgage,Medical,Bachelor,Married,0
104671,40,95398.0,15.0,25983.0,11.73,715.0,60,Rent,Debt_Consolidation,Bachelor,Married,0
104672,42,62048.0,24.0,37667.0,13.07,,60,Own,Home_Improvement,Master,Married,1
104673,55,49587.0,2.0,18934.0,13.27,769.0,36,Rent,Home_Improvement,Bachelor,Divorced,1
104674,49,58877.0,26.0,26589.0,11.81,704.0,36,Rent,Medical,Bachelor,Married,0
104675,52,33601.0,26.0,17329.0,11.62,780.0,36,Own,Medical,Bachelor,Single,0
104676,52,67164.0,30.0,31019.0,11.59,600.0,36,Rent,Education,PhD,Married,1
104677,47,83708.0,0.0,20266.0,14.36,670.0,60,Rent,Debt_Consolidation,Master,Divorced,1
104678,50,53090.0,12.0,2000.0,11.23,647.0,60,Mortgage,Medical,High_School,Married,0
104679,22,59008.0,23.0,38044.0,,586.0,60,Rent,Business,Master,Married,1
104680,55,28059.0,10.0,16859.0,8.39,809.0,60,Rent,Debt_Consolidation,Bachelor,Married,0
104681,58,54108.0,12.0,6498.0,9.42,725.0,48,Rent,Debt_Consolidation,Bachelor,Married,0
104682,33,109492.0,11.0,24004.0,12.75,729.0,60,Rent,Education,Master,Single,0
104683,49,47879.0,12.0,18775.0,10.74,673.0,36,Rent,Home_Improvement,Master,Married,0
104684,65,66199.0,,32547.0,9.0,704.0,72,Own,Home_Improvement,Master,Divorced,0
104685,43,87908.0,3.0,17161.0,10.83,679.0,36,Rent,Home_Improvement,Bachelor,Single,1
104686,23,45943.0,25.0,23354.0,4.0,736.0,36,Rent,Business,Bachelor,Single,0
104687,65,42858.0,29.0,15325.0,7.75,715.0,60,Mortgage,Education,High_School,Single,0
104688,56,80280.0,29.0,26178.0,14.89,599.0,36,Own,Medical,Bachelor,Divorced,1
104689,49,83752.0,28.0,2000.0,9.01,731.0,36,Rent,Debt_Consolidation,Bachelor,Single,0
104690,54,33681.0,9.0,12896.0,13.57,657.0,36,Mortgage,Education,,Single,1
104691,51,38005.0,11.0,2000.0,6.81,674.0,60,Mortgage,Education,Master,Married,0
104692,47,37778.0,7.0,11310.0,10.49,,48,Mortgage,Home_Improvement,High_School,Single,0
104693,29,66811.0,23.0,26724.0,5.31,769.0,72,Mortgage,Home_Improvement,Master,Single,0
104694,52,102605.0,20.0,19809.0,12.9,672.0,48,Rent,Home_Improvement,Bachelor,Married,1
104695,62,39767.0,4.0,27382.0,14.11,763.0,60,Rent,Business,Master,Married,1
104696,21,30963.0,16.0,23705.0,14.82,746.0,36,Rent,Education,Bachelor,Married,1
104697,39,97994.0,17.0,26314.0,10.46,747.0,60,Rent,Education,Bachelor,Single,0
104698,28,86028.0,26.0,14213.0,12.2,711.0,36,Mortgage,Debt_Consolidation,Bachelor,Married,0
104699,34,35611.0,8.0,19232.0,7.46,637.0,72,Mortgage,Debt_Consolidation,Bachelor,Single,1
104700,55,60780.0,22.0,14718.0,11.22,716.0,36,Rent,Business,Bachelor,Married,0
104701,40,119022.0,5.0,39626.0,4.0,752.0,36,Mortgage,Home_Improvement,Master,Married,0
104702,65,83912.0,6.0,31815.0,13.33,730.0,48,Rent,Debt_Consolidation,High_School,Married,1
104703,49,41935.0,30.0,12927.0,12.79,660.0,48,Rent,Education,Bachelor,Married,1
104704,44,49821.0,20.0,11192.0,13.31,653.0,36,Mortgage,Business,Bachelor,Single,0
104705,63,39277.0,0.0,30004.0,4.0,643.0,60,Rent,Medical,High_School,Divorced,0
104706,34,52022.0,18.0,17045.0,5.7,695.0,60,Rent,Business,Bachelor,Single,0
104707,31,55161.0,10.0,23669.0,11.09,805.0,60,Rent,Debt_Consolidation,Master,Divorced,0
104708,35,59851.0,26.0,26478.0,5.09,758.0,60,Mortgage,Business,PhD,Single,0
104709,55,68528.0,5.0,6766.0,13.02,624.0,60,Mortgage,Medical,Master,Divorced,0
104710,40,54068.0,26.0,2000.0,9.71,759.0,72,Rent,Debt_Consolidation,Bachelor,Single,0
104711,53,70546.0,21.0,21210.0,13.63,633.0,60,Mortgage,Debt_Consolidation,Bachelor,Married,0
104712,24,90307.0,0.0,12094.0,17.17,750.0,48,Mortgage,Home_Improvement,Bachelor,Divorced,0
104713,30,41401.0,17.0,31866.0,9.27,739.0,60,Own,Home_Improvement,Master,Single,0
104714,26,103055.0,3.0,18209.0,12.5,656.0,36,Own,Debt_Consolidation,Bachelor,Married,0
104715,35,49241.0,25.0,36794.0,4.0,700.0,48,Rent,Debt_Consolidation,Bachelor,Divorced,0
104716,24,61468.0,23.0,22785.0,10.14,718.0,60,Mortgage,Debt_Consolidation,Bachelor,Married,1
104717,64,65140.0,24.0,8125.0,11.46,617.0,48,Rent,Home_Improvement,High_School,Married,0
104718,38,103607.0,9.0,11292.0,13.95,688.0,36,Rent,Debt_Consolidation,High_School,Single,0
104719,36,93859.0,27.0,38387.0,13.94,705.0,36,Rent,Debt_Consolidation,Bachelor,Single,1
104720,53,94904.0,13.0,23958.0,13.92,711.0,60,Mortgage,Debt_Consolidation,Bachelor,Single,1
104721,26,68203.0,16.0,21273.0,10.32,747.0,36,Mortgage,Debt_Consolidation,High_School,Single,0
104722,43,112374.0,3.0,21480.0,12.24,705.0,60,Mortgage,Debt_Consolidation,Bachelor,Single,1
104723,25,49003.0,12.0,23491.0,10.16,656.0,60,Mortgage,Debt_Consolidation,High_School,Divorced,0
104724,21,80185.0,30.0,24846.0,10.44,610.0,72,Mortgage,Debt_Consolidation,High_School,Married,0
104725,62,20499.0,13.0,20580.0,6.22,619.0,48,Own,Debt_Consolidation,Bachelor,Single,0
104726,40,58395.0,30.0,21864.0,7.0,716.0,60,Rent,Debt_Consolidation,High_School,Single,0
104727,21,64442.0,10.0,25699.0,10.93,752.0,36,Mortgage,Education,High_School,Divorced,1
104728,51,90680.0,5.0,7599.0,4.74,722.0,60,Mortgage,Debt_Consolidation,Master,Married,0
104729,53,46837.0,26.0,13349.0,,780.0,36,Rent,Debt_Consolidation,Bachelor,Single,0
104730,23,120449.0,21.0,14105.0,10.4,763.0,60,Mortgage,Business,Bachelor,Single,0
104731,34,83414.0,20.0,2000.0,9.8,554.0,60,Rent,Medical,Bachelor,Single,0
104732,23,41276.0,3.0,29805.0,4.0,692.0,60,Rent,Business,Master,Married,1
104733,59,93506.0,10.0,14358.0,11.76,757.0,60,Rent,Business,Master,Married,0
104734,33,170063.0,25.0,29615.0,10.23,749.0,60,Rent,Business,High_School,Single,1
104735,43,71504.0,22.0,22831.0,18.08,744.0,60,Own,Medical,Bachelor,Single,1
104736,56,168177.0,13.0,42489.0,8.32,654.0,60,Mortgage,Debt_Consolidation,Bachelor,Married,1
104737,42,65470.0,1.0,2259.0,16.94,635.0,60,Rent,Debt_Consolidation,High_School,Single,0
104738,29,62933.0,21.0,2000.0,11.22,651.0,36,Mortgage,Debt_Consolidation,Bachelor,Single,0
104739,53,51719.0,12.0,12159.0,11.03,746.0,72,Rent,Debt_Consolidation,Master,Married,0
104740,44,54987.0,14.0,4298.0,7.56,646.0,48,Rent,Medical,High_School,Divorced,0
104741,21,58648.0,22.0,4641.0,15.08,744.0,48,Rent,Business,High_School,Married,0
104742,33,64828.0,1.0,9558.0,7.89,696.0,60,Mortgage,Home_Improvement,High_School,Married,0
104743,62,42584.0,16.0,16328.0,11.97,796.0,48,Own,Education,Master,Divorced,1
104744,52,34187.0,4.0,25468.0,12.77,711.0,72,Rent,Business,PhD,Married,1
104745,30,70038.0,13.0,9958.0,6.34,795.0,60,Mortgage,Home_Improvement,High_School,Single,1
104746,44,84794.0,0.0,23829.0,11.81,641.0,48,Mortgage,Home_Improvement,High_School,Single,1
104747,46,43736.0,30.0,19360.0,14.76,682.0,60,Mortgage,Business,High_School,Single,1
104748,48,48796.0,19.0,19453.0,8.55,589.0,36,Mortgage,Debt_Consolidation,Master,Single,0
104749,52,107509.0,2.0,19959.0,11.7,,36,Own,Debt_Consolidation,Bachelor,Divorced,0
104750,21,54359.0,16.0,23266.0,10.31,716.0,36,Mortgage,Business,Master,Single,1
104751,40,42298.0,28.0,8663.0,10.4,680.0,36,Rent,Home_Improvement,High_School,Divorced,0
104752,48,84647.0,28.0,32424.0,14.27,718.0,36,Mortgage,Home_Improvement,High_School,Married,1
104753,63,33327.0,11.0,4665.0,8.05,596.0,48,Mortgage,Debt_Consolidation,Bachelor,Single,0
104754,62,41228.0,28.0,29729.0,8.73,653.0,36,Rent,Education,High_School,Married,0
104755,58,49429.0,14.0,21775.0,8.01,720.0,36,Rent,Home_Improvement,Bachelor,Divorced,0
104756,38,69503.0,14.0,22241.0,8.1,628.0,36,Own,Medical,Bachelor,Married,1
104757,23,44834.0,15.0,15723.0,9.11,664.0,60,Mortgage,Home_Improvement,High_School,Married,1
104758,49,38873.0,21.0,15637.0,11.68,808.0,60,Rent,Home_Improvement,Bachelor,Single,0
104759,37,48139.0,15.0,24487.0,5.02,683.0,36,Rent,Home_Improvement,High_School,Single,0
104760,35,32679.0,23.0,13074.0,12.74,627.0,36,Own,Debt_Consolidation,Master,Single,0
104761,47,53898.0,22.0,10990.0,7.67,701.0,36,Mortgage,Business,Master,Married,0
104762,45,52126.0,15.0,25815.0,7.85,746.0,36,Mortgage,Home_Improvement,Bachelor,Single,0
104763,54,51681.0,0.0,18952.0,15.43,778.0,36,Own,Debt_Consolidation,High_School,Single,0
104764,42,88668.0,3.0,14746.0,8.28,623.0,48,Mortgage,Business,Bachelor,Married,0
104765,39,72390.0,12.0,13549.0,8.59,710.0,60,Rent,Debt_Consolidation,Master,Single,0
104766,36,25610.0,29.0,31239.0,12.09,713.0,36,Rent,Debt_Consolidation,Master,Married,0
104767,40,92327.0,20.0,3574.0,8.66,557.0,60,Mortgage,Debt_Consolidation,High_School,Divorced,0
104768,38,98092.0,28.0,19211.0,14.91,787.0,60,Own,Debt_Consolidation,Master,Married,0
104769,39,109323.0,9.0,14842.0,4.0,687.0,48,Rent,Debt_Consolidation,Master,Married,0
104770,42,83708.0,25.0,27372.0,8.37,743.0,60,Own,Business,Master,Married,1
104771,28,41142.0,16.0,6865.0,13.11,629.0,60,Own,Education,Bachelor,Single,0
104772,53,42578.0,26.0,30667.0,,717.0,36,Rent,Debt_Consolidation,High_School,Married,0
104773,45,,5.0,2000.0,9.63,653.0,36,Mortgage,Home_Improvement,PhD,Married,0
104774,54,94110.0,20.0,24069.0,11.51,,36,Mortgage,Home_Improvement,PhD,Single,0
104775,33,86344.0,11.0,16517.0,7.81,667.0,60,Mortgage,Debt_Consolidation,Master,Married,0
104776,51,67914.0,12.0,30212.0,10.8,734.0,48,Rent,Debt_Consolidation,High_School,Single,1
104777,58,119380.0,28.0,2000.0,6.66,775.0,60,Rent,Education,PhD,Single,0
104778,55,74378.0,14.0,10893.0,6.97,697.0,60,Rent,Debt_Consolidation,Master,Single,0
104779,23,39470.0,9.0,14313.0,9.27,713.0,72,Rent,Education,Bachelor,Single,1
104780,64,76482.0,25.0,20077.0,14.61,807.0,36,Rent,Business,High_School,Single,1
104781,26,119023.0,,20740.0,15.59,634.0,48,Mortgage,Medical,High_School,Married,0
104782,65,51667.0,21.0,9117.0,12.48,755.0,36,Mortgage,Education,High_School,Single,0
104783,53,24752.0,7.0,33610.0,10.43,718.0,60,Mortgage,Business,High_School,Married,1
104784,29,35130.0,9.0,25842.0,5.21,691.0,48,Rent,Debt_Consolidation,Bachelor,Single,0
104785,29,32421.0,1.0,30968.0,11.12,666.0,72,Mortgage,Medical,Master,Married,1
104786,30,55753.0,16.0,25485.0,10.86,624.0,48,Rent,Home_Improvement,High_School,Single,0
104787,62,100136.0,20.0,41120.0,11.94,684.0,60,Mortgage,Home_Improvement,Bachelor,Single,1
104788,43,61327.0,6.0,33552.0,14.98,712.0,36,Rent,Education,Bachelor,Single,1
104789,25,45524.0,0.0,17583.0,15.75,685.0,48,Rent,Home_Improvement,High_School,Single,1
104790,64,70205.0,2.0,2000.0,11.82,687.0,60,Mortgage,Education,Bachelor,Single,1
104791,28,81054.0,13.0,21064.0,9.27,751.0,48,Own,Debt_Consolidation,High_School,Single,0
104792,53,152773.0,8.0,29853.0,17.94,706.0,60,Mortgage,Education,Bachelor,Married,1
104793,49,47344.0,17.0,18536.0,11.35,833.0,60,Mortgage,Debt_Consolidation,Bachelor,Single,0
104794,59,75622.0,4.0,15860.0,5.48,619.0,60,Mortgage,Home_Improvement,PhD,Single,0
104795,25,63712.0,17.0,28724.0,10.17,701.0,36,Mortgage,Business,Bachelor,Married,1
104796,39,34710.0,11.0,33058.0,10.24,,36,Mortgage,Home_Improvement,Bachelor,Single,0
104797,48,47764.0,24.0,23226.0,13.91,698.0,36,Rent,Business,Master,Single,1
104798,63,78087.0,8.0,2000.0,8.75,572.0,36,Mortgage,Home_Improvement,Master,Married,0
104799,39,69659.0,14.0,10315.0,7.07,784.0,60,Mortgage,Education,Bachelor,Married,0
104800,24,100790.0,11.0,26286.0,13.89,616.0,48,Own,Debt_Consolidation,High_School,Married,1
104801,45,65532.0,12.0,14971.0,6.09,587.0,36,Rent,Home_Improvement,High_School,Divorced,0
104802,26,69479.0,9.0,20298.0,4.86,775.0,48,Rent,Debt_Consolidation,Bachelor,Single,0
104803,22,48173.0,25.0,17754.0,9.15,689.0,36,Rent,Home_Improvement,Bachelor,Single,0
104804,55,126956.0,26.0,15498.0,7.26,675.0,60,Rent,Debt_Consolidation,Bachelor,Married,0
104805,35,54476.0,2.0,26916.0,12.7,736.0,60,Mortgage,Debt_Consolidation,High_School,Single,1
104806,55,107017.0,14.0,23678.0,9.32,659.0,60,Mortgage,Debt_Consolidation,High_School,Single,0
104807,56,59670.0,4.0,12964.0,12.8,793.0,48,Mortgage,Home_Improvement,High_School,Single,0
104808,33,47512.0,16.0,10880.0,7.87,612.0,36,Mortgage,Education,High_School,Married,0
104809,37,31569.0,20.0,19453.0,11.09,641.0,36,Rent,Medical,PhD,Single,1
104810,64,,18.0,4042.0,13.58,644.0,36,Mortgage,Debt_Consolidation,High_School,Single,0
104811,40,91891.0,14.0,35527.0,6.79,643.0,48,Rent,Debt_Consolidation,Master,Single,0
104812,27,55235.0,0.0,3222.0,,697.0,72,Mortgage,Medical,High_School,Divorced,0
104813,24,62282.0,28.0,14131.0,15.54,587.0,48,Rent,Business,Master,Divorced,0
104814,32,80996.0,8.0,10849.0,10.26,751.0,60,Rent,Debt_Consolidation,Bachelor,Married,1
104815,39,33581.0,6.0,21752.0,13.74,692.0,60,Mortgage,Debt_Consolidation,High_School,Married,1
104816,22,76005.0,0.0,27732.0,9.56,729.0,36,Mortgage,Debt_Consolidation,Bachelor,Single,1
104817,53,86851.0,19.0,26879.0,6.11,633.0,48,Rent,Debt_Consolidation,Bachelor,Married,1
104818,31,83498.0,28.0,25969.0,12.09,800.0,72,Own,Debt_Consolidation,Bachelor,Single,0
104819,58,,18.0,20543.0,15.37,697.0,36,Rent,Debt_Consolidation,Bachelor,Divorced,1
104820,24,,28.0,27449.0,7.76,656.0,36,Mortgage,Medical,Bachelor,Divorced,1
104821,47,70628.0,14.0,24230.0,18.18,778.0,60,Rent,Home_Improvement,High_School,Married,1
104822,29,97305.0,12.0,13595.0,5.33,573.0,36,Own,Business,Bachelor,Married,1
104823,35,119041.0,13.0,14722.0,9.55,726.0,60,Mortgage,Medical,Bachelor,Single,0
104824,35,20189.0,13.0,18095.0,9.12,677.0,60,Mortgage,Debt_Consolidation,Bachelor,Single,0
104825,32,72601.0,26.0,21309.0,9.43,577.0,60,Rent,Business,Bachelor,Married,0
104826,64,131230.0,4.0,19574.0,11.98,709.0,60,Mortgage,Debt_Consolidation,Master,Single,0
104827,22,55385.0,7.0,17740.0,9.67,,60,Own,Debt_Consolidation,Master,Single,0
104828,27,51038.0,17.0,11361.0,8.68,691.0,60,Rent,Home_Improvement,Master,Single,0
104829,27,37716.0,0.0,8133.0,10.67,669.0,36,Rent,Debt_Consolidation,Bachelor,Single,0
104830,63,128574.0,19.0,10722.0,12.32,675.0,36,Mortgage,Business,High_School,Married,0
104831,53,31499.0,26.0,20815.0,6.35,715.0,60,Mortgage,Debt_Consolidation,Bachelor,Married,0
104832,45,140108.0,9.0,29153.0,13.18,663.0,60,Own,Debt_Consolidation,Bachelor,Single,0
104833,27,67917.0,15.0,14579.0,10.25,700.0,48,Mortgage,Debt_Consolidation,Bachelor,Single,0
104834,27,82117.0,29.0,14576.0,4.0,661.0,72,Rent,Home_Improvement,Bachelor,Single,0
104835,31,47640.0,3.0,30396.0,12.06,779.0,36,Mortgage,Debt_Consolidation,Bachelor,Married,1
104836,49,96007.0,18.0,19116.0,,713.0,72,Mortgage,Education,Bachelor,Married,0
104837,38,24883.0,8.0,14048.0,14.8,740.0,36,Own,Debt_Consolidation,High_School,Married,0
104838,52,53496.0,7.0,16277.0,11.54,573.0,36,Rent,Home_Improvement,Master,Single,0
104839,52,51193.0,8.0,30080.0,14.17,727.0,60,Rent,Home_Improvement,High_School,Single,1
104840,46,132149.0,15.0,12490.0,5.41,792.0,60,Mortgage,Debt_Consolidation,PhD,Divorced,0
104841,50,95935.0,22.0,17625.0,6.26,748.0,72,Mortgage,Debt_Consolidation,PhD,Married,0
104842,50,79986.0,23.0,11013.0,11.24,685.0,60,Rent,Debt_Consolidation,High_School,Single,0
104843,46,46621.0,23.0,26847.0,10.03,710.0,36,Rent,Debt_Consolidation,High_School,Single,0
104844,32,31146.0,9.0,16995.0,8.95,758.0,36,Mortgage,Home_Improvement,Bachelor,Single,0
104845,40,26870.0,22.0,21891.0,7.44,748.0,48,Mortgage,Debt_Consolidation,Master,Single,0
104846,40,97142.0,7.0,20301.0,6.42,679.0,60,Rent,Business,Master,Married,0
104847,48,36073.0,29.0,15097.0,6.54,728.0,60,Rent,Business,Bachelor,Divorced,0
104848,36,52841.0,5.0,17296.0,4.28,714.0,60,Mortgage,Medical,Bachelor,Single,0
104849,36,38748.0,8.0,15055.0,,710.0,60,Mortgage,Home_Improvement,Bachelor,Single,0
104850,53,116741.0,0.0,14930.0,14.64,713.0,36,Mortgage,Education,Bachelor,Single,1
104851,29,52669.0,24.0,9878.0,5.07,654.0,36,Mortgage,Debt_Consolidation,Bachelor,Married,0
104852,39,127133.0,11.0,6794.0,12.17,735.0,60,Mortgage,Debt_Consolidation,Bachelor,Single,0
104853,48,62343.0,20.0,19450.0,,629.0,36,Mortgage,Business,PhD,Married,0
104854,38,51469.0,11.0,14260.0,15.39,702.0,60,Own,Education,High_School,Married,1
104855,48,55639.0,12.0,25098.0,10.36,703.0,72,Rent,Business,Bachelor,Married,1
104856,37,75043.0,23.0,13373.0,12.86,686.0,36,Mortgage,Business,Bachelor,Single,1
104857,47,62861.0,10.0,25570.0,13.21,748.0,72,Rent,Debt_Consolidation,Bachelor,Single,0
104858,63,16705.0,18.0,6577.0,7.76,719.0,60,Rent,Education,High_School,Single,0
104859,40,33379.0,15.0,13384.0,12.54,685.0,60,Own,Medical,Master,Single,1
104860,61,57777.0,26.0,5379.0,14.78,725.0,60,Own,,Master,Married,0
104861,51,138110.0,3.0,22336.0,12.72,822.0,72,Rent,Debt_Consolidation,High_School,Married,1
104862,49,77602.0,13.0,15283.0,10.66,628.0,60,Mortgage,Business,High_School,Single,0
104863,40,51013.0,11.0,9752.0,9.65,612.0,48,Mortgage,Home_Improvement,Bachelor,Married,0
104864,30,47669.0,17.0,23829.0,10.79,640.0,60,Rent,Business,High_School,Single,1
104865,37,31265.0,3.0,11564.0,9.12,721.0,72,Mortgage,Debt_Consolidation,High_School,Single,0
104866,64,48861.0,7.0,8645.0,7.34,749.0,60,Mortgage,Debt_Consolidation,Bachelor,Divorced,0
104867,37,57028.0,28.0,35222.0,11.68,691.0,60,Mortgage,Debt_Consolidation,Master,Married,0
104868,44,61673.0,22.0,20931.0,9.98,779.0,60,Mortgage,Debt_Consolidation,PhD,Divorced,0
104869,44,38544.0,30.0,14179.0,9.68,618.0,60,Mortgage,Home_Improvement,Bachelor,Married,0
104870,57,66928.0,21.0,24516.0,12.05,668.0,48,Rent,Business,High_School,Single,1
104871,55,124043.0,6.0,27053.0,4.0,640.0,60,Mortgage,Education,Master,Single,0
104872,24,105577.0,25.0,21653.0,10.01,634.0,72,Rent,Business,Bachelor,Divorced,0
104873,38,100584.0,28.0,30509.0,10.8,738.0,72,Rent,Debt_Consolidation,High_School,Married,0
104874,46,101426.0,17.0,14826.0,16.6,699.0,36,Rent,Home_Improvement,Bachelor,Married,0
104875,46,36453.0,12.0,2000.0,12.85,743.0,60,Rent,Debt_Consolidation,Bachelor,Married,0
104876,50,91194.0,24.0,12647.0,12.06,585.0,60,Rent,Debt_Consolidation,Bachelor,Married,1
104877,24,108740.0,8.0,17395.0,14.41,676.0,36,Mortgage,Medical,Bachelor,Married,1
104878,55,43469.0,27.0,12726.0,5.73,736.0,36,Own,Home_Improvement,Bachelor,Single,0
104879,64,258479.0,8.0,9531.0,13.45,618.0,36,Mortgage,Education,High_School,Married,0
104880,42,122137.0,8.0,11904.0,5.05,576.0,60,Rent,Home_Improvement,Master,Single,0
104881,39,94949.0,19.0,21581.0,5.07,613.0,60,Mortgage,Education,Bachelor,Single,0
104882,57,85554.0,19.0,16451.0,7.18,784.0,60,Own,Education,Master,Married,0
104883,33,69330.0,8.0,12644.0,11.67,707.0,60,Mortgage,Education,Bachelor,Married,0
104884,51,64979.0,28.0,5255.0,12.52,622.0,60,Rent,Education,Master,Married,1
104885,47,89154.0,0.0,19295.0,13.16,639.0,48,Mortgage,Debt_Consolidation,High_School,Divorced,1
104886,30,58071.0,5.0,10404.0,14.3,587.0,60,Mortgage,Home_Improvement,Bachelor,Divorced,0
104887,31,20350.0,4.0,6856.0,9.49,667.0,60,Rent,Debt_Consolidation,Bachelor,Married,0
104888,54,53045.0,14.0,35453.0,13.63,717.0,36,Rent,Debt_Consolidation,High_School,Single,1
104889,32,31374.0,20.0,13849.0,4.42,631.0,36,Rent,Debt_Consolidation,High_School,Single,0
104890,65,112214.0,3.0,5455.0,,648.0,48,Rent,Medical,,Married,0
104891,56,62986.0,8.0,22356.0,13.62,677.0,36,Rent,Medical,High_School,Married,1
104892,57,38085.0,26.0,13906.0,7.73,745.0,36,Mortgage,Debt_Consolidation,PhD,Married,0
104893,43,97804.0,2.0,11353.0,6.97,692.0,60,Rent,Home_Improvement,High_School,Married,0
104894,65,63876.0,25.0,23678.0,11.69,609.0,48,Rent,Debt_Consolidation,Bachelor,Single,1
104895,65,35282.0,12.0,22318.0,10.24,686.0,60,Rent,Medical,PhD,Married,1
104896,22,69633.0,17.0,21671.0,7.26,695.0,60,Mortgage,Debt_Consolidation,Bachelor,Married,0
104897,40,58188.0,25.0,10356.0,6.67,728.0,36,Rent,Debt_Consolidation,Master,Married,0
104898,53,91579.0,24.0,14514.0,7.84,651.0,36,Rent,Debt_Consolidation,High_School,Divorced,1
104899,33,93954.0,26.0,2000.0,6.78,696.0,36,Mortgage,Business,Bachelor,Single,0
104900,59,74194.0,2.0,26011.0,10.52,713.0,72,Own,Education,High_School,Single,0
104901,48,31580.0,28.0,15082.0,4.0,647.0,48,Mortgage,Education,Bachelor,Married,0
104902,49,50343.0,5.0,12203.0,9.66,659.0,36,Rent,Home_Improvement,Bachelor,Single,0
104903,35,60930.0,28.0,23960.0,17.37,673.0,36,Rent,Business,High_School,Married,1
104904,30,77502.0,12.0,2000.0,6.28,707.0,36,Mortgage,Debt_Consolidation,High_School,Divorced,0
104905,32,69968.0,3.0,19273.0,8.67,557.0,48,Mortgage,Education,Bachelor,Single,0
104906,42,38476.0,13.0,29391.0,7.78,727.0,36,Mortgage,Home_Improvement,Bachelor,Married,0
104907,56,47799.0,27.0,27040.0,6.65,679.0,36,Rent,Debt_Consolidation,Bachelor,Single,0
104908,39,77393.0,9.0,16564.0,10.31,732.0,60,Rent,Debt_Consolidation,Bachelor,Married,0
104909,28,74055.0,27.0,22610.0,14.42,750.0,36,Mortgage,Debt_Consolidation,PhD,Single,1
104910,62,73877.0,9.0,11153.0,8.45,515.0,60,Own,Home_Improvement,Bachelor,Divorced,0
104911,60,73432.0,23.0,32097.0,8.75,619.0,60,Mortgage,Debt_Consolidation,High_School,Single,0
104912,25,67726.0,17.0,12491.0,12.53,677.0,60,Mortgage,Education,Bachelor,Married,0
104913,47,30613.0,8.0,31658.0,13.44,693.0,36,Mortgage,Education,PhD,Married,0
104914,44,65738.0,5.0,25426.0,8.11,686.0,48,Rent,Debt_Consolidation,Bachelor,Married,0
104915,65,101423.0,5.0,3393.0,16.0,654.0,60,Mortgage,Debt_Consolidation,High_School,Married,0
104916,38,52133.0,14.0,28537.0,10.32,677.0,48,Mortgage,Home_Improvement,Bachelor,Single,1
104917,42,123586.0,29.0,24158.0,10.14,621.0,36,Mortgage,Debt_Consolidation,PhD,Married,0
104918,23,109889.0,30.0,25908.0,,684.0,60,Rent,Business,Bachelor,Single,1
104919,24,79048.0,16.0,16648.0,11.53,715.0,36,Rent,Debt_Consolidation,,Divorced,0
104920,42,59971.0,29.0,20428.0,4.88,601.0,60,Rent,Debt_Consolidation,Bachelor,Single,0
104921,27,73432.0,22.0,21375.0,5.7,728.0,48,Mortgage,Education,Master,Married,0
104922,37,89991.0,7.0,10456.0,8.75,609.0,72,Mortgage,Debt_Consolidation,High_School,Married,1
104923,63,96298.0,12.0,22856.0,9.95,672.0,36,Rent,Debt_Consolidation,High_School,Single,1
104924,29,111260.0,26.0,2000.0,13.54,653.0,36,Rent,Medical,PhD,Married,0
104925,43,57635.0,24.0,20575.0,6.82,597.0,72,Mortgage,Home_Improvement,Master,Single,0
104926,58,39098.0,7.0,8348.0,6.91,791.0,48,Mortgage,Debt_Consolidation,High_School,Divorced,0
104927,62,101178.0,11.0,21585.0,12.32,677.0,36,Own,Medical,High_School,Married,0
104928,53,191898.0,15.0,2000.0,12.81,651.0,72,Rent,Debt_Consolidation,Bachelor,Single,0
104929,41,34743.0,17.0,12723.0,11.76,686.0,60,Rent,Home_Improvement,Bachelor,Single,0
104930,30,118640.0,7.0,28923.0,9.23,711.0,48,Own,Education,Bachelor,Single,0
104931,36,112604.0,9.0,25083.0,13.24,643.0,60,Rent,Home_Improvement,Bachelor,Divorced,0
104932,49,50313.0,21.0,15032.0,9.54,752.0,72,Rent,Medical,Master,Married,0
104933,43,120626.0,1.0,10622.0,11.33,689.0,36,Rent,Home_Improvement,High_School,Single,0
104934,25,56454.0,25.0,4641.0,5.91,638.0,36,Rent,Education,Bachelor,Married,0
104935,46,72849.0,24.0,27156.0,5.75,764.0,36,Mortgage,Business,Bachelor,Single,0
104936,33,24352.0,5.0,8222.0,5.23,731.0,60,Own,Medical,Bachelor,Married,0
104937,30,137515.0,22.0,10011.0,8.96,603.0,60,Rent,Debt_Consolidation,Bachelor,Married,0
104938,23,108754.0,5.0,28620.0,9.42,699.0,36,Own,Debt_Consolidation,High_School,Married,1
104939,49,103066.0,23.0,6730.0,12.79,750.0,60,Mortgage,Debt_Consolidation,PhD,Married,0
104940,21,38854.0,26.0,34582.0,10.04,704.0,36,Mortgage,Debt_Consolidation,PhD,Married,0
104941,46,63350.0,28.0,21485.0,7.12,714.0,48,Rent,Business,Bachelor,Single,0
104942,60,60745.0,11.0,29133.0,11.83,591.0,60,Own,Debt_Consolidation,,Married,1
104943,55,58894.0,25.0,33769.0,4.59,721.0,60,Rent,Debt_Consolidation,High_School,Divorced,0
104944,35,75349.0,16.0,3147.0,9.21,701.0,48,Rent,Home_Improvement,Bachelor,Married,0
104945,50,53705.0,18.0,23934.0,8.74,747.0,36,Mortgage,Debt_Consolidation,Bachelor,Divorced,1
104946,63,53180.0,21.0,22970.0,4.48,814.0,60,Mortgage,Debt_Consolidation,Bachelor,Married,0
104947,47,85125.0,0.0,7216.0,12.43,697.0,36,Mortgage,Debt_Consolidation,Master,Single,1
104948,55,86346.0,30.0,11334.0,7.15,734.0,72,Rent,Debt_Consolidation,Master,Married,0
104949,54,97417.0,24.0,33601.0,8.91,653.0,60,Mortgage,Home_Improvement,Bachelor,Divorced,1
104950,26,108627.0,22.0,28959.0,16.99,733.0,36,Rent,Debt_Consolidation,Bachelor,Single,1
104951,47,49003.0,19.0,15555.0,11.49,733.0,60,Rent,Debt_Consolidation,Bachelor,Married,0
104952,25,45613.0,6.0,3027.0,8.15,637.0,48,Mortgage,Debt_Consolidation,Bachelor,Single,0
104953,63,36656.0,20.0,18152.0,17.35,689.0,60,Rent,Medical,High_School,Single,1
104954,53,60920.0,27.0,17508.0,11.76,639.0,48,Own,Home_Improvement,High_School,Divorced,0
104955,64,93939.0,23.0,4547.0,10.1,622.0,36,Rent,Debt_Consolidation,High_School,Single,1
104956,45,31655.0,2.0,20480.0,12.63,686.0,48,Mortgage,Debt_Consolidation,Master,Divorced,0
104957,61,81568.0,27.0,17151.0,8.19,676.0,36,Rent,Debt_Consolidation,Bachelor,Married,0
104958,25,40952.0,22.0,36033.0,7.9,774.0,60,Mortgage,Education,Master,Single,0
104959,28,69026.0,12.0,10327.0,5.44,734.0,60,Own,Business,Bachelor,Divorced,0
104960,45,69047.0,28.0,17173.0,7.94,721.0,48,Mortgage,Education,Master,Single,0
104961,63,40462.0,26.0,26115.0,12.15,666.0,60,Mortgage,Debt_Consolidation,Bachelor,Married,1
104962,54,41463.0,2.0,16970.0,12.04,734.0,48,Rent,Home_Improvement,Master,Single,0
104963,65,50352.0,21.0,24199.0,12.81,710.0,36,Rent,Business,High_School,Divorced,1
104964,53,39435.0,27.0,10387.0,14.65,684.0,36,Rent,Education,Bachelor,Married,0
104965,28,67724.0,22.0,23196.0,11.41,734.0,60,Mortgage,Medical,Master,Married,0
104966,30,61490.0,21.0,32251.0,10.76,655.0,36,Rent,Debt_Consolidation,Bachelor,Single,1
104967,23,67856.0,1.0,14183.0,9.61,733.0,60,Rent,Debt_Consolidation,Bachelor,Single,0
104968,37,67010.0,26.0,19739.0,9.17,681.0,60,Rent,Debt_Consolidation,Bachelor,Single,0
104969,23,111794.0,4.0,14598.0,15.22,692.0,48,Own,Business,Bachelor,Single,0
104970,41,84439.0,17.0,2000.0,7.53,629.0,36,Mortgage,Education,Master,Single,0
104971,21,61294.0,25.0,22730.0,10.89,649.0,48,Rent,Debt_Consolidation,Master,Single,1
104972,31,103686.0,7.0,20289.0,7.56,735.0,48,Rent,,High_School,Married,0
104973,22,54715.0,22.0,24713.0,4.99,722.0,36,Mortgage,Medical,Master,Divorced,0
104974,55,71104.0,28.0,12063.0,9.13,682.0,60,Rent,Home_Improvement,Bachelor,Single,0
104975,29,46684.0,12.0,8612.0,8.74,634.0,60,Mortgage,Education,PhD,Single,0
104976,54,58415.0,6.0,10395.0,11.5,698.0,36,Mortgage,Debt_Consolidation,High_School,Married,0
104977,39,74268.0,29.0,15215.0,7.39,606.0,36,Own,Business,High_School,Single,0
104978,43,78578.0,0.0,17729.0,8.07,661.0,36,Mortgage,Education,Bachelor,Single,0
104979,41,39215.0,21.0,2000.0,15.0,735.0,60,Own,Business,Bachelor,Married,0
104980,41,92301.0,7.0,2000.0,10.63,637.0,36,Own,Debt_Consolidation,Bachelor,Single,0
104981,26,92845.0,10.0,32411.0,14.31,639.0,60,Mortgage,Home_Improvement,Master,Single,1
104982,50,68934.0,19.0,12275.0,12.13,,48,Mortgage,Debt_Consolidation,Bachelor,Married,1
104983,36,87553.0,22.0,13455.0,8.56,694.0,36,Rent,Debt_Consolidation,High_School,Married,0
104984,56,56610.0,15.0,33204.0,9.92,738.0,60,Rent,Debt_Consolidation,Master,Single,0
104985,64,63606.0,24.0,11330.0,9.37,777.0,36,Rent,Debt_Consolidation,Bachelor,Married,0
104986,26,54279.0,23.0,34760.0,10.7,593.0,36,Rent,Debt_Consolidation,High_School,Married,1
104987,42,89585.0,3.0,30930.0,9.11,774.0,60,Mortgage,Medical,Bachelor,Single,0
104988,39,57585.0,3.0,8303.0,10.72,729.0,60,Own,Home_Improvement,PhD,Single,0
104989,53,68884.0,8.0,23318.0,15.3,622.0,72,Own,Debt_Consolidation,Bachelor,Married,1
104990,54,58097.0,21.0,2000.0,13.23,763.0,36,Mortgage,Home_Improvement,Bachelor,Divorced,0
104991,26,36760.0,24.0,27800.0,16.08,681.0,36,Mortgage,Debt_Consolidation,High_School,Divorced,1
104992,31,78123.0,1.0,12463.0,6.34,667.0,36,Rent,Education,Bachelor,Married,0
104993,35,52443.0,13.0,19755.0,5.43,602.0,60,Rent,Debt_Consolidation,High_School,Divorced,1
104994,42,67858.0,23.0,17178.0,11.44,741.0,60,Rent,Business,Bachelor,Married,0
104995,46,66717.0,7.0,2000.0,12.86,697.0,36,Rent,Business,Bachelor,Married,0
104996,51,37032.0,0.0,14450.0,13.95,753.0,60,Mortgage,Business,PhD,Married,0
104997,24,45106.0,14.0,7037.0,6.12,690.0,60,Mortgage,Debt_Consolidation,Bachelor,Divorced,0
104998,59,143833.0,2.0,18033.0,9.22,661.0,72,Rent,Business,Bachelor,Single,0
104999,35,58792.0,12.0,26885.0,4.91,709.0,48,Own,Business,Bachelor,Married,1
105000,24,43408.0,7.0,10379.0,12.23,608.0,48,Mortgage,Business,Bachelor,Married,1
105001,46,84110.0,21.0,10227.0,,763.0,36,Rent,Debt_Consolidation,Bachelor,Single,0
105002,26,58664.0,1.0,23617.0,10.98,664.0,36,Rent,Business,Bachelor,Single,1
105003,51,67822.0,26.0,2000.0,9.59,696.0,60,,Business,High_School,Divorced,0
105004,62,56376.0,7.0,15514.0,11.58,716.0,36,Mortgage,Debt_Consolidation,High_School,Married,0
105005,52,92551.0,22.0,11890.0,14.44,729.0,60,Rent,Debt_Consolidation,Bachelor,Married,0
105006,37,81639.0,4.0,18218.0,12.73,710.0,72,Rent,Debt_Consolidation,Master,Married,0
105007,37,73231.0,26.0,4231.0,6.02,716.0,36,Mortgage,Debt_Consolidation,Master,Single,0
105008,34,122520.0,21.0,24616.0,10.19,689.0,60,Own,Education,Master,Single,0
105009,34,77475.0,22.0,37045.0,18.29,604.0,60,Rent,Debt_Consolidation,Bachelor,Married,1
105010,49,113040.0,9.0,20035.0,8.52,700.0,36,Mortgage,Debt_Consolidation,PhD,Married,0
105011,57,47710.0,19.0,8729.0,7.77,692.0,60,Rent,Home_Improvement,PhD,Single,1
105012,34,71938.0,13.0,22356.0,10.89,725.0,60,Rent,Debt_Consolidation,Bachelor,Married,0
105013,52,81805.0,17.0,2000.0,11.95,661.0,36,Rent,Debt_Consolidation,Bachelor,Single,0
105014,52,109496.0,20.0,15972.0,11.79,676.0,48,Mortgage,Debt_Consolidation,Bachelor,Single,0
105015,58,62718.0,24.0,21711.0,4.18,707.0,48,Rent,Education,Master,Married,0
105016,51,92366.0,12.0,5958.0,13.81,723.0,48,Mortgage,Education,Bachelor,Married,0
105017,53,70172.0,21.0,28969.0,9.08,728.0,36,Mortgage,Home_Improvement,Bachelor,Single,0
105018,64,61178.0,12.0,11143.0,5.79,671.0,72,Rent,Debt_Consolidation,Master,Single,0
105019,38,144543.0,22.0,16985.0,7.02,626.0,60,Mortgage,Business,Master,Single,0
105020,48,61264.0,15.0,6071.0,9.72,650.0,60,Rent,Medical,High_School,Divorced,0
105021,33,59092.0,15.0,23060.0,13.91,643.0,60,Mortgage,Home_Improvement,Bachelor,Single,0
105022,53,151118.0,6.0,16929.0,7.6,625.0,72,Rent,Debt_Consolidation,Bachelor,Married,0
105023,23,67185.0,3.0,21023.0,9.27,616.0,36,Rent,Business,High_School,Married,1
105024,45,19468.0,18.0,12578.0,14.62,574.0,36,Rent,Education,High_School,Single,1
105025,35,46630.0,5.0,18320.0,5.53,693.0,60,Rent,Debt_Consolidation,Bachelor,Married,0
105026,61,64202.0,7.0,3812.0,10.55,680.0,60,Rent,Medical,Bachelor,Single,0
105027,54,40308.0,23.0,23332.0,9.14,690.0,60,Rent,Debt_Consolidation,Bachelor,Married,0
105028,57,134002.0,28.0,4904.0,12.23,721.0,36,Mortgage,Home_Improvement,High_School,Married,0
105029,59,44017.0,3.0,33405.0,12.11,647.0,60,Mortgage,Debt_Consolidation,Bachelor,Married,1
105030,55,70501.0,26.0,21946.0,11.09,748.0,60,Mortgage,Business,High_School,Married,1
105031,25,51784.0,10.0,16371.0,15.06,687.0,48,Rent,Debt_Consolidation,Bachelor,Married,1
105032,35,84010.0,6.0,21282.0,10.7,639.0,60,Rent,Education,Bachelor,Married,1
105033,40,52867.0,,31517.0,15.4,827.0,60,Rent,Home_Improvement,Bachelor,Married,0
105034,36,20687.0,8.0,32065.0,14.61,748.0,60,Rent,Debt_Consolidation,Master,Divorced,1
105035,54,45932.0,13.0,32299.0,12.2,652.0,36,Rent,Medical,High_School,Single,1
105036,29,91078.0,8.0,31244.0,9.97,674.0,60,Rent,Home_Improvement,Bachelor,Single,1
105037,42,83348.0,22.0,15091.0,13.39,680.0,60,Mortgage,Home_Improvement,Master,Single,1
105038,31,78142.0,5.0,15461.0,13.61,804.0,60,Mortgage,Debt_Consolidation,Bachelor,Married,0
105039,53,61773.0,24.0,25120.0,17.35,764.0,60,Rent,Business,Bachelor,Single,0
105040,46,40888.0,14.0,35301.0,11.57,749.0,72,Rent,Debt_Consolidation,Bachelor,Married,0
105041,42,76551.0,25.0,15559.0,11.08,586.0,36,Own,Business,Bachelor,Single,1
105042,37,85717.0,11.0,14508.0,8.49,660.0,36,Mortgage,Home_Improvement,Bachelor,Married,0
105043,39,64902.0,6.0,16869.0,6.55,697.0,60,Rent,Home_Improvement,Bachelor,Single,0
105044,48,143725.0,6.0,33708.0,9.38,750.0,48,Rent,Home_Improvement,Bachelor,Single,0
105045,64,70655.0,20.0,11932.0,5.16,748.0,60,Mortgage,Medical,Bachelor,Married,0
105046,42,84536.0,3.0,21416.0,11.67,,72,Rent,Education,High_School,Single,1
105047,49,33487.0,4.0,38934.0,10.6,704.0,60,Mortgage,Business,High_School,Married,1
105048,54,42866.0,23.0,33760.0,14.35,625.0,36,Mortgage,Education,Master,Married,1
105049,57,50912.0,5.0,24371.0,11.31,708.0,36,Rent,Home_Improvement,Bachelor,Single,1
105050,64,66918.0,5.0,25628.0,,696.0,36,Rent,Debt_Consolidation,High_School,Single,1
105051,22,66143.0,2.0,19977.0,5.13,662.0,60,Rent,Debt_Consolidation,Master,Divorced,1
105052,57,66102.0,18.0,12388.0,11.15,755.0,36,Mortgage,Home_Improvement,Bachelor,Married,0
105053,48,78256.0,20.0,14789.0,7.62,733.0,72,Mortgage,Home_Improvement,Bachelor,Married,0
105054,63,51843.0,1.0,19707.0,9.48,599.0,60,Mortgage,Medical,Master,Single,1
105055,38,84660.0,20.0,21159.0,4.0,781.0,60,Mortgage,Business,Bachelor,Single,0
105056,50,66290.0,22.0,28061.0,14.11,830.0,60,Rent,Home_Improvement,Master,Single,0
105057,60,49534.0,30.0,27587.0,4.0,713.0,48,Mortgage,Debt_Consolidation,Bachelor,Married,0
105058,23,86824.0,25.0,37867.0,9.15,681.0,60,Rent,Medical,High_School,Single,1
105059,37,73498.0,6.0,14420.0,7.69,684.0,36,Rent,Education,Bachelor,Married,0
105060,37,59420.0,7.0,22604.0,11.01,780.0,48,Rent,Home_Improvement,High_School,Divorced,1
105061,23,123910.0,18.0,35076.0,8.53,677.0,60,Rent,Debt_Consolidation,High_School,Divorced,1
105062,56,80285.0,20.0,23307.0,13.06,732.0,48,Rent,Home_Improvement,Bachelor,Married,1
105063,34,70619.0,21.0,7496.0,9.66,706.0,72,Rent,Medical,Bachelor,Divorced,0
105064,50,91534.0,0.0,16126.0,4.64,767.0,60,Own,Debt_Consolidation,Master,Married,0
105065,28,139203.0,24.0,35408.0,9.63,701.0,60,Rent,Debt_Consolidation,Bachelor,Single,0
105066,50,183707.0,30.0,29777.0,12.81,738.0,72,Mortgage,Debt_Consolidation,Bachelor,Divorced,0
105067,33,75550.0,7.0,20067.0,6.28,658.0,60,Mortgage,Home_Improvement,High_School,Married,0
105068,37,61091.0,13.0,43561.0,18.02,723.0,36,Own,Medical,Master,Single,1
105069,23,47296.0,7.0,11077.0,7.07,682.0,36,Mortgage,Home_Improvement,High_School,Married,0
105070,42,53799.0,20.0,32572.0,7.81,767.0,36,Own,Medical,PhD,Married,0
105071,63,53624.0,9.0,13632.0,7.59,658.0,36,,Business,Master,Married,0
105072,41,374702.0,9.0,17197.0,8.52,618.0,36,Mortgage,Debt_Consolidation,Master,Married,0
105073,27,96952.0,27.0,28661.0,12.04,599.0,60,Mortgage,Debt_Consolidation,Bachelor,Married,0
105074,56,26114.0,2.0,7675.0,10.58,670.0,48,Rent,Debt_Consolidation,Bachelor,Married,1
105075,22,78905.0,12.0,8875.0,8.9,638.0,48,Rent,Debt_Consolidation,Bachelor,Married,0
105076,28,75673.0,17.0,9499.0,12.07,744.0,60,Rent,Business,Bachelor,Married,0
105077,38,63728.0,8.0,33832.0,11.02,707.0,60,Mortgage,Education,Bachelor,Single,1
105078,41,69273.0,1.0,20082.0,6.67,615.0,48,Mortgage,Business,High_School,Married,0
105079,55,87842.0,16.0,10290.0,12.65,688.0,36,Rent,Business,Master,Single,0
105080,25,76407.0,21.0,5466.0,8.49,734.0,36,Mortgage,Home_Improvement,Bachelor,Married,0
105081,47,42558.0,14.0,25760.0,5.18,644.0,36,Own,Debt_Consolidation,Bachelor,Divorced,0
105082,38,53114.0,17.0,14919.0,4.0,656.0,36,Own,Medical,Master,Married,0
105083,21,105290.0,12.0,22784.0,10.68,651.0,48,Own,Home_Improvement,Master,Married,0
105084,34,26745.0,30.0,4184.0,8.66,822.0,36,Mortgage,Debt_Consolidation,Bachelor,Married,0
105085,38,68848.0,5.0,7161.0,10.64,736.0,36,Mortgage,Debt_Consolidation,Master,Married,0
105086,25,49930.0,28.0,19021.0,10.83,656.0,60,Mortgage,Debt_Consolidation,Bachelor,Married,0
105087,31,32539.0,4.0,21878.0,16.41,693.0,60,Rent,Home_Improvement,PhD,Single,1
105088,46,84281.0,2.0,5933.0,14.07,676.0,36,Mortgage,Debt_Consolidation,Master,Single,0
105089,33,84071.0,0.0,18457.0,12.97,612.0,36,Rent,Education,Bachelor,Single,1
105090,61,39314.0,13.0,18181.0,8.92,639.0,36,Own,Home_Improvement,Master,Married,1
105091,42,42138.0,23.0,40227.0,12.75,721.0,60,Mortgage,Home_Improvement,High_School,Divorced,1
105092,31,33350.0,29.0,14283.0,11.31,609.0,60,Rent,Home_Improvement,High_School,Married,0
105093,51,61424.0,26.0,16861.0,12.78,625.0,36,Mortgage,Business,Bachelor,Married,0
105094,49,48460.0,17.0,12973.0,5.89,685.0,48,Rent,Debt_Consolidation,Bachelor,Married,0
105095,57,88713.0,19.0,23763.0,9.17,672.0,48,Rent,Education,High_School,Single,1
105096,59,124542.0,27.0,12351.0,9.26,609.0,36,Rent,Business,High_School,Married,0
105097,39,99465.0,5.0,25249.0,15.47,756.0,60,Rent,Medical,High_School,Married,1
105098,27,125815.0,4.0,22447.0,9.65,685.0,36,Rent,Home_Improvement,High_School,Single,0
105099,48,50042.0,27.0,15316.0,13.2,747.0,60,Rent,Education,High_School,Married,0
105100,37,41674.0,17.0,16143.0,10.64,685.0,60,Mortgage,Business,Master,Married,1
105101,49,51547.0,0.0,5136.0,12.47,606.0,60,Rent,Medical,High_School,Single,0
105102,62,54850.0,28.0,21051.0,11.43,750.0,60,Mortgage,Medical,Bachelor,Single,0
105103,39,37314.0,18.0,19628.0,11.22,763.0,60,Rent,Business,Bachelor,Married,0
105104,53,49626.0,6.0,19865.0,7.11,723.0,60,Rent,Debt_Consolidation,High_School,Married,1
105105,60,190992.0,11.0,2000.0,14.09,640.0,36,Mortgage,Debt_Consolidation,High_School,Single,0
105106,54,72880.0,27.0,12966.0,6.84,687.0,60,Rent,Debt_Consolidation,PhD,Married,0
105107,63,58222.0,22.0,21377.0,12.94,747.0,72,Mortgage,Debt_Consolidation,Master,Single,0
105108,48,30613.0,18.0,33800.0,7.59,732.0,60,Rent,Education,Master,Married,0
105109,47,143096.0,24.0,17670.0,12.79,637.0,48,Mortgage,Home_Improvement,Bachelor,Married,1
105110,22,69938.0,26.0,22884.0,12.62,693.0,48,Own,Home_Improvement,Bachelor,Married,0
105111,54,74761.0,20.0,2000.0,13.45,725.0,60,Mortgage,Home_Improvement,Bachelor,Married,0
105112,30,58772.0,23.0,9722.0,7.0,691.0,60,Rent,Debt_Consolidation,Bachelor,Single,0
105113,60,36102.0,14.0,14293.0,8.97,692.0,48,Own,Debt_Consolidation,Bachelor,Single,0
105114,32,106411.0,28.0,20390.0,18.93,651.0,36,Rent,Education,PhD,Married,0
105115,27,55159.0,2.0,24509.0,13.19,702.0,36,Rent,Debt_Consolidation,Master,Married,0
105116,60,78844.0,8.0,3788.0,11.47,670.0,60,Mortgage,Home_Improvement,High_School,Married,0
105117,33,92434.0,0.0,2000.0,7.3,669.0,36,Rent,Debt_Consolidation,High_School,Single,0
105118,31,37820.0,7.0,10078.0,8.13,748.0,48,Mortgage,Debt_Consolidation,Bachelor,Married,0
105119,41,127609.0,13.0,17828.0,12.36,611.0,48,Rent,Debt_Consolidation,High_School,Married,0
105120,56,92601.0,18.0,12477.0,11.09,701.0,36,Rent,Home_Improvement,Master,Married,0
105121,58,96576.0,23.0,27816.0,11.39,632.0,36,Rent,Medical,Bachelor,Single,1
105122,54,35122.0,2.0,32830.0,17.05,673.0,48,Mortgage,Debt_Consolidation,Bachelor,Married,1
105123,31,144516.0,,17152.0,10.84,647.0,48,Mortgage,Education,Master,Married,0
105124,44,93924.0,1.0,9248.0,9.43,692.0,60,Mortgage,Business,High_School,Married,0
105125,41,50854.0,22.0,4795.0,12.49,637.0,60,Rent,Debt_Consolidation,Master,Single,0
105126,60,68650.0,29.0,17395.0,13.22,726.0,36,Rent,Debt_Consolidation,Bachelor,Married,0
105127,49,165966.0,14.0,20205.0,15.62,681.0,60,Rent,Debt_Consolidation,Bachelor,Married,0
105128,62,57105.0,18.0,19353.0,9.21,818.0,36,Rent,Business,Bachelor,Divorced,0
105129,34,56310.0,26.0,7208.0,7.13,654.0,60,Rent,Home_Improvement,Bachelor,Married,0
105130,43,57887.0,4.0,11930.0,9.05,664.0,60,Rent,Debt_Consolidation,High_School,Single,1
105131,41,53111.0,3.0,20516.0,9.54,659.0,60,Own,Debt_Consolidation,Master,Married,0
105132,37,55786.0,4.0,28058.0,8.43,776.0,72,Rent,Education,High_School,Married,1
105133,36,80632.0,25.0,16040.0,10.24,622.0,36,Rent,Debt_Consolidation,Bachelor,Married,0
105134,55,30347.0,26.0,17586.0,9.2,673.0,72,Rent,Debt_Consolidation,Bachelor,Married,0
105135,63,85831.0,3.0,20352.0,13.66,639.0,72,Mortgage,Education,High_School,Single,1
105136,24,37521.0,25.0,17701.0,11.55,675.0,60,Mortgage,Debt_Consolidation,High_School,Married,1
105137,60,33291.0,12.0,7150.0,11.93,630.0,36,Own,Debt_Consolidation,High_School,Married,1
105138,39,29186.0,10.0,23466.0,9.04,715.0,60,Rent,Home_Improvement,Master,Single,0
105139,43,85043.0,1.0,16614.0,14.45,662.0,36,Mortgage,Debt_Consolidation,High_School,Married,0
105140,59,43962.0,2.0,16756.0,15.06,656.0,72,Mortgage,Debt_Consolidation,High_School,Single,1
105141,40,92314.0,21.0,25103.0,12.62,673.0,36,Mortgage,Debt_Consolidation,High_School,Single,1
105142,58,94054.0,7.0,14926.0,12.73,682.0,36,Mortgage,Home_Improvement,High_School,Single,0
105143,53,45942.0,23.0,27299.0,9.05,665.0,60,Rent,Home_Improvement,Master,Single,0
105144,54,89942.0,25.0,2000.0,8.94,654.0,60,Own,Debt_Consolidation,Bachelor,Single,0
105145,41,37088.0,11.0,15938.0,9.41,762.0,36,Mortgage,Debt_Consolidation,High_School,Married,0
105146,41,74929.0,11.0,18226.0,9.43,713.0,60,Mortgage,Debt_Consolidation,High_School,Single,0
105147,23,65978.0,6.0,24324.0,8.86,755.0,60,Rent,Home_Improvement,Bachelor,Married,1
105148,51,76072.0,23.0,14037.0,9.58,764.0,60,Mortgage,Medical,Bachelor,Married,1
105149,61,,13.0,3539.0,7.95,654.0,48,Mortgage,Debt_Consolidation,High_School,Married,0
105150,30,53225.0,25.0,16291.0,9.01,771.0,36,Rent,Medical,Master,Single,0
105151,31,132663.0,6.0,13037.0,8.65,675.0,72,Mortgage,Education,Bachelor,Married,0
105152,64,60336.0,13.0,15857.0,14.55,,36,Rent,Business,Master,Single,1
105153,56,136148.0,8.0,19738.0,8.76,,36,Mortgage,Education,Bachelor,Married,1
105154,35,21610.0,13.0,24152.0,11.92,687.0,60,Rent,Business,Master,Married,1
105155,27,37398.0,22.0,23134.0,9.83,618.0,60,Rent,Business,Bachelor,Single,0
105156,45,36984.0,9.0,2438.0,11.21,703.0,48,Own,Education,Bachelor,Single,0
105157,56,41068.0,15.0,11879.0,12.41,806.0,72,Rent,Medical,Bachelor,Single,1
105158,29,80039.0,4.0,22255.0,9.16,718.0,72,Rent,Medical,High_School,Married,0
105159,61,47595.0,15.0,18955.0,16.5,773.0,60,Own,Home_Improvement,Bachelor,Married,1
105160,50,45605.0,14.0,2000.0,5.5,569.0,60,Rent,Medical,Bachelor,Married,0
105161,61,69988.0,3.0,27825.0,8.42,789.0,60,Rent,Debt_Consolidation,Bachelor,Single,1
105162,57,60075.0,15.0,16482.0,8.13,695.0,48,Own,Home_Improvement,Bachelor,Married,1
105163,27,77866.0,8.0,24311.0,10.44,722.0,36,Mortgage,Debt_Consolidation,Master,Single,1
105164,41,42650.0,14.0,27092.0,16.91,669.0,36,Rent,Debt_Consolidation,High_School,Divorced,1
105165,26,49577.0,29.0,9837.0,10.93,686.0,36,Rent,Debt_Consolidation,Bachelor,Married,1
105166,36,117159.0,17.0,9860.0,11.07,530.0,36,Mortgage,Business,High_School,Single,0
105167,55,56479.0,16.0,20303.0,12.01,697.0,36,Rent,Medical,Bachelor,Married,1
105168,40,73907.0,22.0,12617.0,10.0,794.0,48,Mortgage,Business,Bachelor,Married,0
105169,51,21396.0,5.0,6741.0,10.35,673.0,48,Mortgage,Debt_Consolidation,PhD,Single,0
105170,55,67307.0,2.0,12049.0,13.24,694.0,72,Rent,Debt_Consolidation,Bachelor,Single,1
105171,39,46840.0,20.0,2000.0,12.98,697.0,60,Rent,Home_Improvement,Bachelor,Single,0
105172,38,77731.0,4.0,6779.0,14.14,685.0,36,Mortgage,Education,PhD,Married,0
105173,42,83295.0,27.0,17411.0,11.84,638.0,60,Rent,Education,Master,Married,0
105174,42,58055.0,7.0,10029.0,9.88,744.0,60,Rent,Debt_Consolidation,Bachelor,Married,0
105175,49,134365.0,22.0,10613.0,15.4,666.0,36,Mortgage,Home_Improvement,High_School,Married,0
105176,44,74714.0,24.0,29662.0,12.46,783.0,60,Rent,Home_Improvement,Master,Single,1
105177,43,76389.0,8.0,36277.0,11.39,705.0,60,Rent,Home_Improvement,Bachelor,Divorced,1
105178,55,62471.0,24.0,46361.0,11.1,753.0,60,Own,Home_Improvement,Bachelor,Divorced,1
105179,61,127548.0,4.0,26295.0,,706.0,60,Rent,Debt_Consolidation,Bachelor,Married,0
105180,53,158249.0,30.0,21384.0,6.59,697.0,60,Mortgage,Business,PhD,Single,0
105181,45,48322.0,26.0,14707.0,10.52,705.0,72,Mortgage,Debt_Consolidation,Master,Married,0
105182,39,58428.0,14.0,33063.0,11.25,616.0,48,Rent,Business,High_School,Married,1
105183,36,104609.0,24.0,23794.0,6.75,667.0,36,Mortgage,Debt_Consolidation,Master,Single,0
105184,24,36336.0,10.0,3819.0,15.79,752.0,60,Mortgage,Home_Improvement,Bachelor,Single,0
105185,23,87420.0,5.0,25275.0,11.62,651.0,60,Rent,Business,Bachelor,Single,1
105186,31,75300.0,5.0,20842.0,14.26,636.0,36,Rent,Medical,Bachelor,Divorced,0
105187,60,76268.0,22.0,25217.0,9.02,720.0,36,Mortgage,Debt_Consolidation,High_School,Single,0
105188,60,51355.0,11.0,26736.0,8.6,692.0,36,Mortgage,Home_Improvement,Bachelor,Married,1
105189,62,50666.0,24.0,22218.0,12.93,759.0,48,,Home_Improvement,Bachelor,Married,0
105190,56,93565.0,5.0,23551.0,12.64,769.0,36,Rent,Debt_Consolidation,Master,Single,0
105191,29,114297.0,8.0,3654.0,8.77,645.0,36,,Business,High_School,Married,0
105192,62,58413.0,18.0,5445.0,17.06,649.0,36,Rent,Debt_Consolidation,Bachelor,Married,0
105193,36,90873.0,17.0,14968.0,10.41,666.0,36,Rent,Debt_Consolidation,High_School,Single,0
105194,46,59194.0,29.0,14552.0,10.06,660.0,36,Rent,Debt_Consolidation,Bachelor,Married,0
105195,55,66242.0,6.0,14396.0,9.56,704.0,72,Rent,Business,Master,Single,0
105196,56,111461.0,22.0,2000.0,9.03,731.0,48,Rent,Medical,PhD,Single,0
105197,65,46873.0,7.0,9786.0,17.18,768.0,60,Rent,Debt_Consolidation,Bachelor,Single,0
105198,49,68257.0,6.0,28256.0,11.38,698.0,48,Rent,Debt_Consolidation,Bachelor,Married,0
105199,52,101552.0,24.0,23063.0,7.79,687.0,72,Own,Debt_Consolidation,Bachelor,Divorced,0
105200,35,68171.0,9.0,13315.0,12.08,742.0,60,Rent,Home_Improvement,High_School,Single,1
105201,48,98137.0,24.0,17047.0,13.5,640.0,48,Rent,Debt_Consolidation,High_School,Single,1
105202,61,171041.0,22.0,23758.0,9.89,698.0,60,Mortgage,Home_Improvement,Bachelor,Married,0
105203,39,61045.0,3.0,16465.0,15.79,678.0,60,Mortgage,Debt_Consolidation,Master,Married,1
105204,31,40712.0,3.0,25995.0,11.42,642.0,72,Mortgage,Business,Master,Single,1
105205,56,34702.0,3.0,10233.0,5.6,715.0,36,Mortgage,Medical,Bachelor,Married,1
105206,43,86604.0,23.0,18040.0,12.97,715.0,48,Mortgage,Medical,High_School,Single,0
105207,51,53109.0,27.0,8549.0,9.27,743.0,48,Rent,Debt_Consolidation,Master,Married,0
105208,62,58443.0,29.0,15464.0,9.02,759.0,60,Mortgage,Education,Master,Single,0
105209,21,36333.0,25.0,27567.0,7.89,701.0,36,Mortgage,Debt_Consolidation,Master,Single,1
105210,42,67092.0,25.0,16956.0,10.81,725.0,60,Rent,Debt_Consolidation,Master,Single,0
105211,43,185281.0,8.0,15396.0,12.2,728.0,36,Rent,Debt_Consolidation,Bachelor,Married,0
105212,35,65592.0,6.0,13438.0,,721.0,36,Rent,Home_Improvement,PhD,Divorced,0
105213,43,56419.0,12.0,10064.0,12.74,723.0,72,Rent,Home_Improvement,Bachelor,Single,0
105214,63,84927.0,6.0,46013.0,18.78,656.0,60,Rent,Debt_Consolidation,Bachelor,Married,1
105215,24,58481.0,24.0,15221.0,8.94,612.0,36,Mortgage,Debt_Consolidation,High_School,Married,0
105216,35,68210.0,18.0,25556.0,11.75,665.0,48,Mortgage,Medical,Bachelor,Single,1
105217,63,47596.0,6.0,10213.0,15.4,655.0,60,Mortgage,Debt_Consolidation,High_School,Divorced,1
105218,43,107649.0,12.0,13340.0,8.67,763.0,48,Mortgage,Debt_Consolidation,High_School,Single,0
105219,52,76911.0,9.0,21686.0,14.32,672.0,60,Mortgage,Debt_Consolidation,Master,Married,0
105220,35,93839.0,0.0,12908.0,12.74,701.0,60,Mortgage,Home_Improvement,High_School,Married,0
105221,26,88545.0,2.0,14873.0,10.46,850.0,36,Own,Education,Master,Married,1
105222,64,39643.0,18.0,6898.0,12.02,678.0,36,Mortgage,Debt_Consolidation,Bachelor,Divorced,1
105223,36,172803.0,27.0,2392.0,17.63,568.0,60,Mortgage,Home_Improvement,Bachelor,Single,0
105224,38,172633.0,20.0,18458.0,7.18,591.0,48,Rent,Debt_Consolidation,High_School,Married,0
105225,56,58012.0,2.0,26925.0,10.07,661.0,36,Rent,Debt_Consolidation,Bachelor,Married,1
105226,61,76387.0,26.0,11966.0,9.45,612.0,60,Rent,Home_Improvement,Master,Married,0
105227,53,51708.0,2.0,20611.0,11.83,623.0,36,Mortgage,Debt_Consolidation,Bachelor,Divorced,1
105228,28,63248.0,6.0,33710.0,9.72,716.0,60,Rent,Debt_Consolidation,High_School,Married,1
105229,60,90131.0,27.0,25496.0,9.65,595.0,36,Mortgage,Medical,Master,Divorced,0
105230,22,57596.0,25.0,13693.0,10.84,598.0,48,Mortgage,Business,Bachelor,Married,1
105231,65,73022.0,27.0,35077.0,10.55,625.0,36,Own,Home_Improvement,Bachelor,Married,1
105232,28,40059.0,17.0,31840.0,13.11,671.0,36,Own,Home_Improvement,Bachelor,Married,1
105233,24,57699.0,3.0,9182.0,13.47,658.0,60,Rent,Medical,Bachelor,Single,0
105234,46,49918.0,3.0,13753.0,7.62,711.0,60,Rent,Debt_Consolidation,Bachelor,Married,0
105235,48,65985.0,2.0,32001.0,16.25,712.0,60,Rent,Home_Improvement,Master,Single,1
105236,30,64880.0,6.0,16937.0,13.32,779.0,72,Rent,Home_Improvement,Master,Married,1
105237,33,75197.0,10.0,21395.0,8.82,677.0,60,Rent,Business,High_School,Divorced,1
105238,65,57871.0,24.0,24779.0,10.92,723.0,60,Rent,Medical,High_School,Divorced,0
105239,36,62661.0,22.0,10446.0,12.29,681.0,60,Rent,Debt_Consolidation,High_School,Single,0
105240,48,89485.0,8.0,4571.0,14.54,677.0,60,Rent,Education,Bachelor,Divorced,0
105241,31,43528.0,20.0,19354.0,4.92,684.0,36,Mortgage,Education,Bachelor,Single,0
105242,24,50098.0,20.0,2000.0,9.66,625.0,36,Rent,Debt_Consolidation,Bachelor,Divorced,0
105243,54,166453.0,8.0,7824.0,20.31,728.0,72,Mortgage,Debt_Consolidation,Master,Divorced,0
105244,57,110103.0,3.0,21613.0,7.04,760.0,36,Mortgage,Education,PhD,Married,0
105245,54,95311.0,20.0,13250.0,9.72,761.0,60,Mortgage,Debt_Consolidation,High_School,Married,0
105246,61,50954.0,18.0,29719.0,15.45,606.0,36,Rent,Business,Master,Married,1
105247,60,77281.0,18.0,16562.0,8.29,637.0,72,Rent,Debt_Consolidation,Bachelor,Divorced,1
105248,64,72337.0,1.0,8632.0,11.25,624.0,60,,Education,PhD,Single,1
105249,65,68502.0,25.0,20294.0,6.93,681.0,60,Mortgage,Home_Improvement,Bachelor,Married,1
105250,47,112868.0,18.0,24120.0,13.02,594.0,60,Rent,Medical,High_School,Single,1
105251,63,36219.0,8.0,23995.0,13.35,722.0,48,Mortgage,Medical,Bachelor,Married,1
105252,27,69041.0,21.0,5295.0,11.56,660.0,60,Rent,Debt_Consolidation,Bachelor,Single,0
105253,25,104467.0,11.0,17860.0,16.47,690.0,60,Rent,Home_Improvement,Bachelor,Divorced,1
105254,48,82646.0,10.0,14941.0,5.53,650.0,36,Own,Business,Bachelor,Married,0
105255,53,58917.0,29.0,17555.0,8.55,709.0,60,Rent,Business,Master,Divorced,0
105256,62,50252.0,21.0,16558.0,12.56,778.0,36,Mortgage,Business,High_School,Married,0
105257,61,75557.0,15.0,25259.0,7.16,701.0,48,Rent,Medical,Bachelor,Single,0
105258,23,187054.0,12.0,30133.0,16.0,746.0,60,Rent,Business,Master,Single,1
105259,60,78461.0,18.0,9011.0,7.48,709.0,36,Mortgage,Medical,Bachelor,Divorced,0
105260,30,64736.0,11.0,11039.0,15.26,712.0,60,Rent,Debt_Consolidation,High_School,Married,1
105261,43,154545.0,9.0,27960.0,8.6,659.0,36,Own,Business,Bachelor,Married,0
105262,58,57517.0,21.0,3059.0,10.57,744.0,36,Mortgage,Medical,Bachelor,Divorced,1
105263,43,49416.0,7.0,19897.0,15.13,518.0,60,Own,Education,Bachelor,Married,1
105264,30,39216.0,21.0,10948.0,13.24,697.0,60,Own,Business,High_School,Married,1
105265,59,71877.0,7.0,11694.0,6.9,722.0,60,Rent,Education,PhD,Single,0
105266,29,31160.0,22.0,9611.0,13.46,765.0,60,Mortgage,Home_Improvement,High_School,Single,0
105267,25,143502.0,3.0,11200.0,10.3,580.0,48,Rent,Debt_Consolidation,Master,Single,0
105268,59,55324.0,9.0,18232.0,11.94,635.0,60,Rent,Debt_Consolidation,Master,Single,1
105269,32,40719.0,22.0,35737.0,9.43,689.0,36,Rent,Debt_Consolidation,Master,Single,1
105270,43,49762.0,16.0,15371.0,9.43,669.0,48,Rent,Medical,Master,Married,1
105271,62,47614.0,4.0,30087.0,12.12,676.0,60,Mortgage,Medical,PhD,Divorced,1
105272,52,31953.0,1.0,29367.0,4.5,696.0,60,Own,Debt_Consolidation,Master,Married,0
105273,30,39648.0,22.0,8536.0,10.18,663.0,36,Own,Business,High_School,Divorced,1
105274,42,56408.0,25.0,30828.0,7.4,709.0,72,Rent,Home_Improvement,,Single,1
105275,49,107969.0,14.0,17291.0,10.77,762.0,60,Rent,Debt_Consolidation,Bachelor,Married,0
105276,32,55654.0,19.0,8432.0,7.76,637.0,60,Own,,Master,Single,0
105277,58,63785.0,13.0,29302.0,8.1,637.0,60,Rent,Education,High_School,Married,1
105278,38,39162.0,0.0,31653.0,7.52,604.0,48,Mortgage,Business,Bachelor,Married,1
105279,44,58027.0,12.0,30723.0,12.08,734.0,60,Mortgage,Medical,Master,Single,1
105280,61,87624.0,16.0,15287.0,10.26,677.0,36,Mortgage,Debt_Consolidation,Bachelor,Married,0
105281,59,66567.0,16.0,36404.0,6.54,580.0,60,Rent,Debt_Consolidation,Master,Married,0
105282,59,58569.0,17.0,18766.0,10.25,665.0,60,Rent,Debt_Consolidation,High_School,Married,0
105283,60,62871.0,3.0,20362.0,11.44,699.0,60,Mortgage,Business,Master,Married,1
105284,57,92500.0,2.0,10834.0,5.97,703.0,60,Mortgage,Debt_Consolidation,Master,Divorced,1
105285,64,70962.0,22.0,20612.0,10.45,748.0,36,Rent,Debt_Consolidation,Master,Married,1
105286,59,48618.0,27.0,27037.0,10.01,641.0,36,Mortgage,Debt_Consolidation,PhD,Married,0
105287,46,42476.0,6.0,13043.0,12.38,794.0,60,Own,Business,High_School,Single,0
105288,51,80690.0,3.0,43064.0,9.15,628.0,72,Mortgage,Debt_Consolidation,PhD,Single,1
105289,61,76335.0,4.0,36807.0,15.36,656.0,60,Rent,Medical,High_School,Married,1
105290,50,63789.0,25.0,3342.0,9.27,591.0,48,Mortgage,Education,Bachelor,Single,0
105291,64,31814.0,27.0,28554.0,13.2,672.0,36,Rent,Business,Bachelor,Married,0
105292,56,50862.0,25.0,11855.0,8.85,669.0,36,Mortgage,Home_Improvement,Bachelor,Divorced,0
105293,61,115556.0,12.0,20552.0,11.75,699.0,36,Mortgage,Home_Improvement,High_School,Married,0
105294,29,70982.0,14.0,12587.0,9.2,702.0,36,Rent,Education,Bachelor,Single,1
105295,37,37188.0,12.0,2081.0,7.0,672.0,60,Rent,Debt_Consolidation,Bachelor,Single,0
105296,37,64801.0,8.0,27473.0,15.12,667.0,72,Mortgage,Home_Improvement,Master,Single,1
105297,58,25270.0,13.0,30257.0,16.95,652.0,36,Mortgage,Business,Bachelor,Married,1
105298,46,242462.0,24.0,23476.0,9.59,589.0,36,Mortgage,Debt_Consolidation,Bachelor,Married,0
105299,51,100087.0,18.0,20777.0,16.02,712.0,36,Mortgage,Debt_Consolidation,Master,Single,0
105300,29,60285.0,24.0,12788.0,9.75,667.0,60,Mortgage,Home_Improvement,Bachelor,Single,0
105301,37,91394.0,19.0,16092.0,9.59,709.0,48,Rent,Education,Bachelor,Single,0
105302,56,60162.0,9.0,12328.0,17.55,699.0,60,Rent,Home_Improvement,High_School,Single,0
105303,35,166129.0,4.0,2000.0,10.5,685.0,48,Mortgage,Medical,Master,Single,0
105304,62,50598.0,21.0,15199.0,15.44,699.0,60,Rent,Business,Bachelor,Single,1
105305,40,65550.0,7.0,15942.0,14.11,670.0,36,Rent,Home_Improvement,High_School,Married,1
105306,52,72837.0,22.0,15093.0,5.29,712.0,36,Rent,Medical,High_School,Single,0
105307,41,29487.0,7.0,26095.0,9.77,659.0,60,Rent,Debt_Consolidation,PhD,Married,1
105308,40,73955.0,15.0,35422.0,4.05,762.0,60,Rent,Education,Bachelor,Single,0
105309,38,137762.0,0.0,23236.0,10.46,685.0,36,Rent,Medical,High_School,Married,0
105310,29,60315.0,17.0,16875.0,10.02,725.0,60,Rent,Debt_Consolidation,High_School,Divorced,0
105311,54,68789.0,28.0,11084.0,10.8,649.0,60,Rent,Home_Improvement,Master,Divorced,0
105312,33,56858.0,15.0,9920.0,10.56,640.0,48,Mortgage,Debt_Consolidation,Bachelor,Married,1
105313,33,29876.0,2.0,9934.0,8.43,725.0,60,Mortgage,Medical,Bachelor,Married,0
105314,27,97655.0,16.0,21228.0,6.8,689.0,60,Mortgage,Home_Improvement,Bachelor,Single,0
105315,23,69082.0,9.0,2000.0,10.15,746.0,48,Rent,Debt_Consolidation,High_School,Divorced,0
105316,22,40526.0,3.0,35117.0,14.84,660.0,60,Own,Education,Bachelor,Divorced,1
105317,53,80657.0,22.0,2000.0,7.8,679.0,36,Rent,Home_Improvement,Bachelor,Single,0
105318,22,107768.0,14.0,24526.0,9.28,583.0,60,Mortgage,Debt_Consolidation,Master,Married,1
105319,49,76427.0,25.0,21433.0,10.41,740.0,60,Own,Home_Improvement,High_School,Married,1
105320,33,56321.0,25.0,9053.0,11.08,660.0,48,Mortgage,Debt_Consolidation,Bachelor,Single,0
105321,39,44762.0,18.0,15720.0,9.06,698.0,36,Own,Business,Bachelor,Single,0
105322,55,85164.0,21.0,27542.0,14.1,693.0,72,Mortgage,Debt_Consolidation,Bachelor,Married,1
105323,63,74517.0,29.0,8784.0,6.03,752.0,60,Mortgage,Debt_Consolidation,Bachelor,Married,0
105324,22,86142.0,5.0,20466.0,7.45,663.0,36,Mortgage,Education,Bachelor,Single,0
105325,25,53770.0,18.0,10175.0,13.68,673.0,60,Own,Business,High_School,Married,0
105326,26,67952.0,2.0,21396.0,8.64,770.0,60,Mortgage,Home_Improvement,Bachelor,Single,0
105327,25,71970.0,14.0,23721.0,14.48,778.0,48,Rent,Home_Improvement,Bachelor,Single,1
105328,49,61470.0,3.0,3651.0,13.57,548.0,48,Rent,Debt_Consolidation,High_School,Single,0
105329,59,103208.0,15.0,20070.0,7.39,671.0,60,Mortgage,Debt_Consolidation,High_School,Divorced,0
105330,60,60333.0,26.0,4790.0,9.56,632.0,60,Rent,Debt_Consolidation,PhD,Divorced,0
105331,31,49299.0,21.0,23655.0,11.39,606.0,48,Mortgage,Home_Improvement,PhD,Single,1
105332,59,118048.0,21.0,19278.0,9.22,687.0,36,Own,Debt_Consolidation,Bachelor,Single,1
105333,43,64089.0,21.0,4645.0,12.5,683.0,36,Mortgage,Education,Bachelor,Divorced,0
105334,28,57053.0,18.0,25131.0,12.86,633.0,36,Rent,Medical,High_School,Single,1
105335,62,54100.0,14.0,15447.0,12.21,700.0,60,Mortgage,Medical,Master,Single,0
105336,56,118786.0,18.0,13454.0,6.59,667.0,60,Rent,,High_School,Single,0
105337,43,93682.0,24.0,31839.0,14.16,674.0,48,Rent,Education,Bachelor,Single,1
105338,49,62571.0,25.0,27908.0,7.56,694.0,60,Mortgage,Debt_Consolidation,Bachelor,Married,0
105339,32,37802.0,27.0,19858.0,8.11,767.0,60,Rent,Debt_Consolidation,Bachelor,Single,0
105340,47,98245.0,5.0,23443.0,5.96,670.0,36,Rent,Home_Improvement,Bachelor,Married,0
105341,46,44179.0,15.0,5782.0,10.19,630.0,60,Rent,Business,High_School,Single,0
105342,42,,27.0,9409.0,13.24,705.0,36,Rent,Debt_Consolidation,Bachelor,Single,0
105343,42,114790.0,27.0,9953.0,6.41,686.0,60,Mortgage,Debt_Consolidation,Master,Single,0
105344,57,30278.0,12.0,2000.0,12.92,713.0,60,Rent,Debt_Consolidation,Bachelor,Single,0
105345,38,24906.0,26.0,22750.0,5.69,679.0,72,Mortgage,Debt_Consolidation,Bachelor,Single,0
105346,48,108384.0,26.0,22939.0,11.77,708.0,60,Rent,Debt_Consolidation,Bachelor,Married,0
105347,23,84996.0,18.0,3839.0,8.7,724.0,60,Rent,Debt_Consolidation,Bachelor,Married,0
105348,59,89393.0,6.0,20951.0,8.59,634.0,60,Mortgage,Medical,High_School,Single,1
105349,64,121160.0,4.0,18432.0,10.09,694.0,60,Mortgage,Business,Bachelor,Married,1
105350,21,40310.0,7.0,17984.0,17.59,674.0,60,Rent,Home_Improvement,Bachelor,Single,1
105351,55,53405.0,16.0,32492.0,4.77,657.0,48,Mortgage,Debt_Consolidation,Master,Divorced,1
105352,25,86244.0,22.0,29813.0,11.05,617.0,60,Rent,Debt_Consolidation,PhD,Married,0
105353,33,63127.0,20.0,2000.0,13.46,697.0,72,Mortgage,Medical,Bachelor,Married,0
105354,55,69300.0,13.0,24788.0,12.7,728.0,48,Mortgage,Education,Master,Single,0
105355,42,72007.0,12.0,23076.0,12.28,807.0,48,Own,Business,High_School,Single,0
105356,42,41833.0,30.0,7735.0,12.01,796.0,48,Rent,Debt_Consolidation,Master,Divorced,0
105357,44,20250.0,17.0,7158.0,4.14,821.0,36,Own,Education,Master,Divorced,0
105358,58,47080.0,12.0,32417.0,7.84,711.0,60,Rent,Home_Improvement,Bachelor,Single,0
105359,49,71905.0,1.0,23814.0,12.44,778.0,36,Mortgage,Debt_Consolidation,Bachelor,Married,1
105360,56,38051.0,13.0,12337.0,13.55,752.0,36,Rent,Debt_Consolidation,Bachelor,Married,0
105361,64,45172.0,1.0,7094.0,14.2,709.0,48,Mortgage,Debt_Consolidation,High_School,Single,1
105362,50,51855.0,22.0,11026.0,4.99,647.0,72,Rent,Education,High_School,Married,0
105363,33,55922.0,16.0,14223.0,10.65,720.0,60,Mortgage,Medical,Master,Single,0
105364,27,41264.0,12.0,19878.0,10.35,810.0,36,Rent,Debt_Consolidation,Bachelor,Married,0
105365,58,32115.0,20.0,11846.0,10.5,753.0,48,Rent,Home_Improvement,Master,Single,0
105366,25,91239.0,4.0,19397.0,7.15,713.0,60,Rent,Home_Improvement,High_School,Married,1
105367,37,37679.0,23.0,27323.0,7.31,779.0,36,Rent,Debt_Consolidation,High_School,Single,0
105368,22,73371.0,12.0,26122.0,9.53,670.0,60,Mortgage,Debt_Consolidation,Bachelor,Single,0
105369,53,99123.0,19.0,3494.0,8.72,728.0,36,Mortgage,Debt_Consolidation,Bachelor,Single,0
105370,61,89247.0,9.0,8798.0,15.1,716.0,36,Own,Medical,Bachelor,Single,0
105371,44,67761.0,10.0,6206.0,10.67,718.0,60,Rent,Home_Improvement,Bachelor,Married,0
105372,27,114346.0,14.0,8296.0,8.39,676.0,36,Mortgage,Debt_Consolidation,Master,Married,0
105373,26,69808.0,0.0,18479.0,15.1,635.0,36,Mortgage,Home_Improvement,High_School,Single,1
105374,28,40295.0,6.0,14626.0,12.91,843.0,60,Own,Home_Improvement,High_School,Married,1
105375,64,83476.0,3.0,10446.0,11.65,679.0,60,Mortgage,Debt_Consolidation,Bachelor,Single,0
105376,27,134328.0,4.0,18649.0,10.99,594.0,60,Rent,,Bachelor,Divorced,1
105377,50,97130.0,19.0,8696.0,13.46,709.0,60,Rent,Business,High_School,Married,0
105378,21,78308.0,26.0,5028.0,4.0,585.0,60,Mortgage,Debt_Consolidation,Master,Single,0
105379,57,74835.0,30.0,2000.0,,630.0,60,Own,Medical,High_School,Married,0
105380,42,32452.0,17.0,17662.0,10.38,655.0,36,Mortgage,Debt_Consolidation,Bachelor,Married,0
105381,54,57039.0,12.0,33491.0,5.56,690.0,72,Rent,Debt_Consolidation,Bachelor,Single,0
105382,28,71965.0,28.0,31532.0,12.11,631.0,60,Own,Home_Improvement,Bachelor,Single,1
105383,60,51318.0,9.0,9731.0,9.44,665.0,60,Own,Home_Improvement,Bachelor,Divorced,0
105384,42,76163.0,19.0,26121.0,11.43,637.0,36,Rent,Business,Bachelor,Married,1
105385,58,48966.0,1.0,9282.0,9.8,628.0,60,Rent,Debt_Consolidation,Bachelor,Married,0
105386,30,99919.0,22.0,23407.0,13.86,652.0,60,Rent,Business,High_School,Single,1
105387,33,22170.0,2.0,5301.0,13.52,719.0,72,Mortgage,Debt_Consolidation,Master,Married,0
105388,44,136551.0,26.0,5927.0,8.64,749.0,60,Rent,Debt_Consolidation,Bachelor,Single,0
105389,31,96737.0,9.0,10175.0,6.09,741.0,60,Rent,Debt_Consolidation,High_School,Married,0
105390,64,22726.0,0.0,23528.0,13.55,756.0,48,Rent,Debt_Consolidation,High_School,Single,1
105391,33,140003.0,3.0,33315.0,10.0,797.0,72,Own,Debt_Consolidation,Master,Married,1
105392,57,53357.0,4.0,15126.0,10.93,757.0,60,Rent,Home_Improvement,Bachelor,Single,1
105393,64,61258.0,1.0,2000.0,14.41,652.0,36,Mortgage,Debt_Consolidation,Master,Single,0
105394,26,54272.0,8.0,2521.0,7.11,722.0,36,Rent,Debt_Consolidation,High_School,Married,0
105395,50,88664.0,24.0,32782.0,11.82,761.0,60,Mortgage,Debt_Consolidation,Bachelor,Single,0
105396,48,60676.0,6.0,15097.0,9.58,769.0,36,Rent,Debt_Consolidation,Bachelor,Single,0
105397,64,68311.0,13.0,32340.0,13.51,642.0,36,Mortgage,Debt_Consolidation,Bachelor,Divorced,0
105398,23,94903.0,30.0,26307.0,6.69,662.0,72,Own,Debt_Consolidation,Bachelor,Divorced,1
105399,25,89194.0,9.0,10074.0,7.09,719.0,36,Rent,Debt_Consolidation,Master,Married,0
105400,48,75975.0,16.0,20501.0,9.88,726.0,48,Mortgage,Business,PhD,Married,0
105401,39,42477.0,26.0,22102.0,9.3,632.0,48,Mortgage,Debt_Consolidation,Bachelor,Single,0
105402,64,86908.0,2.0,37203.0,10.5,734.0,36,Rent,Debt_Consolidation,Bachelor,Single,1
105403,57,56471.0,10.0,24617.0,13.57,711.0,48,Mortgage,Education,PhD,Divorced,1
105404,42,66506.0,19.0,33463.0,8.65,566.0,72,Own,Debt_Consolidation,High_School,Divorced,0
105405,30,108676.0,1.0,15420.0,8.92,775.0,60,Rent,Debt_Consolidation,High_School,Single,0
105406,57,62543.0,19.0,24455.0,12.31,591.0,36,Mortgage,Home_Improvement,High_School,Married,0
105407,47,44601.0,17.0,26510.0,12.8,631.0,60,Rent,Medical,Master,Single,1
105408,24,78191.0,29.0,21477.0,11.94,768.0,48,Rent,Home_Improvement,Master,Single,0
105409,64,113235.0,14.0,15231.0,11.17,782.0,48,Rent,Business,Bachelor,Married,0
105410,24,74336.0,28.0,14099.0,9.9,625.0,60,Mortgage,Home_Improvement,High_School,Single,0
105411,43,27330.0,27.0,26304.0,10.96,720.0,60,Mortgage,Medical,Bachelor,Single,1
105412,31,20440.0,19.0,2000.0,7.87,706.0,60,Rent,Medical,Bachelor,Single,0
105413,24,52463.0,22.0,22573.0,4.0,688.0,36,Rent,Debt_Consolidation,Master,Divorced,0
105414,49,67362.0,21.0,10351.0,11.96,724.0,60,Mortgage,Medical,Bachelor,Single,0
105415,36,47990.0,6.0,26400.0,4.26,612.0,60,Rent,Medical,PhD,Married,0
105416,38,65270.0,9.0,8862.0,13.46,644.0,36,Rent,Debt_Consolidation,High_School,Married,0
105417,54,129914.0,25.0,16594.0,13.22,803.0,60,,Debt_Consolidation,Bachelor,Divorced,0
105418,44,34136.0,24.0,13143.0,15.28,648.0,36,Mortgage,Debt_Consolidation,Bachelor,Single,1
105419,42,48179.0,15.0,32381.0,4.0,629.0,60,Rent,Debt_Consolidation,Bachelor,Single,0
105420,26,77524.0,16.0,25408.0,12.55,674.0,36,Rent,Debt_Consolidation,Bachelor,Married,0
105421,35,73123.0,29.0,11552.0,10.92,706.0,48,Own,Debt_Consolidation,Master,Single,1
105422,21,46198.0,2.0,9011.0,7.18,713.0,72,Mortgage,Debt_Consolidation,PhD,Single,0
105423,28,72849.0,6.0,7484.0,16.5,666.0,60,Rent,Debt_Consolidation,Bachelor,Married,1
105424,22,85520.0,10.0,13239.0,9.49,740.0,60,Mortgage,Debt_Consolidation,High_School,Divorced,0
105425,60,75385.0,15.0,22722.0,14.71,719.0,60,Own,Debt_Consolidation,Bachelor,Single,1
105426,43,97362.0,8.0,20927.0,10.3,804.0,36,Mortgage,Home_Improvement,Master,Single,0
105427,48,64918.0,15.0,19554.0,13.85,714.0,36,Own,Business,Master,Single,1
105428,36,56989.0,13.0,16863.0,17.64,643.0,36,Rent,Debt_Consolidation,Bachelor,Divorced,1
105429,50,66326.0,4.0,11715.0,16.08,694.0,72,Rent,Home_Improvement,PhD,Married,1
105430,30,66705.0,15.0,22496.0,4.08,721.0,60,Rent,Debt_Consolidation,Master,Married,0
105431,31,42498.0,14.0,7781.0,8.62,669.0,60,Rent,Medical,Bachelor,Single,0
105432,58,37423.0,23.0,22719.0,11.51,672.0,60,Mortgage,Business,Bachelor,Single,1
105433,34,82769.0,3.0,18681.0,11.79,647.0,36,Own,Home_Improvement,Bachelor,Single,1
105434,32,100955.0,12.0,18252.0,9.58,670.0,60,Rent,Medical,Bachelor,Divorced,0
105435,32,72544.0,9.0,32277.0,7.37,643.0,72,Mortgage,Medical,Bachelor,Married,1
105436,38,41810.0,,18416.0,15.22,668.0,36,Rent,Debt_Consolidation,Bachelor,Married,0
105437,31,73174.0,30.0,26251.0,11.32,718.0,48,Own,Business,PhD,Single,1
105438,62,42602.0,18.0,20827.0,15.72,,36,Rent,Debt_Consolidation,High_School,Divorced,1
105439,51,58142.0,18.0,7005.0,9.53,778.0,36,Mortgage,Debt_Consolidation,Bachelor,Single,0
105440,54,38444.0,21.0,15279.0,9.37,555.0,36,Mortgage,Home_Improvement,Bachelor,Married,1
105441,57,83294.0,18.0,27126.0,14.27,,60,Own,Education,Bachelor,Single,1
105442,38,90557.0,8.0,17606.0,9.46,692.0,36,Rent,Debt_Consolidation,Bachelor,Married,0
105443,45,46271.0,2.0,32726.0,9.01,745.0,60,Own,Home_Improvement,High_School,Married,1
105444,37,80584.0,26.0,13708.0,11.13,600.0,72,Own,Medical,High_School,Married,0
105445,52,27943.0,13.0,22561.0,6.22,691.0,60,Mortgage,Home_Improvement,Bachelor,Married,0
105446,46,74012.0,22.0,13325.0,13.99,740.0,48,Rent,Debt_Consolidation,Bachelor,Single,0
105447,22,32191.0,12.0,13446.0,16.43,797.0,36,Mortgage,Debt_Consolidation,Bachelor,Married,0
105448,23,135521.0,11.0,28996.0,7.92,,48,Mortgage,Debt_Consolidation,High_School,Divorced,1
105449,53,74264.0,21.0,21419.0,15.71,739.0,60,Rent,Debt_Consolidation,Bachelor,Single,1
105450,21,74044.0,26.0,24995.0,12.26,729.0,72,Own,Debt_Consolidation,Master,Married,1
105451,31,78216.0,20.0,35428.0,9.19,722.0,60,Mortgage,Business,Bachelor,Married,1
105452,56,36483.0,1.0,31417.0,6.19,697.0,60,Rent,Education,High_School,Married,1
105453,30,111638.0,22.0,21283.0,10.44,683.0,36,Mortgage,Debt_Consolidation,Bachelor,Single,0
105454,63,85874.0,26.0,16145.0,10.4,712.0,36,Rent,Debt_Consolidation,Bachelor,Divorced,0
105455,29,65673.0,4.0,10452.0,11.82,761.0,36,Mortgage,Debt_Consolidation,Bachelor,Single,0
105456,53,73531.0,1.0,20766.0,8.78,758.0,36,Rent,Education,Master,Single,1
105457,43,90034.0,19.0,15116.0,11.43,742.0,36,Rent,Business,Bachelor,Single,0
105458,29,51870.0,9.0,17541.0,14.06,765.0,60,Mortgage,Medical,High_School,Married,0
105459,62,44828.0,27.0,18829.0,11.01,764.0,60,Rent,Medical,Bachelor,Single,0
105460,22,29810.0,16.0,29349.0,17.35,585.0,36,Rent,Home_Improvement,Bachelor,Married,1
105461,45,120224.0,30.0,20965.0,7.48,688.0,36,Mortgage,Business,Bachelor,Single,0
105462,44,63884.0,15.0,27897.0,8.04,803.0,60,Mortgage,Home_Improvement,Master,Married,0
105463,63,137426.0,20.0,22580.0,9.22,708.0,60,Rent,Debt_Consolidation,Bachelor,Divorced,0
105464,35,96391.0,13.0,14950.0,5.79,667.0,36,Rent,Debt_Consolidation,Bachelor,Single,0
105465,29,70501.0,7.0,5543.0,10.83,625.0,60,Own,Home_Improvement,Bachelor,Married,1
105466,32,62900.0,24.0,6913.0,10.43,576.0,48,Rent,Debt_Consolidation,Bachelor,Married,0
105467,25,66172.0,29.0,7339.0,11.11,770.0,60,Own,Debt_Consolidation,Master,Single,0
105468,44,42741.0,16.0,9460.0,9.45,676.0,60,Mortgage,Medical,Bachelor,Single,0
105469,54,85363.0,24.0,6066.0,14.45,756.0,36,Rent,Home_Improvement,Bachelor,Married,0
105470,43,37699.0,22.0,27748.0,11.12,647.0,36,Mortgage,Debt_Consolidation,Bachelor,Single,1
105471,62,79493.0,0.0,14583.0,12.32,711.0,72,Rent,Home_Improvement,Bachelor,Married,1
105472,22,49289.0,15.0,19266.0,6.98,648.0,72,Own,Debt_Consolidation,High_School,Single,0
105473,62,72394.0,22.0,16323.0,8.19,733.0,36,Rent,Home_Improvement,Bachelor,Single,0
105474,23,32236.0,2.0,26690.0,10.69,652.0,36,Rent,Home_Improvement,PhD,Married,1
105475,30,61230.0,0.0,5711.0,7.13,739.0,60,Rent,Home_Improvement,Master,Married,0
105476,58,126288.0,23.0,20414.0,5.3,642.0,60,Own,Education,Master,Divorced,0
105477,33,82793.0,9.0,14218.0,11.69,687.0,60,Own,Medical,Bachelor,Married,1
105478,34,95556.0,13.0,2000.0,16.9,681.0,36,Mortgage,Debt_Consolidation,Master,Married,0
105479,63,104328.0,13.0,20292.0,6.76,680.0,60,Rent,Home_Improvement,Bachelor,Single,1
105480,42,45379.0,18.0,11795.0,12.09,717.0,72,Rent,Education,High_School,Single,1
105481,31,56125.0,29.0,2000.0,8.57,634.0,72,Mortgage,Education,High_School,Married,0
105482,61,52548.0,25.0,12680.0,12.46,673.0,36,Own,Debt_Consolidation,Master,Single,1
105483,27,42401.0,12.0,4982.0,10.22,659.0,36,Rent,Debt_Consolidation,Bachelor,Divorced,1
105484,35,38796.0,25.0,16184.0,13.22,696.0,60,Mortgage,Education,Bachelor,Married,0
105485,21,42688.0,19.0,7918.0,17.85,756.0,36,Rent,Medical,PhD,Single,0
105486,44,32563.0,6.0,40809.0,14.13,737.0,60,Rent,Business,High_School,Single,1
105487,45,68240.0,28.0,14674.0,9.68,683.0,48,Mortgage,Medical,,Single,1
105488,50,57448.0,8.0,23507.0,15.38,730.0,36,Rent,Debt_Consolidation,Master,Married,1
105489,39,66725.0,11.0,24319.0,6.12,732.0,36,Mortgage,Debt_Consolidation,Bachelor,Single,0
105490,48,29314.0,15.0,16725.0,5.27,758.0,36,Rent,Debt_Consolidation,Bachelor,Single,1
105491,34,56908.0,5.0,21381.0,11.73,690.0,60,Rent,Business,Bachelor,Single,1
105492,47,73038.0,30.0,14751.0,7.9,677.0,48,Rent,Debt_Consolidation,Master,Single,0
105493,50,87637.0,5.0,10782.0,13.34,728.0,60,Rent,Business,Bachelor,Married,1
105494,32,79925.0,22.0,23459.0,4.0,707.0,60,Own,Debt_Consolidation,Bachelor,Single,0
105495,63,56300.0,19.0,29957.0,5.22,725.0,72,Rent,Debt_Consolidation,Bachelor,Married,1
105496,31,107980.0,11.0,3840.0,7.84,663.0,72,Mortgage,Home_Improvement,Bachelor,Single,0
105497,48,43947.0,17.0,6261.0,6.88,697.0,36,Mortgage,Debt_Consolidation,Master,Single,0
105498,65,42482.0,25.0,15559.0,8.37,764.0,36,Rent,Home_Improvement,Bachelor,Single,0
105499,45,57130.0,17.0,23657.0,14.92,696.0,60,Rent,Debt_Consolidation,Bachelor,Single,0
105500,21,102654.0,8.0,10272.0,13.2,639.0,60,Rent,Debt_Consolidation,Master,Married,0
105501,64,38561.0,16.0,17970.0,7.18,644.0,72,Mortgage,Business,Bachelor,Single,0
105502,63,67647.0,22.0,29408.0,7.39,636.0,48,Rent,Business,Master,Single,1
105503,23,72286.0,17.0,39440.0,11.35,781.0,36,Mortgage,Debt_Consolidation,Master,Single,1
105504,34,24187.0,18.0,15665.0,10.18,731.0,60,Rent,Education,Bachelor,Married,0
105505,54,65952.0,30.0,25826.0,7.15,669.0,72,Mortgage,Home_Improvement,Bachelor,Divorced,0
105506,21,21207.0,17.0,35233.0,9.84,703.0,72,Mortgage,Debt_Consolidation,Master,Married,1
105507,54,59905.0,2.0,18769.0,9.56,800.0,48,Mortgage,Debt_Consolidation,High_School,Married,0
105508,42,76517.0,19.0,18254.0,12.19,841.0,36,Rent,Business,PhD,Single,0
105509,53,46308.0,15.0,14133.0,10.83,694.0,36,Own,Debt_Consolidation,Bachelor,Divorced,0
105510,34,58340.0,8.0,23746.0,7.24,672.0,60,Mortgage,Debt_Consolidation,Bachelor,Single,1
105511,28,106023.0,0.0,22154.0,10.1,693.0,72,Rent,Home_Improvement,Bachelor,Single,0
105512,42,28696.0,16.0,8289.0,7.37,700.0,60,Mortgage,Home_Improvement,High_School,Married,0
105513,27,40668.0,9.0,11207.0,11.6,681.0,60,Mortgage,Home_Improvement,Bachelor,Single,0
105514,44,56769.0,12.0,25143.0,8.02,654.0,60,Rent,Debt_Consolidation,High_School,Married,0
105515,56,94734.0,6.0,30383.0,9.63,679.0,48,Rent,Business,Bachelor,Married,0
105516,34,66697.0,13.0,15324.0,7.79,738.0,36,Mortgage,Education,Bachelor,Single,0
105517,54,116122.0,6.0,15880.0,10.15,657.0,60,Rent,Debt_Consolidation,Master,Single,0
105518,25,99289.0,5.0,26141.0,7.87,740.0,60,Mortgage,Home_Improvement,Bachelor,Married,0
105519,40,95801.0,24.0,23385.0,8.01,648.0,60,Mortgage,Debt_Consolidation,Master,Married,0
105520,23,76196.0,9.0,14450.0,13.31,766.0,60,Mortgage,Debt_Consolidation,Master,Married,0
105521,45,60703.0,,10612.0,9.73,745.0,36,Rent,Home_Improvement,Bachelor,Divorced,0
105522,39,92882.0,0.0,10109.0,13.65,633.0,72,Mortgage,Business,Master,Married,0
105523,47,50506.0,10.0,12517.0,10.43,653.0,60,Own,Business,Bachelor,Single,0
105524,46,77578.0,25.0,6438.0,4.97,793.0,60,Mortgage,Medical,Master,Married,0
105525,43,66007.0,7.0,14195.0,11.19,629.0,72,Rent,Debt_Consolidation,PhD,Married,0
105526,53,63927.0,26.0,24348.0,12.9,684.0,60,Own,Medical,Master,Single,1
105527,38,41106.0,5.0,29010.0,10.25,676.0,48,Mortgage,Education,Master,Divorced,1
105528,21,82773.0,18.0,10671.0,6.54,687.0,36,Mortgage,Business,Master,Married,0
105529,38,50313.0,,13628.0,9.55,662.0,60,Own,Debt_Consolidation,Bachelor,Single,0
105530,31,79138.0,14.0,25779.0,11.5,,36,Rent,Debt_Consolidation,PhD,Divorced,1
105531,62,43332.0,18.0,19128.0,9.59,626.0,48,Mortgage,Debt_Consolidation,Bachelor,Married,1
105532,33,21096.0,28.0,12239.0,9.79,631.0,60,Rent,Debt_Consolidation,Bachelor,Divorced,0
105533,33,67100.0,20.0,9352.0,8.58,715.0,60,Rent,Education,Bachelor,Divorced,0
105534,24,118229.0,26.0,3610.0,5.83,646.0,60,Rent,Business,High_School,Single,0
105535,56,87092.0,23.0,14981.0,4.36,685.0,36,Rent,Debt_Consolidation,High_School,Married,0
105536,29,60570.0,14.0,18627.0,6.58,628.0,72,Own,Business,Bachelor,Single,1
105537,41,46547.0,,17389.0,10.52,713.0,60,Mortgage,Debt_Consolidation,Bachelor,Married,0
105538,43,21707.0,21.0,12745.0,13.12,658.0,48,Mortgage,Business,Master,Single,0
105539,47,71030.0,24.0,20541.0,11.06,667.0,60,Own,Home_Improvement,Bachelor,Single,0
105540,53,53299.0,9.0,36870.0,16.35,622.0,60,Own,Debt_Consolidation,Master,Single,1
105541,54,65354.0,16.0,27265.0,12.28,744.0,36,Mortgage,Debt_Consolidation,Bachelor,Single,0
105542,39,32344.0,22.0,22553.0,11.15,748.0,36,Mortgage,Home_Improvement,High_School,Married,0
105543,23,151043.0,0.0,20737.0,4.0,698.0,60,Rent,Debt_Consolidation,High_School,Divorced,1
105544,53,36684.0,22.0,31197.0,8.93,715.0,48,Rent,Debt_Consolidation,Bachelor,Single,1
105545,64,52034.0,6.0,12897.0,5.73,624.0,72,Rent,Medical,Bachelor,Divorced,0
105546,22,60382.0,17.0,10873.0,13.82,689.0,72,Rent,,Master,Single,1
105547,33,35283.0,30.0,19928.0,15.38,640.0,60,Mortgage,Debt_Consolidation,High_School,Single,0
105548,29,31432.0,25.0,7766.0,13.11,679.0,60,Rent,Home_Improvement,Bachelor,Single,0
105549,43,50651.0,18.0,6388.0,6.04,706.0,60,Rent,Home_Improvement,Master,Single,0
105550,27,28731.0,19.0,31344.0,6.57,726.0,72,Mortgage,Debt_Consolidation,Bachelor,Single,0
105551,31,56664.0,15.0,32154.0,14.96,685.0,36,Mortgage,Debt_Consolidation,Bachelor,Divorced,1
105552,57,66712.0,6.0,17112.0,16.14,633.0,60,Mortgage,Debt_Consolidation,Bachelor,Married,1
105553,38,,29.0,16220.0,8.25,692.0,60,Rent,Home_Improvement,Bachelor,Married,0
105554,21,37308.0,6.0,26383.0,7.21,730.0,60,Mortgage,Home_Improvement,PhD,Married,0
105555,40,60754.0,1.0,24346.0,11.12,623.0,72,Rent,Home_Improvement,Master,Married,1
105556,44,140444.0,20.0,31935.0,4.44,684.0,60,Rent,Debt_Consolidation,Master,Married,0
105557,27,43770.0,22.0,12010.0,12.79,756.0,48,Rent,Debt_Consolidation,High_School,Single,0
105558,46,99702.0,28.0,26153.0,10.5,627.0,60,Rent,Education,Bachelor,Single,0
105559,31,59131.0,14.0,24685.0,6.47,779.0,60,Mortgage,Debt_Consolidation,High_School,Married,1
105560,42,66277.0,24.0,28208.0,10.77,670.0,36,Mortgage,Home_Improvement,PhD,Married,1
105561,45,192998.0,6.0,16173.0,10.87,715.0,72,Mortgage,Debt_Consolidation,Bachelor,Single,0
105562,22,43288.0,1.0,38511.0,12.41,658.0,60,Mortgage,Debt_Consolidation,High_School,Single,1
105563,32,48968.0,14.0,10096.0,19.97,598.0,60,Rent,Debt_Consolidation,Master,Married,1
105564,22,42776.0,16.0,6376.0,10.31,675.0,36,Mortgage,Debt_Consolidation,High_School,Divorced,0
105565,58,51491.0,19.0,12634.0,12.34,669.0,60,Rent,Business,Bachelor,Single,1
105566,32,71374.0,1.0,8499.0,9.65,714.0,36,Rent,Home_Improvement,Bachelor,Married,0
105567,61,67950.0,10.0,21437.0,11.91,786.0,60,Rent,Home_Improvement,Bachelor,Married,0
105568,51,65421.0,2.0,9568.0,9.58,641.0,36,Rent,Debt_Consolidation,PhD,Married,0
105569,22,81937.0,16.0,18030.0,6.78,752.0,36,Rent,Debt_Consolidation,Bachelor,Married,0
105570,43,37610.0,22.0,26282.0,13.73,699.0,60,Mortgage,Debt_Consolidation,Bachelor,Single,0
105571,65,81515.0,8.0,11241.0,,703.0,36,Rent,Home_Improvement,Master,Divorced,0
105572,54,71072.0,22.0,21190.0,11.94,787.0,60,Rent,Home_Improvement,Bachelor,Divorced,0
105573,31,61563.0,18.0,17086.0,10.76,692.0,36,Mortgage,Debt_Consolidation,Bachelor,Married,0
105574,57,55930.0,9.0,11418.0,12.86,674.0,72,Mortgage,Debt_Consolidation,High_School,Married,0
105575,42,34015.0,28.0,16995.0,19.3,681.0,60,Rent,Home_Improvement,Bachelor,Married,0
105576,42,84537.0,10.0,18439.0,10.38,683.0,48,Mortgage,Home_Improvement,Master,Single,1
105577,37,92836.0,0.0,7221.0,7.9,723.0,60,Rent,Debt_Consolidation,Bachelor,Divorced,0
105578,56,54323.0,20.0,14861.0,6.65,794.0,48,Mortgage,Home_Improvement,Bachelor,Married,0
105579,40,50833.0,17.0,21210.0,16.91,683.0,36,Mortgage,Debt_Consolidation,Bachelor,Single,0
105580,42,50485.0,16.0,3562.0,10.08,755.0,60,,Debt_Consolidation,Bachelor,Divorced,1
105581,23,64032.0,29.0,26400.0,9.85,649.0,72,Rent,Debt_Consolidation,PhD,Married,1
105582,31,49317.0,20.0,5153.0,7.06,687.0,36,Rent,Business,Bachelor,Divorced,0
105583,41,80102.0,1.0,9063.0,6.86,759.0,48,Rent,Education,Bachelor,Divorced,0
105584,46,106204.0,25.0,14942.0,13.15,722.0,36,Rent,Debt_Consolidation,Bachelor,Divorced,1
105585,43,114390.0,9.0,15693.0,10.14,630.0,36,Rent,Business,High_School,Single,0
105586,36,57524.0,6.0,2000.0,7.42,683.0,36,Rent,Debt_Consolidation,Bachelor,Married,1
105587,23,35957.0,16.0,22053.0,12.09,775.0,36,Rent,Debt_Consolidation,Bachelor,Single,0
105588,43,148088.0,13.0,30497.0,11.25,654.0,36,Own,Debt_Consolidation,PhD,Single,0
105589,33,128996.0,7.0,15160.0,15.8,703.0,60,Own,Debt_Consolidation,High_School,Married,0
105590,40,60537.0,6.0,5691.0,15.49,606.0,48,Mortgage,Home_Improvement,Bachelor,Married,0
105591,37,31847.0,22.0,10752.0,4.64,679.0,60,Rent,Medical,Bachelor,Single,0
105592,46,19239.0,14.0,17112.0,9.84,674.0,36,Mortgage,Business,Bachelor,Single,1
105593,57,45824.0,16.0,12270.0,6.81,742.0,60,Rent,Medical,,Divorced,0
105594,26,39816.0,3.0,13131.0,12.5,689.0,60,Rent,Medical,Bachelor,Single,0
105595,46,159757.0,4.0,9978.0,9.26,652.0,60,Mortgage,Debt_Consolidation,High_School,Single,0
105596,27,60002.0,28.0,25134.0,11.18,776.0,60,Mortgage,Business,Bachelor,Married,0
105597,25,33784.0,4.0,24973.0,6.32,724.0,72,Mortgage,Debt_Consolidation,High_School,Single,0
105598,22,78965.0,19.0,20447.0,5.6,650.0,72,Rent,Debt_Consolidation,Bachelor,Married,0
105599,60,40073.0,26.0,14772.0,9.11,787.0,36,Mortgage,Debt_Consolidation,High_School,Married,0
105600,29,41374.0,25.0,11065.0,8.37,677.0,60,Rent,Debt_Consolidation,Master,Single,0
105601,21,55775.0,17.0,29633.0,11.85,733.0,36,Rent,Debt_Consolidation,High_School,Single,0
105602,37,69173.0,2.0,20630.0,12.13,687.0,36,Mortgage,Education,Bachelor,Married,1
105603,40,120747.0,20.0,31203.0,12.71,709.0,60,Mortgage,Debt_Consolidation,High_School,Married,0
105604,50,65574.0,17.0,26582.0,7.89,682.0,36,Mortgage,Business,High_School,Single,1
105605,61,75976.0,15.0,29091.0,6.66,637.0,60,Rent,Debt_Consolidation,High_School,Married,0
105606,41,45554.0,9.0,31090.0,11.62,755.0,72,Mortgage,Home_Improvement,High_School,Single,0
105607,45,73176.0,14.0,24194.0,7.33,688.0,48,Own,Debt_Consolidation,Master,Single,0
105608,36,107847.0,4.0,23123.0,13.38,743.0,60,Mortgage,Debt_Consolidation,Master,Married,0
105609,63,101872.0,19.0,7455.0,12.56,698.0,36,Mortgage,Business,Bachelor,Married,0
105610,34,51400.0,18.0,2000.0,11.59,719.0,60,Rent,Medical,Master,Married,0
105611,51,57107.0,19.0,20924.0,10.39,643.0,60,Mortgage,Home_Improvement,High_School,Married,0
105612,36,32275.0,30.0,31157.0,12.48,724.0,48,Mortgage,Business,Master,Single,1
105613,46,57106.0,1.0,11893.0,7.95,640.0,60,Rent,Debt_Consolidation,Bachelor,Single,0
105614,49,58243.0,4.0,32075.0,5.29,671.0,60,Rent,Debt_Consolidation,Bachelor,Single,0
105615,24,62919.0,17.0,15586.0,6.32,756.0,36,Own,Medical,Bachelor,Married,0
105616,51,47981.0,6.0,20905.0,10.78,715.0,60,Rent,Debt_Consolidation,Bachelor,Divorced,0
105617,53,69701.0,22.0,27819.0,9.85,748.0,60,Mortgage,Medical,Bachelor,Single,0
105618,33,108818.0,19.0,14124.0,7.15,666.0,48,Mortgage,Medical,High_School,Divorced,0
105619,62,49748.0,26.0,17142.0,9.09,804.0,36,Rent,Debt_Consolidation,Master,Single,0
105620,25,50062.0,18.0,2000.0,13.94,773.0,36,Mortgage,Medical,Bachelor,Married,0
105621,41,26425.0,9.0,3204.0,12.54,602.0,72,Rent,Home_Improvement,Master,Married,0
105622,45,80666.0,0.0,9974.0,7.63,681.0,60,Rent,Education,Bachelor,Married,0
105623,48,27362.0,28.0,19767.0,9.36,778.0,60,Rent,Home_Improvement,Bachelor,Single,0
105624,40,40882.0,7.0,14998.0,8.14,727.0,36,Mortgage,Debt_Consolidation,Bachelor,Single,0
105625,53,86323.0,27.0,16771.0,8.17,631.0,36,Rent,Education,Bachelor,Single,0
105626,27,39190.0,9.0,24234.0,5.89,639.0,60,Rent,Debt_Consolidation,Bachelor,Single,0
105627,47,61764.0,11.0,2000.0,12.08,689.0,36,Mortgage,Home_Improvement,Bachelor,Married,0
105628,41,73064.0,2.0,12440.0,13.35,695.0,36,Rent,Debt_Consolidation,Bachelor,Married,0
105629,44,28028.0,6.0,23573.0,13.8,646.0,60,Rent,Home_Improvement,Bachelor,Married,1
105630,50,46269.0,30.0,12754.0,10.85,597.0,36,Mortgage,Business,Bachelor,Married,0
105631,59,69942.0,15.0,17220.0,13.3,633.0,36,Rent,Home_Improvement,High_School,Divorced,0
105632,63,76531.0,27.0,27988.0,10.93,733.0,60,Rent,Business,High_School,Married,1
105633,42,48427.0,24.0,24513.0,16.08,722.0,60,Mortgage,Education,Bachelor,Divorced,1
105634,45,72110.0,22.0,23789.0,12.68,692.0,60,Rent,Debt_Consolidation,High_School,Married,0
105635,56,84673.0,24.0,12184.0,13.37,613.0,36,Mortgage,Home_Improvement,Bachelor,Single,0
105636,47,68661.0,8.0,15679.0,11.92,667.0,36,Mortgage,Debt_Consolidation,Master,Married,0
105637,24,53236.0,19.0,17616.0,8.71,721.0,72,Mortgage,Debt_Consolidation,Bachelor,Divorced,0
105638,38,70759.0,12.0,24665.0,12.46,787.0,36,Mortgage,Debt_Consolidation,Master,Married,0
105639,22,103990.0,26.0,21753.0,10.13,683.0,60,Own,Medical,High_School,Married,0
105640,37,,22.0,17934.0,11.98,634.0,36,Mortgage,Debt_Consolidation,Bachelor,Single,1
105641,37,101737.0,11.0,18809.0,13.13,728.0,60,Mortgage,Debt_Consolidation,Master,Married,1
105642,41,79711.0,21.0,2000.0,10.25,739.0,60,Mortgage,Debt_Consolidation,High_School,Single,0
105643,61,83202.0,3.0,18883.0,9.95,749.0,60,Mortgage,Home_Improvement,Bachelor,Married,0
105644,51,51882.0,28.0,36652.0,5.63,782.0,36,Mortgage,Debt_Consolidation,High_School,Married,1
105645,41,30494.0,29.0,9175.0,7.85,660.0,36,Mortgage,Debt_Consolidation,Bachelor,Married,0
105646,55,67582.0,23.0,28287.0,14.64,735.0,60,Own,Debt_Consolidation,Bachelor,Single,1
105647,54,,26.0,13417.0,8.82,739.0,36,Rent,Medical,Bachelor,Married,0
105648,61,72519.0,21.0,23656.0,11.2,681.0,60,Mortgage,Debt_Consolidation,Bachelor,Divorced,0
105649,49,63195.0,8.0,27200.0,8.89,653.0,60,Mortgage,Debt_Consolidation,Master,Single,1
105650,41,90857.0,11.0,14829.0,10.18,816.0,48,Mortgage,Business,Master,Married,0
105651,47,94792.0,23.0,18064.0,10.25,756.0,36,Rent,Debt_Consolidation,Bachelor,Single,0
105652,24,79453.0,28.0,29480.0,6.82,637.0,48,Mortgage,Home_Improvement,Bachelor,Single,0
105653,28,57226.0,24.0,18893.0,11.89,653.0,60,Mortgage,Debt_Consolidation,High_School,Married,0
105654,49,92540.0,12.0,19069.0,17.12,730.0,72,Mortgage,Education,Bachelor,Single,0
105655,45,60694.0,23.0,18787.0,12.62,644.0,48,Own,Home_Improvement,Bachelor,Divorced,1
105656,57,59631.0,5.0,22546.0,7.3,699.0,60,Rent,Business,Bachelor,Divorced,0
105657,39,122727.0,19.0,15215.0,14.6,,60,Mortgage,Debt_Consolidation,Master,Single,0
105658,38,41854.0,8.0,16670.0,7.49,652.0,60,Mortgage,Home_Improvement,Bachelor,Single,0
105659,63,63257.0,5.0,2000.0,11.02,777.0,60,Mortgage,Medical,Master,Single,0
105660,32,95922.0,28.0,8245.0,9.19,663.0,36,Rent,Education,Bachelor,Single,0
105661,27,37901.0,0.0,13587.0,17.24,771.0,60,Mortgage,Debt_Consolidation,Bachelor,Single,1
105662,51,33833.0,19.0,12652.0,8.79,822.0,48,Rent,Home_Improvement,Bachelor,Married,0
105663,64,31315.0,27.0,11962.0,7.72,690.0,36,Mortgage,Debt_Consolidation,High_School,Single,0
105664,49,61842.0,25.0,9610.0,11.49,719.0,72,Rent,Education,Bachelor,Divorced,0
105665,31,36760.0,20.0,8346.0,12.22,736.0,36,Rent,Debt_Consolidation,PhD,Married,0
105666,37,142434.0,2.0,16630.0,8.15,695.0,36,Rent,Home_Improvement,Master,Single,0
105667,59,27965.0,30.0,26162.0,11.57,718.0,72,Mortgage,Home_Improvement,Bachelor,Married,0
105668,28,103369.0,10.0,15408.0,14.27,645.0,60,Rent,Medical,Master,Single,1
105669,45,103469.0,15.0,24911.0,10.71,713.0,36,Rent,Medical,High_School,Single,0
105670,42,55576.0,30.0,12242.0,14.84,790.0,36,Mortgage,Education,Master,Single,0
105671,49,65501.0,25.0,9686.0,7.39,681.0,36,Mortgage,Debt_Consolidation,Master,Divorced,0
105672,35,50926.0,9.0,27213.0,8.81,633.0,48,Rent,Education,High_School,Single,1
105673,21,54855.0,2.0,30630.0,11.51,707.0,36,Mortgage,Education,Bachelor,Married,1
105674,50,114572.0,13.0,9015.0,15.71,743.0,72,Own,Home_Improvement,High_School,Single,0
105675,57,66023.0,29.0,12625.0,7.95,669.0,60,Own,Education,Bachelor,Married,0
105676,28,52736.0,2.0,11770.0,9.42,674.0,60,Rent,Home_Improvement,Master,Single,0
105677,33,42887.0,10.0,8268.0,11.61,648.0,60,Mortgage,Home_Improvement,High_School,Single,0
105678,27,84266.0,22.0,8875.0,10.96,597.0,60,Rent,Home_Improvement,Bachelor,Married,0
105679,35,69605.0,19.0,23141.0,7.97,714.0,36,Rent,Home_Improvement,Bachelor,Single,0
105680,61,98711.0,13.0,24377.0,11.17,781.0,60,Own,Medical,High_School,Single,0
105681,62,137768.0,21.0,23289.0,4.16,702.0,60,Mortgage,Debt_Consolidation,PhD,Single,0
105682,35,39345.0,30.0,29687.0,10.21,609.0,36,Own,Debt_Consolidation,Bachelor,Married,0
105683,63,101052.0,30.0,24028.0,10.57,643.0,60,Rent,Debt_Consolidation,Master,Married,0
105684,31,181719.0,6.0,15731.0,11.52,704.0,48,Rent,Debt_Consolidation,Bachelor,Single,0
105685,31,47922.0,25.0,17021.0,14.15,684.0,36,Own,Debt_Consolidation,Bachelor,Married,1
105686,35,55696.0,27.0,8706.0,5.67,,60,Rent,Medical,Bachelor,Divorced,0
105687,38,,28.0,19945.0,15.63,690.0,60,Mortgage,Home_Improvement,Bachelor,Married,1
105688,28,42775.0,24.0,10413.0,10.45,716.0,60,Rent,Home_Improvement,Bachelor,Single,1
105689,50,85435.0,14.0,25139.0,5.71,713.0,60,Own,Business,Master,Married,1
105690,32,73333.0,4.0,26347.0,4.09,761.0,36,Rent,Medical,Bachelor,Single,0
105691,24,79851.0,21.0,3005.0,6.31,827.0,72,Mortgage,Education,Bachelor,Single,1
105692,35,30477.0,9.0,16843.0,10.04,644.0,36,Rent,Debt_Consolidation,Bachelor,Married,1
105693,21,115101.0,26.0,23522.0,8.46,679.0,36,Mortgage,Home_Improvement,Bachelor,Married,0
105694,62,119411.0,24.0,23300.0,9.96,750.0,48,Mortgage,,Bachelor,Divorced,1
105695,27,142751.0,16.0,38633.0,14.39,633.0,48,Mortgage,Debt_Consolidation,High_School,Married,1
105696,26,44143.0,18.0,6667.0,4.62,727.0,60,Rent,Home_Improvement,Bachelor,Single,0
105697,56,86227.0,10.0,21368.0,4.55,684.0,60,Own,Debt_Consolidation,Master,Single,1
105698,57,72709.0,28.0,7078.0,8.91,694.0,36,Mortgage,Debt_Consolidation,High_School,Married,0
105699,41,44493.0,19.0,23133.0,8.52,655.0,60,Rent,Debt_Consolidation,Master,Single,1
105700,27,88753.0,1.0,33588.0,7.07,606.0,72,Rent,Debt_Consolidation,Bachelor,Married,0
105701,65,62679.0,17.0,4155.0,11.48,691.0,60,Mortgage,Business,Master,Divorced,0
105702,31,60312.0,28.0,17336.0,7.12,668.0,36,Mortgage,Home_Improvement,Master,Single,0
105703,59,106286.0,11.0,27391.0,12.63,642.0,60,Rent,Home_Improvement,Master,Divorced,1
105704,60,100309.0,30.0,17919.0,4.99,652.0,72,Rent,Medical,High_School,Single,0
105705,54,51082.0,15.0,17006.0,9.45,684.0,48,Mortgage,Debt_Consolidation,Bachelor,Married,0
105706,21,120890.0,4.0,32166.0,7.65,709.0,48,Rent,Home_Improvement,Bachelor,Single,1
105707,39,151406.0,21.0,41270.0,13.97,691.0,60,Rent,Home_Improvement,Master,Married,1
105708,49,51617.0,30.0,2000.0,9.02,675.0,36,Own,Home_Improvement,,Married,0
105709,53,27632.0,7.0,12437.0,12.76,667.0,60,Own,Education,High_School,Single,1
105710,45,66486.0,18.0,35131.0,6.97,671.0,60,Rent,Business,Bachelor,Single,1
105711,63,28539.0,28.0,13451.0,5.38,733.0,60,Own,Home_Improvement,Bachelor,Single,0
105712,22,51787.0,24.0,26118.0,9.47,696.0,48,Mortgage,Debt_Consolidation,Bachelor,Married,0
105713,37,77089.0,12.0,12107.0,12.13,675.0,48,,Debt_Consolidation,Bachelor,Married,0
105714,23,145075.0,18.0,8390.0,9.14,658.0,48,,Debt_Consolidation,Bachelor,Divorced,0
105715,31,200863.0,13.0,29138.0,10.45,639.0,72,Mortgage,Home_Improvement,Bachelor,Single,1
105716,27,60995.0,27.0,2000.0,17.96,689.0,48,Rent,Education,Bachelor,Married,0
105717,65,218706.0,26.0,30802.0,13.41,669.0,36,Rent,Debt_Consolidation,Bachelor,Married,1
105718,26,108451.0,3.0,9429.0,9.12,613.0,36,Rent,Business,Master,Single,0
105719,40,51889.0,8.0,8100.0,6.89,708.0,48,Rent,Education,PhD,Single,0
105720,46,70416.0,9.0,18413.0,5.19,711.0,60,Rent,Education,Bachelor,Single,1
105721,52,70176.0,10.0,20415.0,10.7,650.0,36,Mortgage,Debt_Consolidation,PhD,Single,0
105722,48,59934.0,16.0,16786.0,13.49,700.0,60,Rent,Debt_Consolidation,Bachelor,Single,0
105723,28,70218.0,22.0,3537.0,12.24,708.0,72,Rent,Business,High_School,Single,0
105724,22,73723.0,13.0,18798.0,12.05,673.0,36,Rent,Business,High_School,Divorced,0
105725,33,37941.0,26.0,14264.0,9.39,633.0,36,Rent,Education,Bachelor,Single,0
105726,62,83960.0,24.0,13656.0,9.27,688.0,60,Rent,Debt_Consolidation,Bachelor,Single,0
105727,24,85770.0,2.0,27414.0,13.16,773.0,36,Rent,Home_Improvement,Bachelor,Married,0
105728,31,60780.0,25.0,18644.0,14.09,679.0,36,Rent,Education,High_School,Married,1
105729,55,89869.0,23.0,19692.0,8.54,730.0,60,Mortgage,Medical,Bachelor,Single,0
105730,24,35595.0,28.0,2000.0,12.31,719.0,48,Rent,Debt_Consolidation,Master,Married,0
105731,27,57176.0,26.0,2000.0,13.67,721.0,60,Mortgage,Debt_Consolidation,Bachelor,Married,0
105732,40,68553.0,17.0,10362.0,6.31,803.0,36,Own,Debt_Consolidation,Bachelor,Married,0
105733,37,46842.0,6.0,18366.0,8.5,820.0,48,Mortgage,Education,High_School,Married,0
105734,26,61049.0,22.0,23285.0,13.32,726.0,60,Rent,Home_Improvement,Bachelor,Single,1
105735,51,89945.0,12.0,27934.0,16.94,676.0,60,Rent,Business,Bachelor,Single,1
105736,43,89552.0,13.0,16692.0,9.88,553.0,36,Rent,Debt_Consolidation,Master,Married,1
105737,60,48877.0,6.0,11505.0,12.49,725.0,60,Rent,Medical,PhD,Married,0
105738,65,30643.0,26.0,27668.0,4.73,673.0,36,Own,Home_Improvement,PhD,Married,0
105739,51,58870.0,14.0,20180.0,7.82,733.0,36,Own,Education,Master,Married,0
105740,34,35635.0,27.0,17865.0,20.37,693.0,60,Rent,Home_Improvement,High_School,Single,0
105741,27,78124.0,29.0,16314.0,8.71,749.0,48,Rent,Debt_Consolidation,Bachelor,Single,0
105742,34,96505.0,29.0,16682.0,10.24,687.0,36,Rent,Debt_Consolidation,Bachelor,Single,0
105743,24,84540.0,1.0,18104.0,7.16,607.0,60,Mortgage,Medical,Bachelor,Married,1
105744,62,50200.0,10.0,30865.0,12.09,607.0,48,Rent,Business,Bachelor,Single,1
105745,49,69457.0,22.0,9090.0,14.5,714.0,36,Own,Home_Improvement,High_School,Married,0
105746,57,102557.0,17.0,11854.0,13.53,663.0,60,Rent,Debt_Consolidation,Master,Single,0
105747,65,152994.0,13.0,19068.0,11.65,791.0,60,Rent,Debt_Consolidation,High_School,Married,1
105748,39,67746.0,21.0,12663.0,12.86,620.0,36,Own,Home_Improvement,High_School,Divorced,1
105749,55,116989.0,12.0,20369.0,11.66,649.0,72,Own,Debt_Consolidation,Bachelor,Single,0
105750,60,92210.0,27.0,5666.0,14.39,602.0,60,Rent,Home_Improvement,Bachelor,Married,0
105751,59,46439.0,1.0,20918.0,11.22,613.0,72,Rent,Debt_Consolidation,Master,Divorced,1
105752,31,69559.0,26.0,13627.0,14.9,704.0,48,Mortgage,Debt_Consolidation,High_School,Single,0
105753,43,,6.0,18548.0,11.25,728.0,36,Mortgage,Debt_Consolidation,Bachelor,Married,1
105754,50,72192.0,4.0,17428.0,10.32,,60,Mortgage,Home_Improvement,High_School,Married,0
105755,23,53209.0,28.0,29663.0,6.31,705.0,36,Mortgage,Business,Bachelor,Married,0
105756,44,46031.0,29.0,12103.0,12.88,612.0,60,Rent,Business,Bachelor,Married,0
105757,31,71306.0,5.0,12108.0,10.29,715.0,36,Mortgage,Debt_Consolidation,Bachelor,Married,0
105758,35,77248.0,10.0,11666.0,12.86,792.0,60,Mortgage,Education,Master,Married,0
105759,44,104426.0,0.0,24932.0,10.46,614.0,60,Rent,Home_Improvement,Master,Single,1
105760,64,53250.0,2.0,20261.0,13.8,664.0,48,Mortgage,Debt_Consolidation,Bachelor,Single,1
105761,44,70410.0,28.0,12748.0,8.52,672.0,36,Mortgage,Education,Bachelor,Single,1
105762,25,166361.0,11.0,9377.0,4.1,753.0,72,Mortgage,Debt_Consolidation,Bachelor,Married,0
105763,32,116278.0,20.0,20480.0,12.83,690.0,60,Rent,Home_Improvement,Bachelor,Married,0
105764,23,48980.0,19.0,21254.0,7.75,682.0,36,Rent,Debt_Consolidation,Bachelor,Married,0
105765,23,60542.0,29.0,13204.0,17.24,736.0,48,Rent,Debt_Consolidation,Master,Divorced,0
105766,49,141138.0,18.0,16982.0,8.44,744.0,36,Own,Medical,High_School,Single,0
105767,40,45384.0,12.0,21773.0,10.42,515.0,60,Rent,Home_Improvement,PhD,Married,1
105768,23,72480.0,4.0,31737.0,10.9,707.0,60,Rent,Debt_Consolidation,High_School,Married,1
105769,41,95830.0,26.0,29424.0,16.38,699.0,60,Mortgage,Debt_Consolidation,Bachelor,Married,1
105770,31,66887.0,26.0,20080.0,16.74,673.0,60,Rent,Education,High_School,Married,1
105771,61,77970.0,25.0,26487.0,6.06,686.0,60,Mortgage,Home_Improvement,Bachelor,Married,0
105772,59,28578.0,7.0,17061.0,14.79,783.0,72,Mortgage,Medical,Bachelor,Divorced,0
105773,41,91265.0,10.0,27555.0,5.79,717.0,60,Mortgage,Business,Bachelor,Married,0
105774,46,111769.0,25.0,18472.0,11.1,706.0,36,Mortgage,Debt_Consolidation,Bachelor,Single,0
105775,61,44310.0,15.0,2876.0,10.41,761.0,36,Rent,Home_Improvement,Master,Married,0
105776,24,134526.0,4.0,11925.0,12.44,564.0,60,Own,Home_Improvement,Bachelor,Married,0
105777,58,44609.0,2.0,2000.0,14.61,706.0,60,Rent,Medical,High_School,Divorced,0
105778,51,77131.0,3.0,28236.0,9.54,671.0,60,Rent,Medical,High_School,Single,0
105779,54,52057.0,21.0,14180.0,12.98,663.0,60,Own,Debt_Consolidation,High_School,Married,1
105780,56,142481.0,11.0,21822.0,5.25,653.0,60,Rent,Debt_Consolidation,PhD,Single,0
105781,21,139247.0,29.0,26119.0,12.31,732.0,36,Mortgage,Education,High_School,Divorced,1
105782,23,83979.0,6.0,6051.0,10.35,698.0,48,Mortgage,Debt_Consolidation,Bachelor,Married,0
105783,37,30646.0,16.0,12197.0,11.42,686.0,60,Mortgage,Education,Master,Married,0
105784,64,48739.0,30.0,13628.0,8.7,753.0,36,Mortgage,Home_Improvement,Bachelor,Divorced,0
105785,29,110408.0,18.0,13314.0,5.84,677.0,60,Mortgage,Home_Improvement,Bachelor,Married,0
105786,28,31499.0,25.0,15538.0,17.26,597.0,60,Mortgage,Education,Bachelor,Single,1
105787,31,66992.0,13.0,20323.0,11.28,655.0,36,Mortgage,Home_Improvement,Bachelor,Single,0
105788,26,85145.0,9.0,22605.0,7.51,673.0,60,Own,Home_Improvement,High_School,Single,1
105789,36,58388.0,30.0,28203.0,13.8,651.0,36,Own,Debt_Consolidation,High_School,Married,1
105790,33,81540.0,1.0,19076.0,12.01,622.0,60,Rent,Home_Improvement,PhD,Married,0
105791,58,54387.0,22.0,23890.0,12.6,732.0,48,Mortgage,Home_Improvement,Master,Divorced,1
105792,50,85211.0,19.0,9632.0,17.38,683.0,36,Rent,Home_Improvement,Master,Single,0
105793,61,120884.0,0.0,9659.0,11.86,746.0,60,Rent,Debt_Consolidation,PhD,Married,0
105794,36,58519.0,28.0,2000.0,11.75,637.0,60,Rent,Education,Bachelor,Married,0
105795,60,51463.0,30.0,11199.0,6.51,698.0,60,Mortgage,Debt_Consolidation,Bachelor,Married,0
105796,39,53369.0,27.0,29537.0,14.06,737.0,60,Rent,Education,PhD,Married,0
105797,64,150055.0,16.0,16049.0,11.27,613.0,36,Mortgage,Medical,Bachelor,Single,0
105798,36,95192.0,6.0,16145.0,6.81,795.0,36,Rent,Debt_Consolidation,Bachelor,Married,0
105799,59,50839.0,5.0,16458.0,8.02,666.0,36,Mortgage,Home_Improvement,High_School,Married,1
105800,33,11077.0,25.0,17404.0,4.53,640.0,36,Own,Debt_Consolidation,Master,Married,1
105801,49,62684.0,3.0,2000.0,10.64,593.0,60,Own,Medical,Bachelor,Married,0
105802,35,42339.0,22.0,15226.0,9.73,751.0,60,Mortgage,Medical,Master,Single,1
105803,49,44363.0,12.0,12371.0,12.46,700.0,72,Rent,Debt_Consolidation,Master,Single,0
105804,62,35126.0,28.0,14111.0,4.0,782.0,36,Mortgage,Debt_Consolidation,Bachelor,Divorced,0
105805,33,100690.0,19.0,22199.0,10.56,710.0,48,Rent,Business,Bachelor,Single,1
105806,32,,21.0,2000.0,7.32,716.0,60,Rent,Medical,Bachelor,Married,0
105807,34,131484.0,29.0,28274.0,4.85,647.0,36,Rent,Home_Improvement,Bachelor,Single,0
105808,22,61522.0,28.0,4741.0,12.31,732.0,60,Rent,Home_Improvement,Bachelor,Married,0
105809,38,87244.0,4.0,16270.0,7.06,682.0,60,Mortgage,Education,High_School,Single,0
105810,40,91747.0,12.0,27572.0,16.38,709.0,36,Rent,Debt_Consolidation,Bachelor,Divorced,0
105811,41,74199.0,8.0,7502.0,4.0,726.0,60,Mortgage,Business,Bachelor,Single,0
105812,32,70619.0,25.0,17690.0,8.47,712.0,60,Rent,Business,Bachelor,Married,0
105813,42,38474.0,20.0,18457.0,10.43,,60,Mortgage,Home_Improvement,High_School,Married,0
105814,29,35120.0,14.0,6954.0,4.0,666.0,48,Rent,Debt_Consolidation,Bachelor,Single,0
105815,44,64459.0,13.0,33144.0,12.89,701.0,36,Mortgage,Education,Bachelor,Single,1
105816,35,73450.0,21.0,20698.0,9.06,684.0,60,Rent,Home_Improvement,Bachelor,Divorced,0
105817,51,57928.0,22.0,30774.0,5.46,570.0,48,Rent,Home_Improvement,Bachelor,Single,1
105818,24,37826.0,9.0,11118.0,10.92,752.0,36,Rent,Debt_Consolidation,High_School,Single,0
105819,35,24713.0,14.0,17218.0,9.12,663.0,36,Rent,Debt_Consolidation,Bachelor,Divorced,1
105820,23,63356.0,25.0,14084.0,8.79,794.0,36,Rent,Home_Improvement,Master,Married,0
105821,33,85395.0,28.0,11631.0,16.57,713.0,36,Rent,Home_Improvement,Master,Single,1
105822,30,71613.0,24.0,26757.0,8.79,609.0,36,Rent,Education,Master,Single,1
105823,54,46425.0,22.0,14671.0,10.32,,60,Mortgage,Debt_Consolidation,High_School,Single,1
105824,27,48438.0,30.0,25972.0,11.23,623.0,36,Own,Medical,PhD,Married,0
105825,26,40224.0,10.0,14845.0,9.56,700.0,60,Mortgage,Debt_Consolidation,Bachelor,Married,0
105826,41,73009.0,19.0,18186.0,18.86,643.0,36,Rent,Home_Improvement,Bachelor,Single,1
105827,47,57976.0,19.0,18822.0,9.57,595.0,36,Rent,Debt_Consolidation,High_School,Divorced,0
105828,60,112242.0,7.0,13261.0,13.26,774.0,36,Own,Home_Improvement,Bachelor,Married,1
105829,65,76435.0,28.0,15550.0,6.4,755.0,36,Rent,Medical,Bachelor,Married,0
105830,23,60486.0,3.0,23888.0,10.44,652.0,36,Rent,Business,Master,Married,1
105831,29,41218.0,8.0,22488.0,16.12,693.0,48,Rent,Medical,PhD,Married,1
105832,59,52499.0,20.0,8581.0,11.21,,60,Rent,Business,Bachelor,Married,0
105833,41,77383.0,9.0,18779.0,9.21,642.0,36,Rent,Debt_Consolidation,Master,Divorced,1
105834,39,65906.0,4.0,13806.0,9.42,692.0,48,Own,Debt_Consolidation,Bachelor,Married,0
105835,28,62846.0,12.0,28436.0,12.96,652.0,48,Mortgage,Education,High_School,Married,0
105836,24,49361.0,6.0,29127.0,14.52,665.0,60,Own,Education,Master,Married,1
105837,41,99345.0,5.0,4836.0,16.01,675.0,60,Rent,Business,Master,Married,0
105838,37,37037.0,27.0,8205.0,13.64,773.0,48,Rent,Home_Improvement,Master,Single,0
105839,37,75221.0,4.0,13085.0,15.8,773.0,36,Mortgage,Debt_Consolidation,Master,Single,0
105840,62,46415.0,5.0,24622.0,12.2,603.0,72,Rent,Business,PhD,Divorced,1
105841,52,59953.0,3.0,20575.0,11.14,740.0,36,Mortgage,Debt_Consolidation,Bachelor,Divorced,0
105842,28,59361.0,26.0,20818.0,14.19,697.0,48,Own,Home_Improvement,Master,Married,1
105843,33,98405.0,27.0,22334.0,12.39,743.0,36,Mortgage,Medical,Bachelor,Single,0
105844,23,39050.0,22.0,14417.0,9.41,639.0,60,Rent,Home_Improvement,Bachelor,Married,0
105845,35,75252.0,7.0,17505.0,9.65,761.0,72,Own,Business,Bachelor,Divorced,0
105846,48,149327.0,26.0,14040.0,10.85,645.0,72,Rent,Debt_Consolidation,Bachelor,Married,0
105847,24,52691.0,16.0,12591.0,9.06,635.0,36,Mortgage,Home_Improvement,Bachelor,Single,0
105848,43,127633.0,23.0,19281.0,9.65,600.0,60,Rent,Medical,Bachelor,Divorced,0
105849,41,24942.0,6.0,26977.0,15.25,643.0,60,Rent,Medical,Bachelor,Single,1
105850,57,49309.0,29.0,7124.0,4.79,711.0,48,Mortgage,Education,Bachelor,Divorced,0
105851,35,37508.0,2.0,17327.0,11.32,721.0,36,Mortgage,Education,High_School,Married,0
105852,52,211780.0,4.0,19061.0,11.8,703.0,36,Rent,Debt_Consolidation,High_School,Married,0
105853,57,29096.0,19.0,17603.0,11.49,705.0,72,Mortgage,Education,Bachelor,Single,1
105854,48,43382.0,17.0,41527.0,10.85,606.0,72,Mortgage,Debt_Consolidation,Bachelor,Married,1
105855,55,99875.0,15.0,5697.0,13.81,745.0,60,Rent,Business,Bachelor,Single,0
105856,38,51843.0,9.0,2000.0,11.08,675.0,36,Rent,Home_Improvement,Master,Married,0
105857,46,100495.0,27.0,20361.0,14.33,710.0,72,Own,Education,High_School,Single,0
105858,24,110980.0,25.0,19824.0,4.0,708.0,36,Own,,Bachelor,Married,0
105859,30,61793.0,30.0,2000.0,10.47,804.0,48,Mortgage,Debt_Consolidation,Bachelor,Married,0
105860,60,141058.0,11.0,10013.0,4.63,753.0,60,Mortgage,Debt_Consolidation,Master,Divorced,0
105861,46,105637.0,18.0,31375.0,12.42,725.0,36,Rent,Debt_Consolidation,Master,Single,1
105862,52,73573.0,18.0,19007.0,5.69,769.0,36,Mortgage,Medical,Master,Single,0
105863,54,73404.0,20.0,20243.0,7.73,689.0,60,Rent,Debt_Consolidation,Bachelor,Single,1
105864,25,111527.0,24.0,10593.0,5.49,686.0,60,Rent,Medical,Bachelor,Single,0
105865,30,96624.0,11.0,7636.0,4.31,670.0,72,Mortgage,Business,Master,Married,0
105866,35,33463.0,12.0,13637.0,6.88,734.0,60,Rent,Debt_Consolidation,Bachelor,Divorced,0
105867,26,51749.0,22.0,18475.0,,681.0,36,Own,Home_Improvement,Bachelor,Married,0
105868,46,32523.0,24.0,13914.0,4.0,721.0,36,Mortgage,Debt_Consolidation,Bachelor,Single,0
105869,29,78690.0,6.0,9279.0,9.54,637.0,60,Rent,Debt_Consolidation,Master,Married,0
105870,60,56942.0,18.0,12561.0,9.09,759.0,60,Rent,Debt_Consolidation,High_School,Single,0
105871,40,50537.0,11.0,6129.0,10.07,810.0,60,Mortgage,Home_Improvement,High_School,Married,0
105872,26,28707.0,30.0,17670.0,13.08,740.0,60,Rent,Debt_Consolidation,Master,Married,0
105873,23,194571.0,6.0,4449.0,11.93,763.0,48,Own,Business,Bachelor,Single,0
105874,65,54807.0,4.0,31926.0,8.97,598.0,60,Mortgage,Education,Bachelor,Divorced,1
105875,37,80833.0,18.0,31302.0,11.87,682.0,72,Rent,Debt_Consolidation,Master,Single,0
105876,40,37479.0,13.0,17870.0,11.38,699.0,72,Rent,Debt_Consolidation,Master,Married,1
105877,61,99981.0,5.0,6207.0,4.0,668.0,60,Rent,Debt_Consolidation,Bachelor,Married,0
105878,44,69075.0,4.0,18379.0,11.62,674.0,36,Own,Debt_Consolidation,Master,Single,0
105879,31,33160.0,15.0,12023.0,13.82,746.0,60,Mortgage,Debt_Consolidation,High_School,Single,0
105880,59,92301.0,29.0,24360.0,10.05,661.0,48,Rent,Home_Improvement,Master,Single,0
105881,47,77904.0,30.0,39355.0,9.7,,36,Mortgage,Business,Bachelor,Single,1
105882,60,41211.0,24.0,7393.0,13.36,697.0,36,Rent,Education,Bachelor,Married,0
105883,57,77142.0,21.0,12454.0,9.66,739.0,48,Own,Medical,Master,Married,0
105884,65,122475.0,13.0,25785.0,12.05,661.0,48,Rent,Debt_Consolidation,Bachelor,Divorced,0
105885,62,60322.0,21.0,16251.0,13.01,759.0,36,Own,Debt_Consolidation,Bachelor,Single,0
105886,41,53531.0,19.0,10267.0,8.38,670.0,60,Mortgage,Home_Improvement,Master,Married,0
105887,37,57501.0,5.0,16394.0,13.16,721.0,60,Rent,Debt_Consolidation,Master,Single,1
105888,61,33614.0,18.0,14023.0,5.94,720.0,72,Rent,Debt_Consolidation,High_School,Single,1
105889,51,117019.0,15.0,11945.0,15.07,750.0,60,Mortgage,Debt_Consolidation,Bachelor,Single,0
105890,39,110039.0,18.0,17974.0,17.42,683.0,60,Rent,Business,Bachelor,Married,1
105891,28,70137.0,13.0,24393.0,11.8,766.0,72,Rent,Home_Improvement,High_School,Single,0
105892,40,55873.0,25.0,22849.0,7.1,674.0,60,Rent,Home_Improvement,High_School,Married,0
105893,28,97617.0,19.0,25548.0,8.39,733.0,36,Rent,Debt_Consolidation,Master,Married,0
105894,60,56086.0,9.0,15106.0,11.62,696.0,36,Own,Debt_Consolidation,Bachelor,Married,1
105895,43,61053.0,5.0,4007.0,12.18,718.0,48,Rent,Debt_Consolidation,Bachelor,Married,0
105896,34,54829.0,24.0,23429.0,13.08,679.0,48,Own,Home_Improvement,Bachelor,Single,1
105897,35,34788.0,23.0,12541.0,4.63,696.0,36,Mortgage,Education,Master,Married,0
105898,60,79389.0,19.0,9212.0,16.73,577.0,36,Own,Home_Improvement,High_School,Divorced,0
105899,30,94303.0,7.0,23055.0,11.44,727.0,48,Rent,Debt_Consolidation,Master,Married,0
105900,44,29118.0,12.0,13709.0,7.09,692.0,48,Rent,Debt_Consolidation,High_School,Married,1
105901,62,44754.0,9.0,13575.0,10.26,717.0,36,Rent,Home_Improvement,Bachelor,Married,0
105902,27,90022.0,11.0,32169.0,11.29,765.0,36,Rent,Business,Bachelor,Married,1
105903,46,27219.0,22.0,5920.0,4.15,640.0,60,Mortgage,Debt_Consolidation,Master,Married,0
105904,26,43108.0,1.0,21356.0,11.68,645.0,60,Own,Home_Improvement,,Single,0
105905,31,83227.0,11.0,20050.0,4.0,680.0,36,Rent,Debt_Consolidation,Bachelor,Single,0
105906,55,185577.0,11.0,8567.0,,722.0,60,Own,Home_Improvement,Master,Married,0
105907,65,98434.0,0.0,19535.0,11.34,598.0,72,Rent,Home_Improvement,High_School,Single,0
105908,52,31161.0,6.0,2000.0,8.87,623.0,36,Mortgage,Debt_Consolidation,Bachelor,Single,0
105909,25,87904.0,19.0,38134.0,14.35,623.0,60,Rent,Medical,Bachelor,Single,1
105910,47,30809.0,16.0,4830.0,10.48,692.0,48,Mortgage,Home_Improvement,High_School,Single,0
105911,40,113430.0,10.0,18851.0,13.32,,60,Rent,Home_Improvement,Master,Married,0
105912,52,22327.0,4.0,18507.0,8.28,,60,Mortgage,Debt_Consolidation,High_School,Single,1
105913,46,98411.0,28.0,12242.0,14.39,726.0,36,Mortgage,Business,Master,Single,0
105914,38,46760.0,8.0,4108.0,14.08,585.0,60,Mortgage,Debt_Consolidation,High_School,Single,0
105915,57,134216.0,0.0,15292.0,18.15,696.0,60,Mortgage,Home_Improvement,Bachelor,Divorced,1
105916,45,63409.0,24.0,16433.0,,732.0,48,Own,Debt_Consolidation,Bachelor,Divorced,0
105917,39,58087.0,26.0,16391.0,11.18,642.0,60,Mortgage,Medical,Bachelor,Single,0
105918,42,92378.0,23.0,27823.0,11.15,642.0,36,Own,Debt_Consolidation,Bachelor,Married,0
105919,57,43156.0,1.0,29185.0,12.59,692.0,36,Mortgage,Business,Master,Single,1
105920,38,49344.0,30.0,13596.0,16.3,723.0,48,Rent,Debt_Consolidation,High_School,Single,0
105921,41,79374.0,13.0,29185.0,10.44,629.0,60,Rent,Medical,High_School,Single,0
105922,37,87149.0,5.0,14924.0,15.71,691.0,60,Rent,Education,High_School,Married,0
105923,45,64219.0,16.0,16976.0,9.89,653.0,60,Mortgage,Debt_Consolidation,Bachelor,Married,1
105924,61,70793.0,20.0,19341.0,13.2,673.0,36,Rent,Debt_Consolidation,Bachelor,Married,1
105925,40,23764.0,16.0,15044.0,16.42,693.0,60,,Debt_Consolidation,High_School,Married,1
105926,42,115971.0,29.0,27304.0,16.16,685.0,72,Mortgage,Education,Master,Divorced,0
105927,31,74803.0,9.0,19945.0,7.3,738.0,60,Rent,Education,Master,Married,0
105928,35,92553.0,21.0,24844.0,9.27,741.0,72,Rent,Debt_Consolidation,Bachelor,Single,0
105929,42,44536.0,21.0,19869.0,7.21,746.0,60,Rent,Medical,Master,Single,0
105930,61,49307.0,18.0,12324.0,6.12,680.0,36,Own,Debt_Consolidation,,Single,0
105931,54,59838.0,6.0,27453.0,7.73,586.0,48,Rent,Debt_Consolidation,Master,Married,0
105932,38,81462.0,8.0,16069.0,4.0,677.0,48,Rent,Business,Master,Married,0
105933,31,23247.0,11.0,29735.0,12.24,695.0,60,Rent,Education,Master,Married,1
105934,34,76511.0,2.0,17435.0,9.2,686.0,36,Rent,Debt_Consolidation,High_School,Married,0
105935,24,84881.0,9.0,30468.0,15.64,674.0,60,Rent,Home_Improvement,PhD,Married,1
105936,34,62366.0,21.0,10323.0,13.15,763.0,72,Mortgage,Education,High_School,Divorced,0
105937,26,95959.0,11.0,13933.0,6.75,718.0,48,Rent,Debt_Consolidation,Master,Married,0
105938,44,68414.0,21.0,16618.0,11.36,703.0,36,Mortgage,Debt_Consolidation,High_School,Married,0
105939,51,88476.0,27.0,20925.0,13.31,714.0,36,Mortgage,Education,Bachelor,Divorced,0
105940,45,121538.0,0.0,16871.0,10.85,721.0,36,Own,Medical,High_School,Single,1
105941,58,125310.0,12.0,23119.0,11.52,679.0,36,Rent,Medical,Master,Single,1
105942,53,45685.0,20.0,14130.0,9.24,684.0,60,Mortgage,Medical,Bachelor,Single,1
105943,61,55407.0,30.0,12886.0,7.0,762.0,72,Mortgage,Debt_Consolidation,Bachelor,Married,0
105944,26,28258.0,2.0,15053.0,6.17,705.0,60,Mortgage,Education,,Divorced,1
105945,50,60079.0,19.0,10389.0,9.58,702.0,36,Rent,Home_Improvement,Bachelor,Single,0
105946,36,59020.0,27.0,19026.0,12.02,730.0,60,Rent,Debt_Consolidation,Bachelor,Single,0
105947,50,48073.0,23.0,5404.0,16.61,742.0,36,Rent,Debt_Consolidation,Master,Married,1
105948,45,112329.0,14.0,15794.0,9.79,717.0,60,Rent,Home_Improvement,Master,Single,0
105949,37,89739.0,30.0,11126.0,13.41,758.0,60,Mortgage,Education,High_School,Single,0
105950,33,53931.0,21.0,8066.0,14.5,708.0,36,Rent,Home_Improvement,High_School,Single,1
105951,55,89610.0,5.0,23089.0,13.57,765.0,48,Mortgage,Debt_Consolidation,Bachelor,Married,0
105952,43,47431.0,15.0,18251.0,10.43,706.0,60,Rent,Education,Master,Married,0
105953,39,44706.0,16.0,8072.0,6.73,694.0,36,Mortgage,Business,Bachelor,Married,0
105954,63,106340.0,28.0,15855.0,9.13,668.0,60,Rent,Home_Improvement,High_School,Single,0
105955,63,57540.0,17.0,27620.0,9.44,747.0,60,Mortgage,Medical,Bachelor,Married,0
105956,26,62930.0,5.0,15655.0,8.81,675.0,60,Mortgage,Debt_Consolidation,High_School,Divorced,1
105957,54,34835.0,19.0,9728.0,10.82,763.0,60,Mortgage,Business,Bachelor,Married,1
105958,28,27178.0,23.0,30460.0,10.45,594.0,48,Mortgage,Debt_Consolidation,PhD,Married,1
105959,52,40030.0,4.0,2000.0,14.82,686.0,48,Rent,Home_Improvement,Bachelor,Married,0
105960,42,75937.0,20.0,23270.0,11.31,670.0,48,Rent,Business,High_School,Married,1
105961,62,36948.0,26.0,26124.0,10.0,704.0,60,Own,Business,Bachelor,Married,0
105962,41,51245.0,9.0,13070.0,7.97,713.0,60,Rent,Business,High_School,Married,0
105963,57,95421.0,1.0,10767.0,14.78,692.0,36,Rent,Medical,High_School,Married,0
105964,22,92894.0,8.0,9593.0,17.49,690.0,72,Rent,Education,PhD,Divorced,1
105965,38,91949.0,8.0,17783.0,17.16,690.0,36,Rent,Debt_Consolidation,Bachelor,Married,1
105966,22,103827.0,15.0,16839.0,4.0,671.0,36,Rent,Home_Improvement,PhD,Single,0
105967,44,166850.0,11.0,16191.0,12.16,638.0,72,Mortgage,Debt_Consolidation,Bachelor,Divorced,0
105968,46,62966.0,27.0,25631.0,9.99,704.0,36,Mortgage,Home_Improvement,Master,Single,0
105969,51,41068.0,3.0,11712.0,13.06,657.0,60,Rent,Home_Improvement,,Divorced,0
105970,53,36870.0,26.0,18153.0,9.32,742.0,60,Rent,Business,Master,Single,1
105971,58,59177.0,27.0,17841.0,13.1,724.0,36,Rent,Debt_Consolidation,Bachelor,Divorced,0
105972,42,151595.0,17.0,2000.0,7.86,752.0,60,Rent,Debt_Consolidation,Bachelor,Married,0
105973,21,26775.0,19.0,24152.0,14.81,636.0,60,Own,Debt_Consolidation,PhD,Single,0
105974,26,108382.0,28.0,14715.0,6.35,679.0,60,Rent,Business,Bachelor,Married,0
105975,55,52353.0,24.0,16051.0,8.48,764.0,60,Mortgage,Medical,Master,Divorced,0
105976,50,53950.0,6.0,28162.0,9.54,598.0,36,Rent,Education,PhD,Married,1
105977,33,76370.0,29.0,16818.0,13.67,673.0,36,Rent,Debt_Consolidation,Bachelor,Single,1
105978,22,72558.0,23.0,26174.0,6.8,,36,Rent,Education,High_School,Single,0
105979,21,53735.0,15.0,12890.0,11.75,666.0,60,Rent,Debt_Consolidation,Master,Married,1
105980,55,51079.0,23.0,22524.0,15.31,652.0,36,Rent,Debt_Consolidation,Bachelor,Married,0
105981,63,68210.0,20.0,13999.0,7.59,,60,Mortgage,Home_Improvement,Bachelor,Married,0
105982,63,37966.0,17.0,6085.0,4.03,646.0,48,Rent,Debt_Consolidation,High_School,Married,0
105983,44,65545.0,5.0,15192.0,13.72,757.0,60,Rent,Debt_Consolidation,High_School,Married,0
105984,49,57295.0,3.0,16305.0,9.3,692.0,60,Rent,Education,Bachelor,Single,1
105985,24,56082.0,26.0,21167.0,11.77,702.0,60,Mortgage,Debt_Consolidation,Master,Single,0
105986,42,86617.0,22.0,7775.0,16.95,667.0,36,Mortgage,Business,Bachelor,Single,0
105987,59,111011.0,23.0,28223.0,8.57,689.0,60,Rent,Debt_Consolidation,Bachelor,Single,1
105988,62,119916.0,2.0,18080.0,8.03,723.0,60,Mortgage,Debt_Consolidation,High_School,Single,1
105989,29,58831.0,2.0,10868.0,4.0,650.0,36,Rent,Debt_Consolidation,Bachelor,Married,0
105990,39,25139.0,6.0,23658.0,16.57,715.0,60,Own,Debt_Consolidation,Bachelor,Married,1
105991,58,116839.0,7.0,18343.0,5.46,805.0,36,Rent,Debt_Consolidation,High_School,Married,0
105992,27,48195.0,24.0,25210.0,13.65,676.0,36,Own,Medical,Master,Married,1
105993,48,92000.0,13.0,28326.0,15.17,657.0,60,Rent,Debt_Consolidation,Master,Married,1
105994,44,75953.0,30.0,4969.0,12.17,593.0,60,Own,Medical,PhD,Single,1
105995,29,65873.0,17.0,10686.0,15.47,,60,Rent,Medical,Bachelor,Married,1
105996,56,,25.0,17079.0,9.23,640.0,72,Rent,Debt_Consolidation,Master,Single,0
105997,27,76834.0,21.0,14324.0,4.0,686.0,36,Rent,Home_Improvement,Bachelor,Married,0
105998,24,78000.0,2.0,17655.0,12.22,625.0,72,Rent,Debt_Consolidation,Bachelor,Married,0
105999,58,38238.0,13.0,26757.0,7.98,634.0,60,Own,Debt_Consolidation,Bachelor,Single,0
106000,58,80901.0,5.0,12783.0,10.38,716.0,36,Mortgage,Debt_Consolidation,Bachelor,Married,0
106001,23,45786.0,11.0,14815.0,12.38,751.0,60,Own,Education,Bachelor,Single,0
106002,40,94280.0,30.0,31755.0,13.52,653.0,48,Rent,Business,Master,Divorced,1
106003,43,42630.0,12.0,30972.0,12.51,714.0,36,Rent,Business,Bachelor,Divorced,1
106004,57,55110.0,0.0,17339.0,7.68,785.0,48,Own,Debt_Consolidation,Bachelor,Married,0
106005,26,55223.0,26.0,17693.0,6.33,678.0,60,Rent,Home_Improvement,Bachelor,Single,1
106006,59,97526.0,3.0,16643.0,11.95,716.0,60,Rent,Home_Improvement,Master,Married,1
106007,59,65553.0,2.0,19545.0,17.47,705.0,60,Own,Education,High_School,Divorced,0
106008,26,57739.0,13.0,26084.0,13.65,716.0,60,Own,Debt_Consolidation,Master,Divorced,1
106009,47,72281.0,25.0,39927.0,12.52,723.0,36,Mortgage,Debt_Consolidation,High_School,Single,1
106010,46,25186.0,6.0,14575.0,12.44,620.0,60,Mortgage,Business,PhD,Divorced,1
106011,59,87092.0,4.0,15934.0,4.15,558.0,60,Rent,Business,High_School,Married,0
106012,57,44921.0,14.0,14112.0,11.04,735.0,60,Rent,Education,Master,Married,0
106013,32,22810.0,0.0,15631.0,6.78,712.0,48,Rent,Home_Improvement,Bachelor,Married,1
106014,65,44944.0,18.0,8792.0,17.89,732.0,60,Rent,Education,Bachelor,Divorced,0
106015,59,82648.0,3.0,22415.0,6.24,660.0,60,Mortgage,Home_Improvement,Bachelor,Single,0
106016,22,75336.0,14.0,20589.0,12.97,674.0,60,Rent,Home_Improvement,Master,Married,0
106017,25,60173.0,15.0,16227.0,11.57,647.0,60,Mortgage,Education,Bachelor,Married,0
106018,30,83902.0,2.0,25242.0,13.91,660.0,60,Mortgage,Debt_Consolidation,Bachelor,Married,1
106019,57,22026.0,25.0,2000.0,4.57,729.0,36,Rent,Education,High_School,Single,0
106020,55,146404.0,18.0,19478.0,14.42,625.0,36,Rent,Debt_Consolidation,Bachelor,Single,0
106021,57,208149.0,1.0,14727.0,16.57,685.0,36,Rent,Medical,High_School,Divorced,0
106022,27,55684.0,30.0,18888.0,10.12,555.0,60,Mortgage,Debt_Consolidation,,Married,0
106023,36,79635.0,7.0,16826.0,6.95,661.0,36,Own,Home_Improvement,Bachelor,Married,0
106024,24,50275.0,25.0,26556.0,10.79,642.0,60,Mortgage,Business,Master,Single,1
106025,62,73123.0,24.0,8711.0,13.92,705.0,36,Rent,,Master,Single,1
106026,45,71379.0,29.0,3253.0,7.79,608.0,60,Own,Home_Improvement,Master,Married,0
106027,62,106684.0,0.0,23190.0,,702.0,36,Rent,Debt_Consolidation,Bachelor,Single,1
106028,33,73075.0,11.0,11762.0,13.66,665.0,48,Mortgage,Business,Bachelor,Married,0
106029,56,62501.0,28.0,9840.0,12.76,806.0,48,Own,Debt_Consolidation,Bachelor,Married,0
106030,31,55188.0,16.0,5975.0,4.99,629.0,48,Rent,Debt_Consolidation,Bachelor,Married,0
106031,47,112517.0,23.0,28236.0,,690.0,60,Own,Education,High_School,Single,0
106032,23,146834.0,26.0,31420.0,12.32,655.0,36,Mortgage,Medical,High_School,Divorced,1
106033,42,158212.0,10.0,16502.0,14.04,600.0,48,Rent,Education,Bachelor,Single,1
106034,55,51046.0,7.0,13444.0,8.57,657.0,48,Mortgage,Education,High_School,Single,0
106035,41,77740.0,15.0,23034.0,9.23,835.0,60,Rent,Debt_Consolidation,Master,Single,0
106036,30,65513.0,22.0,36287.0,11.79,680.0,36,Rent,Home_Improvement,Bachelor,Married,1
106037,60,93581.0,16.0,7359.0,7.34,663.0,72,Mortgage,Education,Master,Single,1
106038,49,64632.0,,14476.0,13.75,741.0,60,Rent,Business,Bachelor,Married,0
106039,33,193416.0,25.0,12399.0,11.81,,60,Mortgage,Business,Bachelor,Married,0
106040,47,42491.0,5.0,7785.0,10.71,723.0,48,Mortgage,Business,Bachelor,Single,0
106041,29,83419.0,12.0,20044.0,15.36,632.0,60,Rent,Home_Improvement,Master,Divorced,1
106042,60,76971.0,12.0,7958.0,12.42,662.0,36,Own,Debt_Consolidation,High_School,Single,0
106043,30,98264.0,24.0,22845.0,8.27,703.0,60,Rent,Home_Improvement,Bachelor,Married,0
106044,63,107077.0,29.0,22296.0,5.56,695.0,36,Rent,Debt_Consolidation,PhD,Single,0
106045,42,76125.0,2.0,5219.0,11.36,660.0,72,Mortgage,Medical,High_School,Married,0
106046,41,139958.0,26.0,23552.0,12.42,742.0,36,Rent,Business,PhD,Single,0
106047,63,85671.0,27.0,20286.0,13.6,716.0,60,Rent,Home_Improvement,High_School,Married,1
106048,23,144690.0,8.0,20131.0,9.87,757.0,48,Rent,Debt_Consolidation,Master,Single,0
106049,43,67444.0,22.0,2000.0,12.06,738.0,36,Mortgage,Debt_Consolidation,Bachelor,Married,0
106050,60,31410.0,8.0,8504.0,6.94,816.0,60,Mortgage,Education,Bachelor,Divorced,0
106051,26,27188.0,19.0,14031.0,18.81,707.0,36,Mortgage,Medical,Bachelor,Single,0
106052,29,99317.0,8.0,5196.0,11.91,603.0,60,Mortgage,Debt_Consolidation,Bachelor,Married,0
106053,26,37535.0,29.0,11126.0,12.0,753.0,60,Mortgage,Home_Improvement,Bachelor,Single,0
106054,64,59433.0,27.0,18510.0,7.54,679.0,48,,Home_Improvement,Bachelor,Single,0
106055,44,150213.0,1.0,31927.0,15.92,728.0,36,Mortgage,Home_Improvement,Bachelor,Married,1
106056,47,86285.0,17.0,12951.0,15.42,786.0,60,Rent,Debt_Consolidation,High_School,Married,0
106057,35,59538.0,27.0,10743.0,12.2,799.0,60,Rent,Business,Bachelor,Married,1
106058,29,60817.0,25.0,13556.0,11.61,636.0,60,Mortgage,Medical,High_School,Married,1
106059,62,94399.0,10.0,2000.0,9.87,606.0,36,Mortgage,Education,Bachelor,Divorced,0
106060,37,63944.0,26.0,9073.0,13.95,709.0,36,Mortgage,Home_Improvement,Bachelor,Single,0
106061,41,38427.0,14.0,5779.0,11.8,674.0,72,Rent,Education,Master,Divorced,0
106062,60,52961.0,26.0,33741.0,10.56,790.0,72,Mortgage,Debt_Consolidation,Master,Divorced,1
106063,65,40724.0,10.0,16611.0,6.96,618.0,60,Rent,Business,Bachelor,Single,0
106064,27,122394.0,13.0,10618.0,12.97,731.0,60,Mortgage,Debt_Consolidation,Bachelor,Married,0
106065,58,85501.0,1.0,9654.0,14.5,691.0,36,Rent,Debt_Consolidation,High_School,Single,1
106066,35,30001.0,25.0,5424.0,8.1,763.0,60,Rent,Debt_Consolidation,Bachelor,Single,0
106067,55,34099.0,22.0,10658.0,9.3,701.0,60,Rent,Debt_Consolidation,High_School,Married,0
106068,61,102799.0,2.0,29218.0,13.17,650.0,36,Rent,Business,High_School,Single,1
106069,22,60683.0,1.0,14067.0,9.07,716.0,60,Rent,Home_Improvement,Master,Married,0
106070,28,105433.0,15.0,3767.0,7.82,746.0,60,Mortgage,Home_Improvement,Bachelor,Single,0
106071,28,54801.0,18.0,33879.0,4.0,659.0,60,Mortgage,Home_Improvement,Bachelor,Divorced,1
106072,53,68947.0,16.0,19391.0,9.02,591.0,36,Mortgage,Debt_Consolidation,Bachelor,Single,1
106073,47,56281.0,24.0,2000.0,9.81,678.0,72,Rent,Business,Bachelor,Married,1
106074,59,127889.0,27.0,20558.0,11.45,602.0,60,Rent,Debt_Consolidation,Bachelor,Divorced,0
106075,60,78672.0,12.0,16948.0,14.25,748.0,60,Rent,Medical,High_School,Single,1
106076,62,40563.0,1.0,21020.0,8.55,654.0,60,Mortgage,Business,Bachelor,Single,1
106077,30,64964.0,10.0,21433.0,10.03,594.0,60,Rent,Education,Master,Married,1
106078,43,53035.0,18.0,30742.0,11.02,650.0,48,Rent,Business,Master,Divorced,1
106079,54,140056.0,21.0,12737.0,12.13,714.0,60,Mortgage,Education,High_School,Married,0
106080,42,68079.0,19.0,29303.0,8.56,701.0,36,Mortgage,Business,Bachelor,Single,0
106081,33,67123.0,0.0,32058.0,14.1,572.0,36,Rent,Education,High_School,Single,1
106082,46,46906.0,8.0,25145.0,8.41,643.0,60,Rent,Debt_Consolidation,Bachelor,Married,0
106083,40,111593.0,12.0,17146.0,10.29,653.0,36,Rent,Home_Improvement,Bachelor,Married,0
106084,36,132238.0,6.0,17377.0,14.47,656.0,72,Mortgage,Debt_Consolidation,High_School,Married,1
106085,29,,28.0,17029.0,13.83,630.0,60,Rent,Debt_Consolidation,High_School,Single,0
106086,52,89447.0,5.0,26110.0,15.7,715.0,48,Mortgage,Home_Improvement,Master,Single,1
106087,50,69549.0,20.0,13543.0,10.0,606.0,60,Rent,Debt_Consolidation,Bachelor,Single,0
106088,45,85675.0,29.0,24021.0,9.35,676.0,36,Rent,Home_Improvement,High_School,Married,1
106089,43,42432.0,19.0,10749.0,11.55,649.0,60,Rent,Debt_Consolidation,Bachelor,Married,0
106090,24,48396.0,14.0,14132.0,14.46,728.0,60,Mortgage,Business,High_School,Married,1
106091,35,41046.0,24.0,27602.0,18.58,679.0,36,Own,Education,Bachelor,Married,1
106092,51,60995.0,9.0,15954.0,11.51,600.0,72,Rent,Debt_Consolidation,PhD,Married,1
106093,59,69335.0,0.0,23580.0,14.43,672.0,36,Rent,Medical,High_School,Single,1
106094,44,72363.0,30.0,15733.0,11.74,651.0,60,Mortgage,Education,Bachelor,Single,1
106095,28,80409.0,23.0,13969.0,11.88,738.0,60,Mortgage,Home_Improvement,Bachelor,Married,0
106096,64,91200.0,10.0,22452.0,6.31,690.0,72,Mortgage,Debt_Consolidation,High_School,Married,1
106097,23,127529.0,18.0,19983.0,13.86,695.0,60,Mortgage,Business,Bachelor,Single,0
106098,30,52683.0,9.0,27177.0,9.16,585.0,36,Mortgage,Home_Improvement,PhD,Married,1
106099,21,42886.0,22.0,20566.0,7.13,590.0,60,Rent,Debt_Consolidation,Bachelor,Single,1
106100,22,49263.0,12.0,12874.0,12.58,782.0,36,Rent,Debt_Consolidation,Master,Single,0
106101,51,39361.0,8.0,19937.0,10.25,687.0,72,Rent,,Master,Married,0
106102,37,68348.0,3.0,27215.0,,691.0,60,Own,Debt_Consolidation,Bachelor,Married,1
106103,25,51924.0,17.0,24344.0,11.35,653.0,60,Rent,Debt_Consolidation,Bachelor,Single,1
106104,38,103433.0,,22895.0,10.24,672.0,36,Rent,Debt_Consolidation,Bachelor,Single,1
106105,63,74814.0,8.0,26085.0,11.82,789.0,36,Rent,Business,Bachelor,Married,0
106106,28,122134.0,30.0,9848.0,10.91,747.0,36,Rent,Education,Master,Single,0
106107,62,62549.0,17.0,16716.0,11.91,684.0,60,Mortgage,Home_Improvement,Bachelor,Single,0
106108,27,41216.0,24.0,33619.0,9.34,613.0,36,Rent,Home_Improvement,Bachelor,Divorced,1
106109,34,69809.0,9.0,11539.0,15.57,798.0,60,Own,Debt_Consolidation,Master,Married,0
106110,36,66123.0,22.0,25557.0,8.57,591.0,36,Rent,Home_Improvement,Master,Married,1
106111,51,79233.0,16.0,18677.0,9.48,610.0,36,Rent,Debt_Consolidation,Bachelor,Married,0
106112,25,,15.0,16949.0,10.64,691.0,48,Rent,Education,Master,Single,0
106113,26,118360.0,18.0,7410.0,4.02,662.0,72,Own,Debt_Consolidation,PhD,Single,0
106114,48,93965.0,23.0,22961.0,7.34,709.0,60,Rent,Debt_Consolidation,High_School,Married,0
106115,59,71720.0,15.0,13433.0,5.14,740.0,48,Rent,Home_Improvement,Master,Single,0
106116,38,112604.0,12.0,16098.0,13.69,681.0,36,Rent,Business,Bachelor,Married,0
106117,45,96914.0,15.0,12352.0,11.65,629.0,60,Mortgage,Debt_Consolidation,Master,Single,1
106118,43,54598.0,10.0,10387.0,11.39,686.0,36,Rent,Debt_Consolidation,Bachelor,Divorced,0
106119,62,41177.0,0.0,21283.0,12.38,622.0,36,Rent,Debt_Consolidation,Bachelor,Married,1
106120,39,55345.0,16.0,5688.0,4.34,631.0,36,Mortgage,Education,PhD,Married,0
106121,53,72360.0,20.0,36025.0,5.93,724.0,36,Mortgage,Debt_Consolidation,Master,Married,0
106122,37,30550.0,0.0,6729.0,9.33,698.0,36,Rent,Debt_Consolidation,Bachelor,Divorced,0
106123,26,49986.0,26.0,10984.0,9.04,667.0,36,Rent,Education,High_School,Married,0
106124,43,171176.0,29.0,24377.0,9.67,692.0,48,Mortgage,Debt_Consolidation,High_School,Married,0
106125,37,60108.0,7.0,13001.0,13.49,718.0,60,Rent,Medical,High_School,Married,0
106126,33,126804.0,19.0,22456.0,13.13,648.0,60,Rent,Education,Master,Single,1
106127,30,150331.0,28.0,30140.0,13.73,697.0,36,Rent,Debt_Consolidation,Bachelor,Single,0
106128,50,105820.0,4.0,14307.0,8.8,679.0,60,Rent,Medical,Bachelor,Single,0
106129,21,40162.0,10.0,28636.0,12.25,634.0,60,Own,Business,Bachelor,Single,0
106130,56,171016.0,30.0,24256.0,6.89,733.0,36,Rent,Home_Improvement,Bachelor,Married,0
106131,46,70808.0,16.0,14926.0,15.32,704.0,36,Rent,Debt_Consolidation,Bachelor,Single,0
106132,39,66742.0,4.0,2000.0,10.37,644.0,36,Mortgage,Home_Improvement,Bachelor,Divorced,1
106133,55,59754.0,17.0,2000.0,16.29,698.0,60,Mortgage,Education,Bachelor,Married,0
106134,54,57299.0,19.0,14960.0,11.75,563.0,36,Rent,Education,PhD,Divorced,0
106135,56,77027.0,25.0,17798.0,11.37,761.0,36,Mortgage,Home_Improvement,Bachelor,Single,1
106136,48,60874.0,18.0,32160.0,12.18,612.0,36,Mortgage,Medical,Bachelor,Married,1
106137,35,104298.0,14.0,24873.0,17.98,628.0,36,Mortgage,Business,PhD,Married,1
106138,39,39156.0,28.0,18177.0,11.3,593.0,60,Rent,Home_Improvement,Bachelor,Married,1
106139,30,57274.0,9.0,17517.0,10.71,750.0,36,,Debt_Consolidation,Bachelor,Divorced,1
106140,21,43151.0,20.0,3329.0,11.0,781.0,48,Mortgage,Business,Bachelor,Single,0
106141,33,182643.0,19.0,19108.0,13.85,659.0,60,Rent,Education,High_School,Married,1
106142,52,68391.0,3.0,20500.0,13.71,728.0,72,Mortgage,Education,Master,Married,0
106143,23,138266.0,5.0,13457.0,10.47,716.0,48,Rent,Home_Improvement,Master,Single,0
106144,49,62636.0,10.0,17430.0,5.86,681.0,60,Own,Education,High_School,Single,0
106145,43,71139.0,23.0,22869.0,11.45,665.0,36,Mortgage,Debt_Consolidation,Bachelor,Married,0
106146,24,72791.0,25.0,23604.0,9.46,,60,Rent,Home_Improvement,Master,Divorced,0
106147,33,33053.0,9.0,2249.0,16.65,543.0,48,Mortgage,,PhD,Single,0
106148,45,73625.0,22.0,20111.0,11.46,693.0,36,Rent,Debt_Consolidation,Bachelor,Single,1
106149,38,54880.0,1.0,9314.0,4.28,780.0,36,Own,Debt_Consolidation,Bachelor,Divorced,0
106150,31,81825.0,0.0,18372.0,6.77,793.0,36,Rent,Medical,Master,Married,1
106151,35,49349.0,26.0,23329.0,12.24,659.0,72,Rent,Home_Improvement,Master,Divorced,0
106152,47,50640.0,16.0,33905.0,10.95,765.0,36,Mortgage,Education,Bachelor,Married,1
106153,36,88546.0,26.0,29798.0,11.14,761.0,60,Own,Debt_Consolidation,High_School,Married,1
106154,47,44322.0,13.0,12692.0,16.67,,48,Rent,Debt_Consolidation,Bachelor,Single,0
106155,37,158480.0,24.0,14816.0,10.52,643.0,36,Rent,Medical,Master,Single,0
106156,41,111624.0,8.0,17854.0,9.8,647.0,60,Rent,Education,Bachelor,Married,0
106157,45,47387.0,15.0,2000.0,14.6,813.0,60,Mortgage,Debt_Consolidation,Bachelor,Married,0
106158,23,67228.0,19.0,38926.0,6.86,689.0,36,Mortgage,Home_Improvement,Bachelor,Married,1
106159,24,139445.0,4.0,12874.0,15.26,709.0,36,Mortgage,Debt_Consolidation,Bachelor,Divorced,0
106160,23,49211.0,29.0,13428.0,10.41,659.0,36,Rent,Debt_Consolidation,Bachelor,Married,0
106161,30,102281.0,13.0,18964.0,16.13,705.0,60,Mortgage,Debt_Consolidation,PhD,Married,0
106162,39,37592.0,6.0,26422.0,11.54,668.0,36,Rent,Medical,Master,Married,1
106163,58,80018.0,19.0,26035.0,10.32,707.0,36,Mortgage,Debt_Consolidation,Bachelor,Divorced,0
106164,28,102770.0,30.0,18417.0,8.15,720.0,48,Mortgage,Business,Master,Married,0
106165,21,46992.0,13.0,24472.0,8.24,738.0,36,Rent,Medical,Bachelor,Married,0
106166,24,32693.0,10.0,14818.0,11.35,773.0,60,Mortgage,Home_Improvement,Bachelor,Married,1
106167,23,89500.0,29.0,11022.0,10.9,688.0,36,Rent,Debt_Consolidation,Master,Single,0
106168,32,24912.0,4.0,9931.0,17.44,768.0,60,Rent,Education,Master,Married,0
106169,64,60988.0,23.0,21754.0,13.63,689.0,60,Rent,Debt_Consolidation,Master,Married,0
106170,58,51757.0,7.0,28289.0,9.85,705.0,60,Rent,Debt_Consolidation,High_School,Married,0
106171,55,66137.0,20.0,20817.0,6.74,748.0,60,Rent,Education,Master,Married,0
106172,49,55548.0,11.0,10736.0,6.02,650.0,48,Rent,Debt_Consolidation,Master,Single,0
106173,60,103232.0,26.0,27103.0,6.57,623.0,36,Rent,Home_Improvement,High_School,Married,1
106174,33,57071.0,11.0,14772.0,10.12,770.0,36,Mortgage,Medical,Bachelor,Single,0
106175,47,39423.0,14.0,4277.0,10.31,739.0,48,Rent,Debt_Consolidation,High_School,Divorced,0
106176,29,51041.0,22.0,24588.0,,681.0,60,Own,Debt_Consolidation,Bachelor,Single,0
106177,29,46449.0,21.0,18238.0,12.98,744.0,60,Rent,Debt_Consolidation,Bachelor,Single,0
106178,57,36302.0,25.0,2000.0,6.97,774.0,36,Own,Home_Improvement,Bachelor,Single,0
106179,65,50326.0,26.0,22994.0,9.84,632.0,60,Mortgage,Debt_Consolidation,Bachelor,Married,0
106180,26,94078.0,20.0,17029.0,9.61,753.0,60,Mortgage,Debt_Consolidation,Bachelor,Married,1
106181,36,47653.0,10.0,20950.0,8.92,713.0,36,Own,Debt_Consolidation,PhD,Single,0
106182,57,60630.0,6.0,36807.0,14.12,777.0,60,Rent,Debt_Consolidation,Bachelor,Married,1
106183,29,193237.0,12.0,6106.0,12.44,591.0,72,Mortgage,Debt_Consolidation,High_School,Divorced,0
106184,65,35557.0,24.0,8450.0,8.87,649.0,60,Mortgage,Debt_Consolidation,Master,Single,0
106185,22,40003.0,27.0,17392.0,10.36,713.0,60,Mortgage,Home_Improvement,High_School,Married,0
106186,22,83253.0,2.0,7586.0,16.4,691.0,36,Rent,Home_Improvement,Bachelor,Married,0
106187,30,58564.0,21.0,26217.0,9.06,639.0,48,Mortgage,Home_Improvement,Bachelor,Married,0
106188,42,153681.0,10.0,4457.0,8.55,719.0,36,Rent,Debt_Consolidation,Bachelor,Single,0
106189,21,72611.0,28.0,17543.0,12.45,758.0,36,Rent,Debt_Consolidation,Bachelor,Single,0
106190,26,42179.0,16.0,5581.0,13.38,624.0,48,Rent,Debt_Consolidation,Bachelor,Single,0
106191,33,82569.0,14.0,18012.0,11.83,668.0,48,Rent,Education,Bachelor,Married,1
106192,29,74398.0,17.0,27161.0,10.9,736.0,36,Rent,Medical,Bachelor,Single,1
106193,27,109696.0,7.0,19656.0,10.58,542.0,36,Mortgage,Debt_Consolidation,Bachelor,Married,0
106194,32,65390.0,8.0,12443.0,14.92,636.0,60,Rent,Education,Bachelor,Married,0
106195,62,84438.0,4.0,29641.0,9.66,721.0,36,Own,Education,Bachelor,Married,0
106196,60,86415.0,3.0,18586.0,12.41,665.0,36,Rent,Medical,Bachelor,Single,1
106197,31,138947.0,22.0,8767.0,13.1,662.0,60,Own,Debt_Consolidation,High_School,Single,0
106198,47,123254.0,2.0,28873.0,10.21,571.0,36,Mortgage,Debt_Consolidation,PhD,Single,0
106199,64,57590.0,19.0,17920.0,9.41,736.0,60,Own,Business,High_School,Married,0
106200,61,68552.0,10.0,13660.0,5.86,683.0,60,Mortgage,Debt_Consolidation,PhD,Single,1
106201,33,131331.0,21.0,15854.0,12.27,677.0,72,Own,Business,Master,Married,1
106202,59,92959.0,29.0,17392.0,13.9,546.0,60,Rent,Business,Bachelor,Married,0
106203,26,111003.0,22.0,6090.0,11.8,738.0,72,Rent,Home_Improvement,Bachelor,Married,0
106204,56,45034.0,19.0,8604.0,6.24,733.0,60,Rent,Debt_Consolidation,Master,Single,0
106205,32,38909.0,14.0,24825.0,13.25,668.0,60,Rent,Business,Bachelor,Married,1
106206,61,152674.0,17.0,39183.0,14.86,633.0,60,Rent,Debt_Consolidation,Bachelor,Married,1
106207,26,72439.0,,24951.0,12.42,715.0,60,Rent,Debt_Consolidation,Bachelor,Single,1
106208,58,54534.0,28.0,17308.0,6.04,595.0,60,Own,Debt_Consolidation,PhD,Single,0
106209,39,87810.0,8.0,15797.0,6.87,664.0,48,Rent,Home_Improvement,High_School,Single,0
106210,63,103348.0,10.0,23372.0,6.97,690.0,36,Rent,Business,Bachelor,Married,1
106211,61,92046.0,6.0,9241.0,5.84,685.0,60,Own,Debt_Consolidation,Bachelor,Married,0
106212,55,65571.0,22.0,21702.0,,721.0,72,Rent,Business,PhD,Married,1
106213,36,53471.0,6.0,18806.0,12.5,688.0,36,Own,Debt_Consolidation,Bachelor,Married,1
106214,29,59964.0,30.0,5114.0,11.06,623.0,48,Rent,Education,Bachelor,Married,0
106215,57,102699.0,6.0,11440.0,6.77,689.0,36,Rent,Business,Bachelor,Married,1
106216,57,48719.0,30.0,5563.0,7.04,579.0,72,Mortgage,Education,Bachelor,Married,0
106217,24,55475.0,9.0,8182.0,9.24,642.0,48,Mortgage,Debt_Consolidation,Bachelor,Married,0
106218,58,22336.0,17.0,20361.0,5.11,666.0,60,Mortgage,Home_Improvement,Bachelor,Married,0
106219,50,42448.0,22.0,2000.0,11.93,735.0,60,Rent,Education,Bachelor,Single,0
106220,42,46858.0,2.0,4718.0,12.78,600.0,48,Mortgage,Debt_Consolidation,High_School,Single,0
106221,63,68526.0,5.0,27676.0,8.22,679.0,48,Rent,Debt_Consolidation,Bachelor,Single,0
106222,33,52569.0,26.0,13750.0,8.5,650.0,60,Mortgage,Home_Improvement,High_School,Single,0
106223,22,69826.0,28.0,20835.0,11.47,688.0,48,Own,Debt_Consolidation,PhD,Married,0
106224,58,42259.0,14.0,18080.0,12.49,710.0,72,Rent,Business,Master,Single,1
106225,42,141822.0,4.0,17276.0,12.19,609.0,60,Own,Home_Improvement,Master,Married,0
106226,36,22656.0,30.0,15124.0,9.79,746.0,72,Rent,Medical,Master,Married,0
106227,27,51946.0,20.0,5216.0,9.34,763.0,36,Rent,Home_Improvement,Bachelor,Single,0
106228,48,50685.0,2.0,14877.0,13.28,741.0,60,Rent,Debt_Consolidation,Master,Single,0
106229,60,55061.0,9.0,24183.0,7.0,794.0,60,Rent,Debt_Consolidation,Bachelor,Married,0
106230,55,80645.0,2.0,18660.0,10.49,627.0,36,Rent,Medical,Master,Single,0
106231,62,56622.0,8.0,27531.0,8.99,700.0,60,Rent,Debt_Consolidation,High_School,Married,0
106232,38,129198.0,23.0,22491.0,4.0,723.0,36,Mortgage,Debt_Consolidation,High_School,Married,0
106233,41,49849.0,6.0,28208.0,10.85,643.0,60,Rent,Debt_Consolidation,Bachelor,Single,1
106234,37,84914.0,19.0,14773.0,7.61,672.0,72,Rent,Home_Improvement,Bachelor,Married,0
106235,56,40284.0,25.0,17894.0,8.07,739.0,60,Own,Debt_Consolidation,Master,Married,1
106236,64,27092.0,25.0,22642.0,7.49,696.0,36,Own,Business,Bachelor,Single,0
106237,40,38003.0,21.0,18618.0,9.68,778.0,60,Mortgage,Debt_Consolidation,Master,Single,1
106238,52,61549.0,20.0,33278.0,5.79,700.0,60,Own,Medical,Bachelor,Married,1
106239,49,40712.0,17.0,2061.0,16.27,799.0,36,Own,Home_Improvement,Master,Married,0
106240,47,41145.0,22.0,26399.0,6.73,693.0,36,Rent,Debt_Consolidation,Bachelor,Single,0
106241,30,50169.0,11.0,20697.0,10.36,708.0,72,Rent,Home_Improvement,Master,Married,1
106242,25,101874.0,24.0,20567.0,5.9,645.0,72,Mortgage,Business,Bachelor,Single,0
106243,53,59517.0,15.0,9724.0,12.3,686.0,60,Mortgage,Home_Improvement,Bachelor,Divorced,0
106244,51,64677.0,30.0,24696.0,8.7,606.0,48,Rent,Debt_Consolidation,Bachelor,Single,0
106245,30,64736.0,15.0,21529.0,8.06,681.0,36,Rent,Business,High_School,Married,0
106246,44,81985.0,5.0,14869.0,5.86,670.0,36,Mortgage,Medical,Bachelor,Married,0
106247,64,67553.0,15.0,2000.0,10.62,729.0,60,Mortgage,Debt_Consolidation,Master,Single,0
106248,22,39707.0,13.0,11958.0,8.6,653.0,36,Mortgage,Education,Master,Married,0
106249,47,64045.0,29.0,25935.0,16.87,705.0,60,Rent,Debt_Consolidation,Bachelor,Married,0
106250,63,107324.0,1.0,20614.0,12.35,728.0,36,Mortgage,Education,Master,Single,1
106251,29,83407.0,4.0,10844.0,9.96,710.0,60,Rent,Debt_Consolidation,High_School,Married,0
106252,64,87271.0,8.0,19261.0,14.96,732.0,60,Rent,Debt_Consolidation,Master,Single,0
106253,29,68267.0,5.0,2000.0,10.32,711.0,48,,Education,PhD,Married,0
106254,36,29513.0,25.0,23289.0,14.1,651.0,72,Rent,Medical,PhD,Married,1
106255,40,87205.0,21.0,21323.0,17.11,643.0,36,Rent,Education,High_School,Single,1
106256,36,51044.0,27.0,21543.0,8.29,796.0,36,Mortgage,Medical,Master,Married,0
106257,22,72367.0,7.0,22196.0,15.0,695.0,36,Mortgage,Business,Bachelor,Single,0
106258,49,92941.0,7.0,11258.0,8.23,638.0,60,Own,Home_Improvement,Bachelor,Married,0
106259,35,71505.0,17.0,27114.0,8.5,784.0,72,Mortgage,Business,High_School,Married,1
106260,44,72101.0,6.0,4997.0,9.3,777.0,48,Own,Debt_Consolidation,Bachelor,Single,0
106261,36,48864.0,11.0,4412.0,14.44,676.0,36,Rent,Medical,Master,Single,1
106262,40,72539.0,9.0,12532.0,8.96,723.0,60,Mortgage,Home_Improvement,Bachelor,Single,0
106263,35,61480.0,29.0,10209.0,4.0,651.0,48,Rent,Debt_Consolidation,High_School,Single,1
106264,49,51452.0,,3229.0,9.32,672.0,36,Mortgage,Medical,Bachelor,Married,1
106265,48,42248.0,11.0,26384.0,11.84,687.0,36,Mortgage,Education,Bachelor,Married,1
106266,34,95329.0,25.0,20773.0,6.13,759.0,60,Rent,Debt_Consolidation,Bachelor,Single,0
106267,44,84442.0,16.0,18934.0,11.81,649.0,36,Rent,Debt_Consolidation,Master,Married,1
106268,38,23827.0,11.0,22539.0,14.81,698.0,72,Own,Debt_Consolidation,High_School,Single,1
106269,47,49154.0,27.0,20771.0,13.85,665.0,36,Rent,Home_Improvement,High_School,Single,0
106270,55,111126.0,9.0,18918.0,16.52,711.0,36,Rent,Debt_Consolidation,Bachelor,Married,0
106271,37,57974.0,30.0,21262.0,8.43,738.0,60,Rent,Debt_Consolidation,PhD,Single,0
106272,26,62899.0,29.0,23643.0,6.44,649.0,36,Mortgage,Home_Improvement,High_School,Married,0
106273,32,77715.0,2.0,15630.0,12.32,709.0,60,Rent,Home_Improvement,Master,Single,0
106274,54,87481.0,26.0,34789.0,16.04,629.0,60,Mortgage,Business,PhD,Married,1
106275,27,94814.0,13.0,23265.0,8.63,710.0,36,Own,Debt_Consolidation,High_School,Single,0
106276,62,76173.0,30.0,19100.0,10.4,807.0,60,Mortgage,Debt_Consolidation,Bachelor,Married,0
106277,21,51450.0,12.0,14745.0,10.24,713.0,48,Rent,Debt_Consolidation,High_School,Married,1
106278,65,32561.0,18.0,21994.0,10.05,642.0,60,Mortgage,Home_Improvement,Master,Single,1
106279,36,50452.0,1.0,20328.0,5.29,699.0,60,Rent,Business,Master,Married,1
106280,59,39905.0,21.0,20020.0,8.08,773.0,36,Mortgage,Medical,Master,Single,0
106281,58,57922.0,13.0,19623.0,8.64,666.0,60,Mortgage,Debt_Consolidation,Bachelor,Divorced,1
106282,44,98493.0,15.0,11630.0,11.78,701.0,60,Mortgage,Debt_Consolidation,Master,Single,0
106283,56,112926.0,9.0,19204.0,11.39,722.0,36,Own,Business,Master,Married,0
106284,32,54428.0,30.0,25545.0,9.96,660.0,36,Mortgage,Education,Bachelor,Married,0
106285,64,83361.0,20.0,4343.0,18.33,720.0,36,Mortgage,Medical,Bachelor,Married,0
106286,54,79219.0,12.0,9410.0,10.67,731.0,60,Mortgage,Debt_Consolidation,High_School,Married,0
106287,32,80882.0,26.0,18955.0,9.8,677.0,36,Rent,Business,PhD,Divorced,0
106288,49,53349.0,9.0,16018.0,10.08,697.0,36,Rent,Debt_Consolidation,Bachelor,Married,0
106289,27,47695.0,21.0,15942.0,10.46,766.0,60,Rent,Home_Improvement,High_School,Single,0
106290,55,62331.0,10.0,5839.0,10.7,559.0,60,Mortgage,Home_Improvement,Bachelor,Married,0
106291,41,88606.0,24.0,22782.0,8.2,603.0,60,Mortgage,Home_Improvement,PhD,Married,0
106292,64,31484.0,24.0,30047.0,10.74,693.0,36,Mortgage,Medical,Bachelor,Married,0
106293,33,47318.0,0.0,24148.0,12.13,682.0,48,Rent,Education,Bachelor,Divorced,0
106294,58,51748.0,0.0,25011.0,8.99,713.0,48,Mortgage,Home_Improvement,Bachelor,Single,0
106295,65,95975.0,5.0,16783.0,5.21,657.0,36,Own,Home_Improvement,Master,Married,1
106296,47,109802.0,24.0,28269.0,8.31,525.0,60,Rent,Debt_Consolidation,Bachelor,Married,0
106297,51,30733.0,5.0,12687.0,6.63,763.0,36,Mortgage,Home_Improvement,Master,Divorced,1
106298,59,80747.0,22.0,40844.0,7.56,764.0,60,Rent,Business,Bachelor,Married,1
106299,33,151962.0,10.0,12385.0,10.35,801.0,36,Rent,Debt_Consolidation,Master,Single,0
106300,30,72796.0,11.0,10807.0,12.82,668.0,60,Mortgage,Debt_Consolidation,Master,Married,0
106301,46,115818.0,20.0,13909.0,10.92,618.0,60,Rent,Debt_Consolidation,PhD,Single,1
106302,57,43533.0,12.0,25701.0,11.89,758.0,48,Rent,Home_Improvement,Bachelor,Single,0
106303,28,84855.0,22.0,14688.0,10.0,716.0,36,Mortgage,Home_Improvement,High_School,Single,0
106304,31,45945.0,10.0,23446.0,18.77,,60,Own,Medical,Master,Divorced,0
106305,63,113868.0,0.0,14809.0,13.16,639.0,60,Own,Home_Improvement,Bachelor,Single,0
106306,24,112947.0,20.0,23718.0,6.95,644.0,60,Rent,Business,Master,Single,0
106307,34,131323.0,28.0,22726.0,8.42,563.0,36,Rent,Business,High_School,Married,0
106308,41,35166.0,4.0,18701.0,8.49,673.0,36,Rent,Education,Master,Married,0
106309,37,82833.0,27.0,13082.0,9.54,670.0,36,Mortgage,Home_Improvement,High_School,Married,0
106310,35,65080.0,10.0,24748.0,4.0,751.0,36,Mortgage,Debt_Consolidation,Master,Single,0
106311,23,63928.0,19.0,19267.0,10.12,686.0,60,Rent,Home_Improvement,High_School,Single,1
106312,59,62014.0,21.0,22252.0,11.06,598.0,60,Rent,Business,Bachelor,Divorced,0
106313,57,72374.0,12.0,2000.0,,675.0,60,Mortgage,Education,Master,Married,0
106314,50,76208.0,18.0,18650.0,6.34,748.0,36,Rent,Medical,Bachelor,Married,0
106315,37,60212.0,2.0,6265.0,10.67,752.0,60,Rent,Education,Bachelor,Single,0
106316,28,101113.0,19.0,22818.0,9.47,584.0,72,Own,Education,Bachelor,Divorced,1
106317,29,172208.0,8.0,21751.0,13.98,685.0,36,Rent,Debt_Consolidation,Bachelor,Married,0
106318,34,61478.0,12.0,11966.0,9.03,693.0,48,Own,Medical,Master,Married,0
106319,50,39758.0,0.0,27005.0,15.36,772.0,36,Mortgage,Debt_Consolidation,High_School,Single,1
106320,33,86333.0,19.0,26245.0,13.77,763.0,36,Rent,Home_Improvement,Master,Single,1
106321,22,71898.0,18.0,12998.0,8.67,716.0,36,Mortgage,Business,Bachelor,Single,0
106322,41,98151.0,5.0,19425.0,13.3,735.0,60,Rent,Home_Improvement,High_School,Divorced,0
106323,23,59584.0,22.0,15668.0,16.78,839.0,60,Mortgage,Home_Improvement,Bachelor,Married,0
106324,51,16161.0,11.0,7126.0,7.69,744.0,60,Rent,Home_Improvement,Bachelor,Married,0
106325,43,104778.0,24.0,13435.0,11.41,767.0,60,Mortgage,Home_Improvement,Master,Single,1
106326,22,78936.0,0.0,21943.0,9.36,713.0,36,Mortgage,Education,Bachelor,Single,0
106327,63,56084.0,3.0,35037.0,7.58,701.0,72,Mortgage,Home_Improvement,Master,Married,0
106328,64,87644.0,21.0,25284.0,12.83,796.0,36,Mortgage,Home_Improvement,Bachelor,Married,1
106329,38,18408.0,9.0,28006.0,12.18,692.0,60,Rent,Education,High_School,Divorced,1
106330,21,65762.0,11.0,17359.0,4.0,813.0,36,Mortgage,Business,Master,Married,0
106331,52,47059.0,26.0,7899.0,12.52,659.0,72,Mortgage,Debt_Consolidation,High_School,Single,0
106332,55,34973.0,16.0,11044.0,16.92,566.0,60,Rent,Debt_Consolidation,Bachelor,Married,1
106333,64,50064.0,18.0,16439.0,10.41,662.0,36,Own,Home_Improvement,Bachelor,Married,1
106334,46,49031.0,29.0,17607.0,8.34,639.0,60,Rent,Debt_Consolidation,Bachelor,Married,1
106335,41,83234.0,5.0,22690.0,13.92,735.0,48,Own,Debt_Consolidation,Bachelor,Single,0
106336,24,62380.0,3.0,16915.0,15.28,621.0,48,Rent,Home_Improvement,Bachelor,Single,1
106337,62,36632.0,22.0,2807.0,7.86,640.0,36,Own,Debt_Consolidation,Master,Single,0
106338,22,30353.0,17.0,34481.0,10.8,716.0,60,Mortgage,Debt_Consolidation,Bachelor,Married,1
106339,65,125375.0,27.0,12408.0,7.79,662.0,36,Rent,Home_Improvement,Bachelor,Married,0
106340,29,49119.0,1.0,13053.0,13.67,,60,Rent,Debt_Consolidation,Bachelor,Single,0
106341,63,96620.0,14.0,29837.0,10.12,765.0,72,Mortgage,Business,High_School,Married,1
106342,22,118037.0,12.0,13362.0,10.25,786.0,60,Mortgage,Medical,Bachelor,Single,0
106343,29,84156.0,10.0,2000.0,12.13,633.0,36,Rent,Home_Improvement,High_School,Single,0
106344,29,81820.0,16.0,18338.0,9.8,687.0,60,Rent,Debt_Consolidation,Bachelor,Married,0
106345,50,73668.0,7.0,9148.0,10.54,661.0,36,Mortgage,Debt_Consolidation,Master,Single,0
106346,33,70036.0,10.0,15166.0,9.54,726.0,60,Mortgage,Home_Improvement,Master,Married,0
106347,52,137970.0,10.0,11130.0,12.08,751.0,60,Mortgage,Debt_Consolidation,Bachelor,Married,0
106348,36,78003.0,17.0,25568.0,13.45,684.0,36,Rent,Debt_Consolidation,Bachelor,Married,0
106349,44,45043.0,1.0,24812.0,9.67,658.0,36,Mortgage,Business,High_School,Married,1
106350,52,117478.0,0.0,29814.0,9.84,728.0,60,Rent,Debt_Consolidation,High_School,Married,1
106351,34,102980.0,5.0,4348.0,12.74,670.0,60,Rent,Home_Improvement,Master,Married,0
106352,51,73420.0,7.0,27933.0,9.54,663.0,60,Rent,Debt_Consolidation,Bachelor,Married,1
106353,40,29728.0,8.0,8599.0,17.16,578.0,60,Rent,Business,Bachelor,Married,1
106354,30,116488.0,19.0,16225.0,12.88,758.0,60,Rent,Home_Improvement,High_School,Divorced,0
106355,58,55752.0,24.0,9962.0,9.91,747.0,60,Rent,Medical,High_School,Divorced,0
106356,38,46278.0,13.0,8373.0,4.25,670.0,48,Own,Debt_Consolidation,Bachelor,Married,0
106357,25,41533.0,6.0,24787.0,12.02,703.0,48,Rent,Debt_Consolidation,Master,Married,1
106358,32,132039.0,18.0,5939.0,12.32,738.0,36,Rent,Education,Master,Married,0
106359,42,115073.0,13.0,25533.0,13.78,579.0,60,Rent,Education,Bachelor,Single,1
106360,23,66576.0,5.0,22646.0,13.4,679.0,36,Rent,Home_Improvement,Bachelor,Married,1
106361,44,116511.0,19.0,9529.0,17.55,671.0,48,Own,Debt_Consolidation,Bachelor,Single,0
106362,26,,28.0,17043.0,15.98,665.0,36,Mortgage,Home_Improvement,PhD,Single,0
106363,61,81295.0,22.0,25368.0,7.46,692.0,36,Rent,Medical,Bachelor,Married,0
106364,35,53131.0,15.0,22482.0,10.99,757.0,36,Mortgage,Debt_Consolidation,Master,Married,0
106365,27,81130.0,16.0,33734.0,4.29,684.0,48,Rent,Education,Master,Married,0
106366,29,86149.0,9.0,5721.0,14.61,680.0,60,Rent,Debt_Consolidation,Bachelor,Single,0
106367,42,70382.0,1.0,14148.0,12.42,614.0,48,Rent,Home_Improvement,High_School,Married,0
106368,44,108382.0,18.0,20442.0,10.86,727.0,36,Own,Medical,Master,Single,1
106369,47,63383.0,22.0,17623.0,14.82,794.0,60,Rent,Business,Bachelor,Married,0
106370,28,60472.0,27.0,15271.0,7.66,760.0,36,Rent,Debt_Consolidation,Bachelor,Single,0
106371,41,77820.0,28.0,13452.0,10.05,744.0,60,Rent,Home_Improvement,Master,Single,0
106372,56,56250.0,24.0,27245.0,12.05,724.0,60,Mortgage,Debt_Consolidation,Bachelor,Single,0
106373,54,152113.0,19.0,10534.0,10.41,685.0,60,Rent,Debt_Consolidation,Master,Married,0
106374,34,49573.0,26.0,20902.0,12.74,611.0,60,Rent,Debt_Consolidation,Bachelor,Single,0
106375,62,49682.0,4.0,24195.0,15.12,,60,Rent,Debt_Consolidation,High_School,Single,1
106376,43,85184.0,22.0,14053.0,13.41,693.0,36,Rent,Debt_Consolidation,Bachelor,Married,0
106377,59,83916.0,11.0,12330.0,11.82,715.0,48,,Debt_Consolidation,High_School,Married,0
106378,22,50944.0,22.0,2000.0,9.45,686.0,60,Rent,Home_Improvement,High_School,Married,0
106379,46,54561.0,0.0,11783.0,14.03,673.0,60,Mortgage,Debt_Consolidation,Master,Married,0
106380,23,64515.0,8.0,16699.0,8.73,669.0,60,Rent,Debt_Consolidation,Bachelor,Married,0
106381,21,53146.0,19.0,22442.0,15.33,673.0,60,Rent,Debt_Consolidation,High_School,Single,1
106382,24,177064.0,17.0,9928.0,10.65,647.0,36,Mortgage,Debt_Consolidation,High_School,Divorced,0
106383,27,33873.0,21.0,22374.0,12.88,740.0,60,Mortgage,,Master,Single,1
106384,22,71785.0,28.0,16430.0,10.64,646.0,48,Mortgage,Debt_Consolidation,High_School,Single,0
106385,48,190164.0,24.0,22438.0,8.56,624.0,36,Mortgage,Debt_Consolidation,High_School,Single,0
106386,44,112856.0,17.0,33393.0,7.53,657.0,36,Mortgage,Debt_Consolidation,High_School,Single,1
106387,28,74416.0,30.0,3417.0,13.62,735.0,60,Rent,Debt_Consolidation,Bachelor,Single,0
106388,43,149703.0,12.0,17274.0,9.5,714.0,36,Rent,Education,Bachelor,Divorced,0
106389,35,88775.0,1.0,14949.0,8.65,670.0,60,Rent,Business,Master,Single,0
106390,53,36251.0,21.0,8719.0,12.27,642.0,36,Own,Education,Bachelor,Married,0
106391,41,137669.0,25.0,5711.0,11.29,744.0,60,Mortgage,Business,Bachelor,Single,0
106392,26,86656.0,22.0,7804.0,12.49,626.0,60,Rent,Debt_Consolidation,High_School,Married,0
106393,36,,13.0,18762.0,7.15,641.0,60,Rent,Home_Improvement,Bachelor,Single,1
106394,26,197217.0,30.0,26637.0,12.9,675.0,60,Rent,Medical,Bachelor,Single,1
106395,33,92842.0,18.0,11115.0,9.29,722.0,60,Mortgage,Debt_Consolidation,Bachelor,Married,0
106396,41,59903.0,,30823.0,10.41,752.0,60,Rent,Debt_Consolidation,Bachelor,Married,0
106397,37,66410.0,22.0,10904.0,4.0,669.0,48,Rent,Debt_Consolidation,High_School,Married,0
106398,41,67862.0,12.0,5674.0,10.59,614.0,72,Rent,Medical,Bachelor,Single,0
106399,61,99016.0,18.0,13500.0,7.49,751.0,48,Rent,Business,Bachelor,Single,0
106400,65,119886.0,13.0,14899.0,16.57,674.0,36,Rent,Home_Improvement,High_School,Single,0
106401,61,74007.0,10.0,4238.0,11.48,628.0,48,Mortgage,Debt_Consolidation,Bachelor,Single,0
106402,61,31358.0,20.0,7121.0,10.72,731.0,60,Own,Debt_Consolidation,Bachelor,Single,0
106403,63,119238.0,7.0,13656.0,7.59,737.0,48,Rent,Debt_Consolidation,Bachelor,Single,0
106404,57,69479.0,30.0,2000.0,10.98,716.0,60,Rent,Home_Improvement,Master,Single,0
106405,50,54921.0,11.0,21451.0,4.0,639.0,72,Rent,Medical,High_School,Married,0
106406,51,69107.0,13.0,6296.0,13.7,711.0,36,Mortgage,Business,Bachelor,Married,0
106407,21,107799.0,24.0,23409.0,11.68,580.0,36,Mortgage,Home_Improvement,Master,Single,1
106408,33,78836.0,26.0,19504.0,5.34,647.0,60,Rent,Debt_Consolidation,High_School,Married,0
106409,28,92312.0,4.0,10964.0,9.06,,60,Rent,Education,Master,Divorced,0
106410,50,48028.0,20.0,8524.0,7.84,797.0,48,Mortgage,Home_Improvement,Bachelor,Married,1
106411,28,35609.0,19.0,18305.0,9.18,626.0,36,Mortgage,Home_Improvement,Master,Married,0
106412,61,71063.0,17.0,17900.0,14.41,641.0,60,Rent,Debt_Consolidation,Master,Married,1
106413,24,159715.0,14.0,12618.0,9.46,694.0,36,Mortgage,Medical,Master,Single,0
106414,40,59028.0,30.0,8375.0,6.99,692.0,48,Mortgage,Debt_Consolidation,High_School,Married,0
106415,55,79582.0,25.0,35479.0,11.97,672.0,36,Rent,Home_Improvement,High_School,Married,1
106416,50,34377.0,9.0,18188.0,13.32,728.0,48,Mortgage,Debt_Consolidation,PhD,Single,1
106417,29,40935.0,23.0,19367.0,14.85,673.0,36,Rent,Debt_Consolidation,Bachelor,Married,1
106418,29,31447.0,27.0,13489.0,8.72,647.0,72,Rent,Debt_Consolidation,Bachelor,Married,1
106419,36,79815.0,25.0,20851.0,6.84,743.0,36,Rent,Debt_Consolidation,Bachelor,Single,0
106420,45,123408.0,10.0,34746.0,12.65,658.0,36,Rent,Debt_Consolidation,Master,Married,1
106421,25,84672.0,11.0,15572.0,11.6,739.0,60,Mortgage,Debt_Consolidation,Bachelor,Married,0
106422,32,98002.0,9.0,22631.0,14.35,754.0,72,Mortgage,Home_Improvement,High_School,Single,1
106423,28,66567.0,26.0,22284.0,16.98,721.0,48,Mortgage,Debt_Consolidation,High_School,Divorced,0
106424,43,43009.0,20.0,19271.0,7.9,649.0,60,Rent,Education,Bachelor,Single,0
106425,60,55205.0,16.0,25076.0,11.77,779.0,48,Rent,Debt_Consolidation,Bachelor,Divorced,0
106426,46,53569.0,22.0,17608.0,7.9,765.0,60,Rent,Home_Improvement,Bachelor,Single,0
106427,63,69726.0,7.0,10659.0,10.86,631.0,60,Own,Business,High_School,Single,0
106428,29,69623.0,17.0,12755.0,6.0,,36,Rent,Debt_Consolidation,Bachelor,Single,0
106429,27,32198.0,22.0,19723.0,15.38,696.0,36,,Debt_Consolidation,Bachelor,Married,0
106430,29,79693.0,28.0,12549.0,10.17,745.0,36,Rent,Education,Master,Married,0
106431,58,27482.0,16.0,10254.0,12.9,699.0,36,Mortgage,Home_Improvement,High_School,Married,1
106432,51,121535.0,11.0,36557.0,18.87,757.0,60,Rent,Debt_Consolidation,Bachelor,Single,1
106433,49,48951.0,29.0,15498.0,16.14,686.0,36,Rent,Debt_Consolidation,Bachelor,Married,1
106434,37,64348.0,30.0,18938.0,11.12,722.0,60,Rent,Business,Bachelor,Married,0
106435,50,111051.0,5.0,24360.0,11.88,693.0,60,Rent,Debt_Consolidation,Bachelor,Divorced,1
106436,62,135059.0,1.0,28486.0,17.48,595.0,60,Rent,Education,Master,Married,1
106437,25,44870.0,19.0,27142.0,5.45,633.0,36,Rent,Debt_Consolidation,Bachelor,Married,0
106438,32,81509.0,1.0,24684.0,11.0,702.0,60,Mortgage,,Master,Married,0
106439,61,45668.0,14.0,2000.0,12.36,759.0,60,Own,Home_Improvement,Bachelor,Married,1
106440,49,82778.0,4.0,2000.0,14.92,732.0,60,Mortgage,Education,Bachelor,Married,0
106441,38,46749.0,11.0,18956.0,15.67,661.0,48,Own,Home_Improvement,Bachelor,Married,0
106442,42,70233.0,4.0,12286.0,10.42,715.0,60,Rent,Debt_Consolidation,Bachelor,Married,0
106443,62,99211.0,22.0,36624.0,9.65,696.0,60,Mortgage,Home_Improvement,High_School,Single,0
106444,51,58243.0,,27480.0,9.51,642.0,36,Mortgage,Business,,Single,1
106445,60,68349.0,14.0,8663.0,8.64,713.0,60,Own,Debt_Consolidation,High_School,Married,0
106446,32,20660.0,4.0,8959.0,11.04,710.0,36,Rent,Medical,Bachelor,Married,1
106447,62,41424.0,5.0,5388.0,10.25,745.0,36,Rent,Medical,Bachelor,Single,0
106448,33,57032.0,17.0,22223.0,12.66,708.0,48,Rent,Debt_Consolidation,Bachelor,Married,1
106449,50,85917.0,18.0,21711.0,8.64,629.0,48,Rent,Home_Improvement,High_School,Single,0
106450,28,94085.0,15.0,14586.0,11.89,638.0,36,Mortgage,Home_Improvement,High_School,Married,0
106451,23,67316.0,28.0,10318.0,7.95,673.0,36,,Home_Improvement,,Single,0
106452,27,52633.0,11.0,18775.0,7.63,675.0,36,Mortgage,Home_Improvement,Master,Married,0
106453,32,109331.0,14.0,7498.0,12.9,664.0,60,Mortgage,Home_Improvement,Master,Married,0
106454,60,40351.0,8.0,18435.0,8.3,700.0,60,Own,Education,Bachelor,Divorced,0
106455,57,33836.0,12.0,4178.0,4.0,763.0,36,Rent,Business,Bachelor,Single,0
106456,39,146831.0,11.0,18228.0,10.17,632.0,60,Own,Home_Improvement,Bachelor,Married,1
106457,27,94299.0,24.0,15270.0,13.4,721.0,36,Rent,Business,Bachelor,Divorced,0
106458,26,78832.0,10.0,23779.0,10.84,625.0,48,Mortgage,Business,Master,Single,0
106459,36,80384.0,10.0,4545.0,12.87,600.0,72,Mortgage,Home_Improvement,Bachelor,Married,0
106460,29,133412.0,17.0,9903.0,13.42,648.0,60,Own,,Bachelor,Single,0
106461,48,58548.0,18.0,14439.0,21.16,707.0,60,Mortgage,Debt_Consolidation,Master,Married,0
106462,50,30071.0,30.0,15556.0,9.8,696.0,36,Own,Home_Improvement,Bachelor,Single,0
106463,26,34736.0,10.0,16940.0,15.1,697.0,36,Mortgage,Education,Bachelor,Single,0
106464,60,59923.0,17.0,15425.0,15.48,686.0,60,Rent,Medical,Bachelor,Married,0
106465,57,69197.0,30.0,22233.0,7.04,655.0,36,Rent,Business,High_School,Divorced,1
106466,55,56568.0,10.0,20147.0,9.31,691.0,60,Mortgage,Debt_Consolidation,Bachelor,Married,0
106467,52,69187.0,8.0,7401.0,11.76,720.0,36,Rent,Debt_Consolidation,High_School,Single,1
106468,64,58764.0,5.0,31013.0,10.83,678.0,36,Rent,Debt_Consolidation,Bachelor,Single,1
106469,60,42506.0,25.0,7480.0,10.71,700.0,60,Mortgage,Education,Bachelor,Divorced,0
106470,56,63277.0,22.0,8690.0,13.16,768.0,72,Mortgage,Home_Improvement,Master,Single,0
106471,34,65998.0,8.0,23465.0,16.58,698.0,36,Mortgage,Business,High_School,Single,0
106472,62,82054.0,27.0,13342.0,11.41,758.0,72,Rent,Home_Improvement,Bachelor,Single,0
106473,56,27790.0,30.0,19617.0,11.76,684.0,48,Mortgage,Debt_Consolidation,Master,Single,0
106474,53,93288.0,18.0,10760.0,7.07,743.0,36,Own,Education,Bachelor,Married,0
106475,28,38219.0,22.0,22836.0,12.89,687.0,60,Rent,Debt_Consolidation,High_School,Single,1
106476,52,51378.0,13.0,22314.0,4.22,627.0,48,Own,Debt_Consolidation,High_School,Married,0
106477,47,35040.0,2.0,19590.0,6.98,660.0,72,Rent,Home_Improvement,Bachelor,Single,0
106478,27,82565.0,4.0,27631.0,12.75,768.0,60,Rent,Education,Bachelor,Married,1
106479,56,84971.0,19.0,15873.0,5.42,693.0,60,Own,Debt_Consolidation,Bachelor,Married,0
106480,37,129949.0,29.0,25689.0,8.02,725.0,36,Own,Debt_Consolidation,Bachelor,Single,0
106481,47,123747.0,6.0,23732.0,7.02,693.0,60,Own,Business,Bachelor,Married,1
106482,27,62247.0,0.0,5880.0,18.47,710.0,48,Mortgage,Education,Bachelor,Single,0
106483,54,38167.0,9.0,14386.0,13.1,676.0,60,Mortgage,Debt_Consolidation,High_School,Divorced,0
106484,33,40096.0,1.0,17002.0,6.86,614.0,60,,Home_Improvement,Master,Single,1
106485,44,146941.0,20.0,28544.0,12.11,557.0,36,Rent,Debt_Consolidation,Bachelor,Married,1
106486,35,45513.0,13.0,23658.0,10.08,727.0,60,Own,Education,Master,Single,0
106487,62,25266.0,6.0,4938.0,14.16,656.0,48,Mortgage,Business,Bachelor,Single,1
106488,28,102213.0,18.0,17919.0,9.42,716.0,48,Rent,Business,Bachelor,Single,0
106489,43,35908.0,28.0,24743.0,5.99,699.0,72,Rent,Debt_Consolidation,Bachelor,Single,0
106490,36,62998.0,6.0,23142.0,5.7,794.0,36,Rent,Home_Improvement,Bachelor,Married,0
106491,21,61209.0,16.0,6180.0,10.89,656.0,48,Mortgage,Business,High_School,Married,0
106492,26,17010.0,7.0,18924.0,11.43,747.0,36,Own,Business,Bachelor,Married,1
106493,36,74989.0,3.0,24690.0,4.0,656.0,36,Rent,Medical,Master,Divorced,0
106494,34,86723.0,2.0,2000.0,8.83,713.0,36,Rent,Debt_Consolidation,High_School,Divorced,0
106495,47,73951.0,17.0,15854.0,9.38,686.0,48,Rent,Business,Master,Single,0
106496,44,78037.0,23.0,6823.0,14.78,724.0,36,Mortgage,Education,Master,Married,0
106497,31,49185.0,26.0,12671.0,13.78,665.0,48,Own,Medical,Bachelor,Single,0
106498,37,30929.0,28.0,21916.0,10.52,642.0,60,Rent,Business,Master,Married,1
106499,23,45050.0,12.0,26426.0,13.11,716.0,72,Rent,Debt_Consolidation,Bachelor,Married,0
106500,34,51714.0,16.0,25745.0,7.52,567.0,48,Own,Debt_Consolidation,High_School,Married,0
106501,38,84172.0,23.0,6202.0,10.74,747.0,60,Mortgage,Education,Bachelor,Divorced,0
106502,64,77316.0,16.0,27254.0,10.68,641.0,48,Rent,Debt_Consolidation,Bachelor,Single,0
106503,34,29391.0,27.0,36695.0,10.18,748.0,60,Mortgage,Debt_Consolidation,High_School,Divorced,1
106504,35,133546.0,24.0,26127.0,8.34,690.0,72,Rent,Business,PhD,Married,1
106505,53,29009.0,19.0,22857.0,8.42,739.0,60,Rent,Home_Improvement,Bachelor,Married,0
106506,28,154352.0,24.0,18510.0,10.81,666.0,36,Mortgage,Home_Improvement,PhD,Married,0
106507,49,83172.0,28.0,8693.0,16.15,667.0,36,Mortgage,Business,High_School,Single,0
106508,47,37612.0,24.0,17427.0,12.08,734.0,60,Rent,Education,Bachelor,Single,0
106509,23,58767.0,22.0,27914.0,8.1,754.0,36,Mortgage,Debt_Consolidation,Master,Married,0
106510,53,149901.0,21.0,21133.0,10.39,680.0,36,Mortgage,Medical,Bachelor,Married,1
106511,52,213763.0,1.0,7088.0,11.58,707.0,72,Rent,Debt_Consolidation,Master,Single,0
106512,55,86651.0,18.0,30647.0,7.6,755.0,36,Rent,Home_Improvement,Bachelor,Married,0
106513,53,78856.0,26.0,10826.0,17.66,685.0,48,Rent,Home_Improvement,High_School,Married,1
106514,63,36024.0,15.0,17606.0,19.39,598.0,36,Rent,Education,PhD,Single,1
106515,37,130319.0,26.0,19710.0,15.72,673.0,36,Own,Medical,Bachelor,Married,0
106516,53,43311.0,11.0,14129.0,8.59,713.0,36,Own,Home_Improvement,Bachelor,Married,0
106517,59,78333.0,28.0,20576.0,7.83,692.0,72,Mortgage,Business,Bachelor,Divorced,0
106518,49,76783.0,16.0,10964.0,9.52,780.0,36,Own,Business,High_School,Single,0
106519,51,75512.0,23.0,18154.0,11.69,665.0,60,Mortgage,Business,High_School,Divorced,0
106520,23,89192.0,12.0,8139.0,6.82,627.0,36,Rent,Business,PhD,Single,0
106521,56,126143.0,21.0,7966.0,8.12,766.0,60,Mortgage,,Master,Single,0
106522,23,85466.0,23.0,15226.0,4.57,773.0,48,Rent,Home_Improvement,High_School,Single,0
106523,60,23200.0,25.0,23494.0,16.02,684.0,60,Rent,Medical,,Single,1
106524,60,60870.0,10.0,21693.0,13.43,706.0,36,Mortgage,Debt_Consolidation,Master,Single,1
106525,29,69717.0,0.0,21853.0,8.94,708.0,48,Rent,Home_Improvement,Master,Married,0
106526,29,104638.0,,6784.0,6.94,760.0,60,Rent,Debt_Consolidation,Master,Single,0
106527,35,74138.0,1.0,10057.0,13.63,617.0,36,Own,Debt_Consolidation,Bachelor,Married,0
106528,56,,17.0,11223.0,4.47,562.0,48,Rent,,Bachelor,Single,0
106529,29,51021.0,25.0,27712.0,14.16,674.0,36,Mortgage,Education,Bachelor,Divorced,1
106530,30,69058.0,4.0,22305.0,5.51,712.0,60,Own,Debt_Consolidation,Bachelor,Single,0
106531,56,110871.0,18.0,20207.0,8.37,680.0,36,Rent,Debt_Consolidation,Master,Single,0
106532,54,152018.0,27.0,17180.0,12.52,666.0,60,Mortgage,Education,PhD,Married,0
106533,42,86401.0,4.0,6847.0,12.63,660.0,36,Mortgage,Debt_Consolidation,Bachelor,Divorced,0
106534,23,49825.0,30.0,23566.0,10.75,778.0,36,Mortgage,Medical,Bachelor,Married,0
106535,32,91188.0,9.0,25809.0,15.86,661.0,72,Mortgage,Debt_Consolidation,High_School,Single,1
106536,47,61030.0,28.0,21841.0,4.53,671.0,48,Rent,Debt_Consolidation,Master,Married,0
106537,36,50679.0,9.0,14316.0,10.66,727.0,60,Mortgage,Debt_Consolidation,Bachelor,Single,0
106538,28,97405.0,13.0,21556.0,8.77,731.0,60,Mortgage,Debt_Consolidation,Bachelor,Single,1
106539,22,88357.0,26.0,19676.0,9.22,790.0,72,Rent,Home_Improvement,Bachelor,Married,1
106540,56,78169.0,4.0,37351.0,11.61,824.0,72,Mortgage,Education,Bachelor,Single,0
106541,58,76368.0,4.0,13648.0,12.11,622.0,48,Rent,Education,Bachelor,Married,0
106542,41,99398.0,28.0,12233.0,11.45,668.0,60,Rent,Debt_Consolidation,Master,Married,0
106543,25,65425.0,7.0,9553.0,12.15,593.0,72,Mortgage,Home_Improvement,Bachelor,Married,0
106544,63,62887.0,2.0,12523.0,14.41,738.0,36,,Debt_Consolidation,Bachelor,Married,0
106545,22,73953.0,18.0,2876.0,7.69,662.0,60,Mortgage,Debt_Consolidation,High_School,Divorced,0
106546,48,45060.0,3.0,29868.0,14.51,665.0,60,Rent,Debt_Consolidation,High_School,Single,0
106547,33,139095.0,15.0,32909.0,11.17,726.0,60,Own,Home_Improvement,High_School,Single,0
106548,62,118736.0,4.0,16935.0,15.93,730.0,60,Mortgage,Medical,Bachelor,Married,0
106549,25,55019.0,23.0,14747.0,12.14,691.0,60,Own,Home_Improvement,High_School,Single,0
106550,33,177716.0,10.0,17604.0,11.18,600.0,60,Mortgage,Medical,Bachelor,Single,0
106551,40,63845.0,23.0,16877.0,10.97,652.0,72,Rent,Education,Master,Married,1
106552,28,90920.0,10.0,9297.0,12.59,641.0,36,Mortgage,Business,High_School,Married,0
106553,56,57849.0,7.0,29168.0,,680.0,36,,Home_Improvement,High_School,Divorced,1
106554,41,83830.0,9.0,5189.0,15.74,678.0,48,Rent,Debt_Consolidation,Master,Divorced,0
106555,58,53992.0,7.0,13871.0,12.17,662.0,60,Rent,Home_Improvement,Bachelor,Single,1
106556,39,42042.0,27.0,13565.0,8.15,682.0,60,Mortgage,Home_Improvement,Bachelor,Married,0
106557,30,54665.0,6.0,33076.0,10.24,610.0,60,Mortgage,Business,Bachelor,Married,1
106558,46,73055.0,9.0,2000.0,14.97,687.0,36,Mortgage,Home_Improvement,High_School,Divorced,0
106559,22,57094.0,20.0,22036.0,4.0,603.0,60,Rent,Debt_Consolidation,Master,Single,0
106560,56,73731.0,30.0,6191.0,10.2,671.0,60,Own,Home_Improvement,Bachelor,Married,0
106561,39,35452.0,29.0,11439.0,9.55,658.0,36,Mortgage,Debt_Consolidation,High_School,Divorced,1
106562,46,79657.0,22.0,17289.0,7.93,744.0,60,Rent,Home_Improvement,High_School,Married,0
106563,30,61731.0,15.0,11019.0,16.87,647.0,60,Mortgage,Education,Bachelor,Married,0
106564,36,46803.0,21.0,22474.0,8.17,745.0,48,Own,Debt_Consolidation,High_School,Divorced,0
106565,28,42514.0,17.0,8845.0,10.14,645.0,60,Mortgage,Education,Bachelor,Married,0
106566,44,37197.0,23.0,14646.0,11.21,708.0,48,Mortgage,Debt_Consolidation,Master,Single,1
106567,23,30898.0,24.0,18816.0,7.47,690.0,72,Rent,Education,Bachelor,Married,0
106568,43,106138.0,18.0,21100.0,14.44,775.0,36,Own,Debt_Consolidation,High_School,Divorced,0
106569,28,51342.0,6.0,14098.0,9.71,594.0,60,Mortgage,Home_Improvement,High_School,Divorced,0
106570,64,57622.0,20.0,15782.0,11.77,688.0,60,Mortgage,Debt_Consolidation,Bachelor,Married,1
106571,33,44003.0,19.0,29463.0,11.96,701.0,36,Rent,Debt_Consolidation,High_School,Divorced,1
106572,37,50121.0,1.0,24419.0,11.3,735.0,36,Mortgage,Home_Improvement,Bachelor,Single,0
106573,33,50132.0,8.0,9725.0,13.89,673.0,36,Rent,Home_Improvement,Bachelor,Married,1
106574,45,84659.0,16.0,29725.0,13.58,732.0,60,Mortgage,Debt_Consolidation,Bachelor,Married,1
106575,58,80713.0,24.0,24155.0,11.0,652.0,36,Mortgage,Debt_Consolidation,Bachelor,Divorced,1
106576,25,99580.0,5.0,6869.0,5.01,759.0,60,Mortgage,Debt_Consolidation,Master,Married,0
106577,33,36756.0,7.0,25235.0,11.74,789.0,60,Rent,Education,Bachelor,Married,1
106578,36,66124.0,26.0,25270.0,12.68,647.0,36,Mortgage,Business,Master,Single,1
106579,52,98281.0,15.0,9409.0,14.62,726.0,60,Mortgage,Debt_Consolidation,PhD,Single,0
106580,49,42768.0,14.0,19130.0,11.34,671.0,48,Mortgage,Debt_Consolidation,Master,Married,0
106581,41,85398.0,16.0,2000.0,15.28,753.0,36,Rent,Debt_Consolidation,Bachelor,Divorced,0
106582,52,118622.0,16.0,8143.0,12.53,798.0,36,Rent,Home_Improvement,Master,Single,0
106583,63,50184.0,15.0,7521.0,8.99,602.0,60,Mortgage,Business,Bachelor,Married,0
106584,55,43043.0,1.0,4307.0,6.52,735.0,48,Rent,Debt_Consolidation,Master,Married,0
106585,38,80696.0,3.0,13774.0,17.09,757.0,72,Rent,Debt_Consolidation,Bachelor,Divorced,1
106586,36,109760.0,21.0,25426.0,6.82,657.0,36,Rent,Home_Improvement,Bachelor,Married,0
106587,59,37271.0,16.0,2000.0,9.63,719.0,36,Own,Home_Improvement,High_School,Single,0
106588,53,48184.0,7.0,17625.0,5.63,705.0,36,Rent,Home_Improvement,Bachelor,Single,0
106589,64,162779.0,0.0,8843.0,10.18,693.0,36,Rent,Debt_Consolidation,Master,Single,0
106590,62,39702.0,7.0,2070.0,4.04,665.0,48,Rent,Business,Bachelor,Married,0
106591,40,49171.0,3.0,30068.0,,727.0,36,Own,Education,Bachelor,Married,1
106592,53,95995.0,5.0,15546.0,13.88,664.0,60,Rent,Debt_Consolidation,Bachelor,Single,1
106593,51,28836.0,1.0,17645.0,11.27,669.0,48,Own,Education,Bachelor,Married,1
106594,36,56052.0,6.0,11386.0,9.53,680.0,36,Rent,Medical,Bachelor,Single,0
106595,44,45263.0,28.0,14638.0,7.95,685.0,48,Mortgage,Home_Improvement,Bachelor,Married,0
106596,31,71391.0,27.0,17515.0,8.82,684.0,60,Mortgage,Debt_Consolidation,Bachelor,Married,1
106597,23,131478.0,22.0,28619.0,10.08,662.0,36,Rent,Debt_Consolidation,Bachelor,Divorced,0
106598,55,41233.0,17.0,39346.0,14.01,790.0,60,Mortgage,Home_Improvement,High_School,Divorced,0
106599,30,45883.0,16.0,15609.0,8.28,706.0,60,Own,Home_Improvement,Master,Single,0
106600,57,111658.0,9.0,10762.0,6.66,746.0,36,Rent,Medical,Master,Divorced,1
106601,43,44374.0,4.0,26785.0,7.6,712.0,72,,Home_Improvement,PhD,Single,0
106602,54,33613.0,29.0,25368.0,12.93,689.0,36,Own,Home_Improvement,High_School,Single,1
106603,30,106690.0,16.0,21128.0,14.01,679.0,36,Rent,Medical,Master,Single,0
106604,52,67559.0,8.0,13504.0,8.05,775.0,60,Rent,Debt_Consolidation,High_School,Single,1
106605,41,58956.0,30.0,25070.0,8.48,639.0,36,Rent,Debt_Consolidation,High_School,Single,1
106606,37,52004.0,21.0,10729.0,14.13,762.0,36,Mortgage,Debt_Consolidation,Bachelor,Single,0
106607,45,113716.0,20.0,11434.0,5.55,733.0,72,Rent,Home_Improvement,High_School,Divorced,0
106608,41,50977.0,3.0,17059.0,10.76,711.0,60,Mortgage,Debt_Consolidation,Bachelor,Married,0
106609,33,46031.0,7.0,18094.0,11.01,642.0,36,Mortgage,Home_Improvement,High_School,Single,0
106610,32,50664.0,14.0,24083.0,10.46,,36,Rent,Medical,Master,Single,1
106611,63,116872.0,25.0,7963.0,11.95,588.0,60,Mortgage,Business,High_School,Married,0
106612,42,124512.0,9.0,20603.0,10.29,634.0,36,Rent,Home_Improvement,Bachelor,Married,1
106613,62,52101.0,30.0,12919.0,13.61,673.0,60,Rent,Business,High_School,Married,0
106614,22,109922.0,24.0,9305.0,6.4,715.0,36,Mortgage,Debt_Consolidation,High_School,Single,0
106615,53,45196.0,22.0,11549.0,9.9,685.0,48,Mortgage,Business,Master,Married,0
106616,32,56976.0,1.0,19141.0,9.43,739.0,48,Rent,Debt_Consolidation,Master,Married,0
106617,23,49088.0,14.0,19896.0,15.71,681.0,60,Own,Debt_Consolidation,Master,Single,1
106618,44,66390.0,1.0,12274.0,16.48,638.0,48,Mortgage,Education,Bachelor,Single,1
106619,25,140856.0,20.0,29446.0,8.82,692.0,60,Rent,Business,Bachelor,Married,1
106620,50,117935.0,13.0,2000.0,5.79,684.0,36,Rent,Debt_Consolidation,Master,Single,0
106621,23,58874.0,5.0,17684.0,11.14,723.0,36,Own,Debt_Consolidation,Master,Single,1
106622,23,86677.0,13.0,10311.0,10.48,670.0,60,Mortgage,Debt_Consolidation,Master,Married,0
106623,31,87256.0,11.0,22546.0,14.63,658.0,60,Mortgage,Home_Improvement,Bachelor,Married,1
106624,55,54952.0,23.0,14931.0,7.75,649.0,60,Mortgage,Medical,Master,Married,1
106625,52,168475.0,19.0,27502.0,14.39,636.0,48,Rent,Education,Bachelor,Married,0
106626,35,46120.0,2.0,15204.0,10.68,771.0,48,Rent,Education,Bachelor,Married,0
106627,39,76395.0,12.0,15211.0,6.04,764.0,36,Mortgage,Business,Bachelor,Single,0
106628,55,95267.0,18.0,12478.0,,751.0,36,Mortgage,Medical,Bachelor,Single,1
106629,29,181464.0,6.0,22204.0,16.11,652.0,36,Mortgage,Debt_Consolidation,Bachelor,Married,0
106630,60,72833.0,17.0,25244.0,7.93,765.0,60,Mortgage,Debt_Consolidation,High_School,Single,1
106631,50,72061.0,2.0,20725.0,10.73,797.0,60,Mortgage,Debt_Consolidation,Bachelor,Divorced,1
106632,55,67858.0,26.0,21696.0,7.25,726.0,48,Mortgage,Debt_Consolidation,PhD,Divorced,0
106633,48,49300.0,14.0,16788.0,19.57,645.0,36,Rent,Medical,Bachelor,Married,1
106634,64,83246.0,6.0,30747.0,7.76,741.0,36,Mortgage,Education,High_School,Married,0
106635,57,78895.0,18.0,2000.0,4.0,763.0,72,Mortgage,Debt_Consolidation,Bachelor,Married,0
106636,52,49383.0,18.0,21949.0,8.97,645.0,72,Mortgage,Debt_Consolidation,High_School,Married,0
106637,43,66947.0,18.0,26628.0,10.26,644.0,36,Rent,Home_Improvement,Master,Single,1
106638,27,34442.0,24.0,10152.0,7.48,698.0,36,Rent,Home_Improvement,High_School,Married,0
106639,42,31083.0,16.0,4086.0,10.52,704.0,72,Mortgage,Home_Improvement,Bachelor,Single,0
106640,45,66220.0,11.0,15944.0,10.19,747.0,72,Rent,Education,Master,Divorced,0
106641,49,60668.0,3.0,13789.0,4.92,715.0,48,Rent,Medical,High_School,Married,1
106642,26,128347.0,19.0,14267.0,13.57,693.0,60,Mortgage,Home_Improvement,Master,Single,1
106643,51,51048.0,27.0,24725.0,6.53,720.0,36,Mortgage,Debt_Consolidation,Bachelor,Married,0
106644,51,59460.0,28.0,16547.0,4.4,583.0,60,Mortgage,Debt_Consolidation,,Married,0
106645,42,78272.0,9.0,12386.0,6.92,732.0,36,Rent,Debt_Consolidation,High_School,Single,0
106646,55,71570.0,22.0,18735.0,7.45,656.0,60,Rent,Home_Improvement,Bachelor,Single,0
106647,24,91690.0,12.0,13024.0,10.04,722.0,60,Rent,Debt_Consolidation,Bachelor,Single,0
106648,29,88841.0,4.0,20744.0,14.94,716.0,60,Mortgage,Education,Bachelor,Single,1
106649,39,56245.0,15.0,17647.0,13.72,720.0,48,Rent,Home_Improvement,Bachelor,Single,0
106650,22,52649.0,3.0,20900.0,11.67,665.0,60,Rent,Medical,Bachelor,Married,1
106651,22,56219.0,11.0,28403.0,10.44,672.0,72,Mortgage,Business,Bachelor,Divorced,1
106652,41,210055.0,12.0,3263.0,7.26,600.0,72,Rent,Home_Improvement,High_School,Single,0
106653,25,293989.0,16.0,5608.0,8.71,737.0,48,Own,,PhD,Married,0
106654,26,61280.0,22.0,17197.0,7.83,644.0,36,Own,Debt_Consolidation,Bachelor,Married,0
106655,24,35302.0,5.0,8439.0,14.43,691.0,60,Mortgage,Home_Improvement,Bachelor,Married,0
106656,63,56927.0,15.0,25968.0,11.91,630.0,36,Rent,Debt_Consolidation,High_School,Married,1
106657,45,38548.0,10.0,11067.0,12.13,736.0,48,Mortgage,Business,Bachelor,Single,0
106658,64,94751.0,13.0,13968.0,14.55,702.0,48,Rent,Debt_Consolidation,Bachelor,Single,0
106659,28,45963.0,19.0,30314.0,11.49,633.0,60,Rent,Debt_Consolidation,Master,Married,1
106660,50,60308.0,18.0,21373.0,12.87,678.0,48,Rent,Debt_Consolidation,Bachelor,Single,1
106661,41,149852.0,20.0,14791.0,6.89,675.0,60,Own,Education,Bachelor,Single,0
106662,32,104204.0,12.0,22313.0,8.95,604.0,60,Mortgage,Debt_Consolidation,High_School,Single,1
106663,34,197781.0,10.0,13493.0,16.37,638.0,36,Mortgage,Debt_Consolidation,High_School,Married,1
106664,54,54165.0,25.0,11754.0,16.68,645.0,72,Mortgage,Debt_Consolidation,High_School,Married,0
106665,46,90345.0,5.0,22034.0,11.64,684.0,60,Rent,Business,Bachelor,Single,0
106666,41,83466.0,29.0,20125.0,6.07,774.0,36,Rent,Education,Master,Married,0
106667,64,32692.0,8.0,15923.0,5.95,677.0,48,Rent,Business,High_School,Married,0
106668,21,80412.0,23.0,2460.0,9.25,616.0,60,Mortgage,Debt_Consolidation,Master,Married,0
106669,28,31519.0,26.0,24589.0,10.46,807.0,48,Own,Debt_Consolidation,High_School,Single,0
106670,64,48886.0,15.0,17460.0,12.13,799.0,36,Mortgage,Debt_Consolidation,Master,Single,0
106671,48,28990.0,12.0,34583.0,9.57,721.0,60,Rent,Business,Bachelor,Single,1
106672,45,57516.0,11.0,24517.0,7.42,650.0,36,Rent,Debt_Consolidation,Bachelor,Married,1
106673,52,32331.0,6.0,14203.0,8.86,733.0,60,Mortgage,Debt_Consolidation,Bachelor,Divorced,0
106674,63,52040.0,4.0,8546.0,15.83,778.0,48,Mortgage,Debt_Consolidation,Master,Married,0
106675,27,,26.0,25524.0,11.24,663.0,48,Rent,Debt_Consolidation,PhD,Married,1
106676,64,79736.0,23.0,26470.0,10.5,552.0,48,Mortgage,Home_Improvement,Bachelor,Married,0
106677,23,88901.0,5.0,6178.0,12.54,621.0,72,Rent,Home_Improvement,High_School,Single,0
106678,37,102142.0,20.0,25082.0,6.43,652.0,48,Mortgage,Education,High_School,Single,0
106679,36,110247.0,29.0,24272.0,11.48,644.0,36,Mortgage,Debt_Consolidation,Bachelor,Married,1
106680,22,124569.0,13.0,8352.0,5.46,639.0,36,Own,Home_Improvement,Bachelor,Single,0
106681,42,68674.0,3.0,32966.0,16.14,722.0,36,Mortgage,Business,High_School,Single,1
106682,22,32988.0,8.0,40544.0,9.56,628.0,60,Mortgage,Home_Improvement,Bachelor,Divorced,1
106683,28,44542.0,30.0,15687.0,8.25,703.0,36,Rent,Education,Bachelor,Married,0
106684,53,,29.0,12613.0,12.15,752.0,60,Rent,Debt_Consolidation,Bachelor,Married,0
106685,27,78462.0,17.0,23242.0,13.84,651.0,60,Rent,Debt_Consolidation,High_School,Married,1
106686,56,184113.0,12.0,22881.0,14.82,714.0,72,Mortgage,Debt_Consolidation,Bachelor,Single,0
106687,42,48329.0,8.0,26837.0,11.92,579.0,48,Rent,Debt_Consolidation,High_School,Single,1
106688,59,63771.0,13.0,15033.0,10.24,759.0,36,Rent,Business,High_School,Married,0
106689,28,35801.0,9.0,15350.0,8.43,624.0,60,Rent,Home_Improvement,High_School,Single,0
106690,52,64811.0,18.0,12005.0,11.34,637.0,36,Rent,Debt_Consolidation,Master,Single,0
106691,48,100240.0,9.0,7070.0,11.69,633.0,72,Rent,Education,Bachelor,Married,1
106692,46,104876.0,2.0,21981.0,11.6,707.0,60,Own,Education,Master,Divorced,1
106693,41,78490.0,28.0,12948.0,11.0,721.0,36,Rent,Home_Improvement,Bachelor,Married,0
106694,50,105447.0,20.0,19332.0,11.68,697.0,60,Own,Debt_Consolidation,Master,Married,0
106695,23,79907.0,5.0,16132.0,13.05,662.0,48,Rent,Education,High_School,Married,1
106696,61,44117.0,11.0,18383.0,10.22,737.0,48,Own,Home_Improvement,Bachelor,Single,0
106697,51,58731.0,11.0,19638.0,10.17,729.0,36,Mortgage,Debt_Consolidation,Master,Single,0
106698,21,61746.0,18.0,35809.0,16.22,743.0,48,Own,Education,PhD,Married,1
106699,46,76927.0,26.0,25656.0,9.06,757.0,72,Rent,Debt_Consolidation,Master,Single,1
106700,43,63006.0,0.0,18190.0,8.31,807.0,60,Mortgage,Debt_Consolidation,Bachelor,Single,0
106701,44,76230.0,9.0,19544.0,14.53,672.0,60,Rent,Medical,Bachelor,Married,1
106702,29,61973.0,18.0,37591.0,8.0,626.0,60,Mortgage,Debt_Consolidation,High_School,Married,0
106703,46,48000.0,13.0,31170.0,15.41,723.0,36,Own,Home_Improvement,Bachelor,Single,1
106704,58,70411.0,2.0,22263.0,7.36,767.0,60,Mortgage,Business,Bachelor,Single,0
106705,37,86975.0,21.0,15327.0,16.01,709.0,60,Rent,Home_Improvement,Bachelor,Married,1
106706,57,47042.0,16.0,31212.0,4.15,708.0,60,Mortgage,Business,Master,Single,0
106707,30,62926.0,26.0,23952.0,14.3,655.0,60,Mortgage,Debt_Consolidation,Bachelor,Married,1
106708,48,89576.0,24.0,21741.0,6.94,665.0,60,Mortgage,Debt_Consolidation,Bachelor,Single,0
106709,37,54454.0,11.0,22506.0,15.69,697.0,60,Mortgage,Debt_Consolidation,PhD,Married,1
106710,57,115263.0,22.0,12900.0,7.18,706.0,60,Mortgage,Business,Bachelor,Married,0
106711,63,56477.0,29.0,6816.0,13.7,688.0,72,Rent,Education,Bachelor,Married,0
106712,35,52601.0,30.0,33658.0,8.27,637.0,60,Mortgage,Home_Improvement,Master,Married,0
106713,62,104795.0,22.0,7847.0,12.32,675.0,36,Rent,Home_Improvement,High_School,Divorced,0
106714,32,43986.0,15.0,20825.0,11.91,674.0,60,Rent,Debt_Consolidation,Master,Single,1
106715,40,,9.0,13518.0,10.4,831.0,36,Rent,Debt_Consolidation,Master,Single,0
106716,40,139803.0,7.0,21091.0,14.22,577.0,36,Rent,Medical,PhD,Married,1
106717,32,175844.0,28.0,17535.0,4.0,630.0,60,Rent,Debt_Consolidation,Bachelor,Single,0
106718,45,57629.0,8.0,22523.0,5.07,715.0,60,Rent,Education,Bachelor,Single,0
106719,47,45778.0,22.0,15331.0,14.94,694.0,72,Rent,Medical,Bachelor,Divorced,1
106720,41,105592.0,1.0,40933.0,11.01,700.0,60,Rent,Home_Improvement,Bachelor,Married,1
106721,26,52576.0,15.0,18506.0,14.19,717.0,60,Mortgage,Business,Master,Single,0
106722,32,90995.0,5.0,11639.0,11.76,698.0,36,Rent,Business,Master,Single,0
106723,53,55734.0,6.0,21375.0,12.01,669.0,48,Rent,Home_Improvement,Bachelor,Married,1
106724,42,127782.0,18.0,32588.0,14.75,674.0,60,Rent,Debt_Consolidation,Bachelor,Single,1
106725,64,101546.0,14.0,4139.0,9.97,644.0,60,Mortgage,Home_Improvement,High_School,Married,1
106726,54,64039.0,12.0,14344.0,5.74,717.0,72,Mortgage,Medical,Bachelor,Married,0
106727,38,121831.0,25.0,28385.0,8.89,576.0,48,Mortgage,Business,Master,Single,0
106728,26,125557.0,10.0,4339.0,14.14,706.0,48,Rent,Debt_Consolidation,Bachelor,Single,0
106729,52,57513.0,8.0,2000.0,15.91,635.0,36,Mortgage,,High_School,Married,1
106730,51,204242.0,13.0,12171.0,7.85,704.0,60,Mortgage,Education,Master,Divorced,0
106731,33,54821.0,25.0,19042.0,15.2,673.0,60,Mortgage,Debt_Consolidation,Master,Divorced,1
106732,59,44681.0,12.0,26194.0,6.1,678.0,60,Mortgage,Debt_Consolidation,Master,Divorced,0
106733,63,22242.0,5.0,17717.0,7.37,630.0,60,Mortgage,Medical,Bachelor,Married,1
106734,58,121849.0,21.0,26872.0,10.6,700.0,36,Rent,Home_Improvement,Master,Single,0
106735,48,63296.0,8.0,30172.0,9.53,695.0,36,Mortgage,Home_Improvement,Master,Married,0
106736,48,174250.0,26.0,7920.0,14.67,596.0,60,Mortgage,Debt_Consolidation,Bachelor,Married,0
106737,62,40190.0,21.0,17502.0,14.44,589.0,48,Rent,Debt_Consolidation,Bachelor,Single,1
106738,55,158109.0,2.0,21284.0,18.48,675.0,60,Rent,Debt_Consolidation,Master,Single,1
106739,21,56365.0,7.0,5756.0,13.64,790.0,60,Rent,Business,Bachelor,Married,0
106740,35,55195.0,3.0,11689.0,13.29,710.0,36,Own,Debt_Consolidation,Master,Single,0
106741,27,37410.0,29.0,35175.0,12.22,593.0,60,Rent,Home_Improvement,High_School,Married,1
106742,24,65917.0,27.0,23741.0,8.08,700.0,48,Mortgage,Debt_Consolidation,PhD,Married,0
106743,51,49851.0,10.0,16684.0,12.46,679.0,36,Rent,Education,Bachelor,Single,1
106744,24,76678.0,3.0,7506.0,12.24,628.0,36,Rent,Education,Bachelor,Single,0
106745,22,205050.0,30.0,15998.0,11.77,737.0,36,Mortgage,Home_Improvement,High_School,Married,0
106746,49,78289.0,0.0,21686.0,13.29,661.0,60,Mortgage,Business,Bachelor,Single,1
106747,59,118751.0,12.0,21591.0,9.96,734.0,60,Mortgage,Business,Master,Single,0
106748,61,54178.0,26.0,29823.0,8.81,642.0,36,Rent,Business,High_School,Single,1
106749,47,105563.0,15.0,19687.0,12.26,691.0,60,Rent,Business,Master,Divorced,1
106750,32,37634.0,8.0,29977.0,6.17,708.0,60,Mortgage,Home_Improvement,High_School,Married,0
106751,60,63029.0,3.0,34068.0,9.1,750.0,60,Mortgage,Medical,High_School,Married,1
106752,53,21214.0,1.0,19552.0,12.59,630.0,36,Rent,Debt_Consolidation,PhD,Single,1
106753,40,94013.0,21.0,15505.0,5.04,740.0,60,Rent,Debt_Consolidation,Master,Single,0
106754,45,36214.0,4.0,2000.0,13.09,739.0,36,Mortgage,Business,High_School,Single,0
106755,38,75161.0,17.0,11131.0,,725.0,60,Rent,Debt_Consolidation,High_School,Single,1
106756,32,124695.0,14.0,6152.0,15.96,658.0,36,Mortgage,Debt_Consolidation,High_School,Single,0
106757,28,61450.0,,35312.0,11.73,762.0,72,Rent,Debt_Consolidation,Master,Married,1
106758,56,122475.0,17.0,32348.0,9.99,747.0,60,Mortgage,Debt_Consolidation,Bachelor,Single,0
106759,41,43448.0,28.0,24931.0,11.44,621.0,48,Rent,Home_Improvement,Bachelor,Married,0
106760,50,50920.0,0.0,5207.0,10.14,694.0,36,Mortgage,Debt_Consolidation,Master,Married,0
106761,25,55956.0,9.0,21006.0,14.36,719.0,48,Rent,Debt_Consolidation,Bachelor,Married,0
106762,40,89080.0,21.0,10477.0,7.3,650.0,48,Rent,Home_Improvement,Bachelor,Married,0
106763,26,56399.0,29.0,25995.0,8.82,659.0,36,Rent,Medical,Bachelor,Single,0
106764,23,38575.0,29.0,11886.0,11.67,651.0,72,Rent,Debt_Consolidation,Master,Married,0
106765,34,53648.0,19.0,25074.0,8.09,671.0,72,Rent,Debt_Consolidation,Bachelor,Single,1
106766,39,108104.0,18.0,19266.0,13.18,686.0,36,Own,Home_Improvement,Bachelor,Married,1
106767,55,39767.0,11.0,10522.0,11.17,782.0,60,Mortgage,Debt_Consolidation,High_School,Divorced,0
106768,60,40169.0,10.0,21080.0,18.57,602.0,60,Rent,Education,Bachelor,Single,1
106769,54,89798.0,21.0,6843.0,8.66,668.0,36,Rent,Home_Improvement,Bachelor,Married,0
106770,51,53577.0,16.0,30674.0,7.7,669.0,48,Rent,Home_Improvement,Master,Single,0
106771,38,91907.0,2.0,2934.0,8.39,703.0,36,Rent,Debt_Consolidation,Bachelor,Divorced,0
106772,51,50659.0,3.0,17907.0,12.54,800.0,60,Rent,Home_Improvement,High_School,Married,1
106773,42,67448.0,11.0,17301.0,10.24,678.0,36,Mortgage,Debt_Consolidation,PhD,Single,0
106774,55,24462.0,19.0,23801.0,9.99,704.0,48,Mortgage,Home_Improvement,Bachelor,Married,0
106775,65,102076.0,29.0,10700.0,7.41,700.0,36,Own,Business,Bachelor,Single,0
106776,25,97379.0,13.0,21951.0,17.19,670.0,48,Rent,Business,High_School,Married,1
106777,59,29317.0,25.0,9334.0,6.92,661.0,48,Rent,Business,Bachelor,Divorced,1
106778,53,43948.0,19.0,15234.0,5.58,671.0,48,Mortgage,Debt_Consolidation,Master,Single,0
106779,32,63671.0,17.0,5086.0,6.57,673.0,60,Mortgage,Home_Improvement,PhD,Married,0
106780,60,110762.0,20.0,28673.0,16.54,785.0,72,Rent,Debt_Consolidation,High_School,Married,1
106781,64,41786.0,27.0,14893.0,10.23,741.0,60,Rent,Home_Improvement,Master,Single,0
106782,51,59179.0,29.0,15399.0,9.18,609.0,36,Rent,Education,Bachelor,Single,0
106783,61,116537.0,17.0,18334.0,8.58,645.0,60,Rent,Medical,High_School,Married,1
106784,39,134315.0,19.0,11737.0,4.05,683.0,60,Own,Home_Improvement,High_School,Married,1
106785,51,72743.0,6.0,32748.0,5.4,652.0,36,Mortgage,Debt_Consolidation,Bachelor,Married,0
106786,45,133856.0,2.0,17949.0,12.97,672.0,60,Mortgage,Education,Bachelor,Married,0
106787,26,63075.0,23.0,5818.0,5.14,648.0,36,Mortgage,Debt_Consolidation,Bachelor,Divorced,0
106788,55,92352.0,28.0,18378.0,4.0,789.0,36,Own,Education,Bachelor,Single,0
106789,54,47378.0,10.0,17453.0,17.69,709.0,60,Rent,Debt_Consolidation,High_School,Married,0
106790,51,85628.0,5.0,9955.0,9.49,665.0,72,Mortgage,Debt_Consolidation,Bachelor,Married,0
106791,47,,13.0,14811.0,10.53,700.0,36,Own,Debt_Consolidation,PhD,Married,0
106792,49,45801.0,22.0,16128.0,9.93,698.0,60,Rent,Debt_Consolidation,Bachelor,Single,0
106793,47,47363.0,2.0,10906.0,9.64,738.0,60,Own,Business,High_School,Married,0
106794,30,55822.0,18.0,16687.0,8.5,738.0,60,Own,Home_Improvement,Master,Single,0
106795,49,25390.0,13.0,22660.0,4.0,652.0,36,Rent,Debt_Consolidation,Master,Single,0
106796,28,42128.0,20.0,26806.0,13.08,675.0,36,Rent,Business,Bachelor,Married,1
106797,23,50475.0,27.0,19544.0,17.58,793.0,48,Rent,Home_Improvement,Bachelor,Divorced,0
106798,27,54339.0,4.0,12671.0,8.32,690.0,36,Rent,Debt_Consolidation,Bachelor,Single,1
106799,63,33565.0,12.0,11520.0,11.3,728.0,36,Mortgage,Education,Bachelor,Divorced,0
106800,48,58037.0,12.0,13200.0,6.9,803.0,36,Rent,Medical,Bachelor,Single,0
106801,47,100263.0,8.0,16314.0,11.95,713.0,60,Own,Debt_Consolidation,Bachelor,Married,1
106802,44,72832.0,9.0,17425.0,10.91,751.0,60,Rent,Education,Bachelor,Single,1
106803,64,61640.0,13.0,34169.0,10.37,690.0,72,Mortgage,Debt_Consolidation,PhD,Married,0
106804,63,93870.0,1.0,30683.0,9.1,684.0,48,Own,Debt_Consolidation,High_School,Married,0
106805,31,49533.0,17.0,13373.0,10.85,673.0,48,Rent,Home_Improvement,Bachelor,Divorced,1
106806,25,53354.0,1.0,23713.0,12.12,711.0,36,Rent,Debt_Consolidation,Bachelor,Married,0
106807,45,94767.0,2.0,2000.0,7.05,714.0,60,Own,Debt_Consolidation,Bachelor,Married,0
106808,59,56247.0,27.0,11992.0,12.01,777.0,60,Rent,Debt_Consolidation,Master,Divorced,0
106809,47,58268.0,5.0,32378.0,14.18,651.0,60,Mortgage,Home_Improvement,Bachelor,Married,1
106810,27,11959.0,22.0,21678.0,8.66,697.0,36,Rent,Home_Improvement,Bachelor,Single,0
106811,61,63428.0,6.0,5040.0,8.65,821.0,60,Rent,Education,Bachelor,Married,1
106812,37,57267.0,19.0,16419.0,12.54,709.0,36,Rent,Business,Bachelor,Single,0
106813,64,55130.0,8.0,2000.0,8.75,666.0,60,Rent,Medical,Master,Divorced,0
106814,36,101824.0,12.0,10898.0,9.56,681.0,60,Rent,Education,High_School,Married,0
106815,24,84595.0,6.0,19163.0,7.81,740.0,60,Mortgage,Education,Bachelor,Married,0
106816,31,52765.0,6.0,15477.0,8.38,717.0,36,Mortgage,Education,High_School,Single,0
106817,48,46178.0,23.0,32821.0,8.03,748.0,36,Mortgage,Medical,Bachelor,Married,0
106818,22,65749.0,11.0,19459.0,8.24,733.0,60,,Debt_Consolidation,Bachelor,Single,0
106819,60,74890.0,27.0,17041.0,9.97,690.0,48,Mortgage,Home_Improvement,Master,Married,0
106820,58,126110.0,28.0,27752.0,13.28,740.0,36,Rent,Debt_Consolidation,High_School,Married,0
106821,33,72456.0,17.0,24045.0,9.0,641.0,72,Rent,Debt_Consolidation,High_School,Single,1
106822,34,84009.0,14.0,13195.0,16.38,751.0,36,Rent,Education,Bachelor,Single,0
106823,38,42751.0,20.0,22464.0,9.25,696.0,36,Own,Home_Improvement,,Single,0
106824,37,41367.0,12.0,19248.0,12.17,766.0,36,Mortgage,Debt_Consolidation,PhD,Married,0
106825,65,116144.0,25.0,9654.0,9.75,719.0,60,Rent,Debt_Consolidation,Bachelor,Married,1
106826,52,49805.0,21.0,12328.0,9.63,681.0,36,Rent,Business,Bachelor,Married,1
106827,57,34936.0,27.0,25025.0,9.71,,60,Rent,Debt_Consolidation,Bachelor,Married,0
106828,56,36330.0,30.0,22755.0,10.37,736.0,36,Rent,Debt_Consolidation,Master,Divorced,1
106829,46,35634.0,14.0,16013.0,16.35,604.0,36,Rent,Debt_Consolidation,Bachelor,Divorced,1
106830,39,87316.0,22.0,14667.0,8.27,653.0,60,Rent,Home_Improvement,Master,Single,0
106831,34,63213.0,1.0,14916.0,14.67,660.0,36,Rent,Debt_Consolidation,Bachelor,Divorced,0
106832,49,102087.0,5.0,8968.0,15.85,676.0,60,Rent,Debt_Consolidation,Bachelor,Married,0
106833,35,49905.0,15.0,25576.0,10.47,589.0,60,Rent,Home_Improvement,High_School,Married,1
106834,64,36414.0,13.0,2000.0,9.19,667.0,60,Mortgage,Debt_Consolidation,Bachelor,Single,0
106835,51,73758.0,18.0,27398.0,12.83,619.0,60,Rent,Debt_Consolidation,High_School,Single,1
106836,21,79058.0,19.0,5315.0,18.04,606.0,48,Own,Debt_Consolidation,Bachelor,Single,0
106837,25,69856.0,20.0,5926.0,9.82,648.0,36,Mortgage,Education,PhD,Married,0
106838,21,110562.0,25.0,35106.0,6.58,639.0,60,Rent,Business,High_School,Single,0
106839,61,57278.0,22.0,11962.0,12.39,711.0,36,Mortgage,Debt_Consolidation,Bachelor,Divorced,0
106840,31,57837.0,27.0,19174.0,12.03,750.0,72,Mortgage,Medical,High_School,Married,0
106841,34,96311.0,18.0,20344.0,14.07,621.0,60,Rent,Home_Improvement,Bachelor,Married,1
106842,65,33157.0,19.0,33286.0,15.0,638.0,48,Mortgage,Education,High_School,Single,1
106843,46,82733.0,27.0,26360.0,8.88,681.0,60,Rent,Education,High_School,Married,0
106844,23,100042.0,7.0,9866.0,9.86,575.0,60,Rent,Debt_Consolidation,Master,Single,1
106845,59,51733.0,25.0,23229.0,16.14,642.0,60,Rent,Debt_Consolidation,Master,Married,1
106846,43,49454.0,3.0,18182.0,13.56,637.0,60,Rent,Medical,High_School,Married,1
106847,21,49906.0,30.0,11779.0,9.65,658.0,36,Rent,Home_Improvement,Bachelor,Married,1
106848,45,41776.0,17.0,26402.0,7.91,658.0,48,Own,Debt_Consolidation,Master,Single,1
106849,53,58597.0,12.0,17415.0,12.66,807.0,48,Rent,Medical,Bachelor,Divorced,0
106850,40,59461.0,12.0,3336.0,13.67,764.0,36,Mortgage,Home_Improvement,High_School,Single,0
106851,61,164163.0,27.0,20315.0,7.93,640.0,36,Mortgage,Business,Bachelor,Married,0
106852,39,56883.0,8.0,19074.0,12.01,747.0,60,Mortgage,Medical,Master,Married,0
106853,52,75938.0,19.0,22079.0,13.74,727.0,36,Rent,Home_Improvement,Master,Married,0
106854,52,115370.0,15.0,26594.0,10.97,752.0,36,Rent,Business,High_School,Single,1
106855,57,45235.0,28.0,7703.0,13.27,694.0,36,Rent,Debt_Consolidation,Bachelor,Married,0
106856,63,72318.0,16.0,13374.0,16.01,723.0,60,Mortgage,Debt_Consolidation,Bachelor,Married,0
106857,64,48976.0,2.0,2805.0,5.36,677.0,60,Mortgage,Debt_Consolidation,Master,Single,0
106858,24,224414.0,15.0,4993.0,7.6,637.0,60,Rent,Education,Master,Married,0
106859,38,183782.0,17.0,11189.0,9.07,642.0,60,Rent,Debt_Consolidation,High_School,Divorced,0
106860,39,33778.0,7.0,30651.0,13.21,847.0,60,Mortgage,Debt_Consolidation,High_School,Married,0
106861,38,46969.0,21.0,19003.0,12.8,718.0,36,Mortgage,Education,Bachelor,Single,0
106862,48,34577.0,14.0,27584.0,13.72,724.0,60,Mortgage,Home_Improvement,Bachelor,Married,1
106863,49,52539.0,21.0,30581.0,7.45,721.0,72,Rent,Debt_Consolidation,PhD,Single,0
106864,32,23608.0,29.0,25275.0,8.99,734.0,48,Mortgage,Debt_Consolidation,Master,Single,0
106865,49,128536.0,19.0,14508.0,11.16,699.0,60,Rent,Debt_Consolidation,High_School,Married,0
106866,51,71847.0,22.0,17934.0,13.56,580.0,36,Own,Medical,PhD,Divorced,0
106867,42,157906.0,14.0,10725.0,6.81,640.0,60,Mortgage,Home_Improvement,Master,Single,0
106868,52,70324.0,2.0,35743.0,11.1,693.0,60,Rent,Medical,Bachelor,Single,0
106869,26,79964.0,16.0,15794.0,14.06,684.0,60,Rent,Education,Bachelor,Single,0
106870,52,58336.0,29.0,17400.0,14.61,747.0,36,Rent,Debt_Consolidation,Master,Divorced,0
106871,50,61163.0,10.0,20625.0,15.03,708.0,60,Rent,Business,High_School,Single,1
106872,61,77878.0,7.0,39123.0,6.9,689.0,48,Rent,Home_Improvement,Bachelor,Married,1
106873,60,53065.0,,22571.0,9.42,675.0,60,Rent,Business,Master,Divorced,1
106874,31,74508.0,26.0,9828.0,9.5,667.0,60,Rent,Debt_Consolidation,Bachelor,Married,0
106875,37,29148.0,13.0,22073.0,9.51,654.0,36,Own,Medical,Master,Married,0
106876,29,95280.0,1.0,9627.0,11.08,734.0,48,Own,Debt_Consolidation,Master,Single,0
106877,45,76203.0,17.0,21417.0,11.02,728.0,60,Mortgage,Debt_Consolidation,High_School,Single,1
106878,57,48631.0,25.0,4612.0,11.16,622.0,72,Rent,Home_Improvement,High_School,Single,1
106879,56,96505.0,15.0,20069.0,8.35,747.0,60,Mortgage,Home_Improvement,High_School,Single,0
106880,53,59384.0,26.0,20989.0,9.53,594.0,48,Own,Education,High_School,Single,1
106881,41,45164.0,21.0,30460.0,13.95,690.0,36,Mortgage,Debt_Consolidation,PhD,Single,1
106882,29,84120.0,17.0,9991.0,9.98,731.0,36,Mortgage,Business,Bachelor,Married,0
106883,49,88248.0,23.0,2000.0,8.73,666.0,48,Rent,Education,Bachelor,Divorced,0
106884,46,69248.0,7.0,16329.0,9.4,768.0,36,Mortgage,,Bachelor,Single,0
106885,38,47426.0,17.0,19738.0,7.61,721.0,36,Mortgage,Debt_Consolidation,Bachelor,Single,1
106886,48,54109.0,26.0,27703.0,9.14,675.0,48,Rent,Debt_Consolidation,Master,Married,1
106887,63,44796.0,21.0,2000.0,10.27,644.0,36,Rent,Home_Improvement,Master,Married,0
106888,50,60981.0,5.0,2000.0,9.96,706.0,36,Mortgage,Debt_Consolidation,Master,Married,0
106889,23,64426.0,1.0,17604.0,10.29,627.0,48,Rent,Home_Improvement,High_School,Single,0
106890,61,31817.0,6.0,26243.0,10.95,677.0,36,Mortgage,Debt_Consolidation,High_School,Married,1
106891,23,79845.0,19.0,24483.0,10.72,644.0,60,Mortgage,Home_Improvement,Bachelor,Single,0
106892,39,49299.0,4.0,7827.0,5.42,740.0,36,Rent,Education,High_School,Divorced,0
106893,57,56356.0,2.0,24172.0,10.0,645.0,60,Rent,Home_Improvement,Bachelor,Married,1
106894,39,49218.0,18.0,25603.0,9.55,713.0,36,Mortgage,Debt_Consolidation,PhD,Married,0
106895,29,58317.0,23.0,16973.0,7.86,667.0,36,Mortgage,Debt_Consolidation,Bachelor,Married,0
106896,26,45017.0,3.0,17474.0,4.33,618.0,60,Mortgage,Debt_Consolidation,PhD,Married,0
106897,22,65815.0,11.0,19155.0,11.99,675.0,36,Rent,Home_Improvement,,Single,0
106898,30,37264.0,8.0,25185.0,16.4,677.0,60,Mortgage,Home_Improvement,High_School,Single,1
106899,23,106549.0,14.0,12401.0,8.4,712.0,48,Mortgage,Home_Improvement,High_School,Single,0
106900,39,194164.0,9.0,23712.0,10.97,701.0,48,Own,Debt_Consolidation,Master,Married,0
106901,61,47468.0,23.0,10296.0,15.61,614.0,36,Rent,Education,Bachelor,Single,0
106902,23,150623.0,28.0,21579.0,8.57,674.0,36,Own,Home_Improvement,Bachelor,Single,0
106903,43,34389.0,22.0,16848.0,4.0,661.0,48,Rent,Education,Bachelor,Single,0
106904,44,84731.0,15.0,14526.0,9.94,685.0,48,Mortgage,,High_School,Single,0
106905,52,52078.0,23.0,20191.0,7.33,589.0,48,Rent,Home_Improvement,Bachelor,Married,1
106906,36,68456.0,19.0,25977.0,8.69,718.0,36,Rent,Education,High_School,Single,0
106907,59,80781.0,3.0,4560.0,13.09,729.0,48,Rent,Business,PhD,Single,0
106908,43,56822.0,9.0,13143.0,10.43,649.0,36,,Business,Bachelor,Married,1
106909,37,116541.0,8.0,13260.0,14.28,618.0,60,Mortgage,Debt_Consolidation,High_School,Single,0
106910,23,120672.0,28.0,28730.0,14.45,683.0,72,Rent,Education,High_School,Married,1
106911,58,56875.0,20.0,9845.0,12.66,707.0,48,Mortgage,Debt_Consolidation,High_School,Single,1
106912,38,52490.0,10.0,22170.0,11.74,629.0,36,Rent,Debt_Consolidation,High_School,Single,0
106913,37,153604.0,27.0,9454.0,12.15,738.0,36,Rent,Debt_Consolidation,High_School,Married,0
106914,57,40246.0,20.0,5797.0,12.57,724.0,60,Mortgage,Home_Improvement,High_School,Single,0
106915,51,43824.0,13.0,19567.0,4.0,572.0,36,Rent,Medical,Master,Single,0
106916,36,72790.0,2.0,12296.0,9.89,635.0,36,Rent,Medical,High_School,Married,0
106917,51,47060.0,20.0,29797.0,7.44,715.0,36,Own,Debt_Consolidation,Bachelor,Divorced,0
106918,21,37226.0,4.0,29784.0,10.77,638.0,48,Mortgage,Home_Improvement,High_School,Single,1
106919,56,101357.0,22.0,10333.0,8.76,668.0,36,Mortgage,Medical,Bachelor,Married,0
106920,30,81342.0,1.0,30135.0,7.95,664.0,60,Mortgage,Debt_Consolidation,High_School,Married,1
106921,22,41316.0,10.0,7560.0,5.48,793.0,48,Rent,Business,PhD,Married,0
106922,27,74274.0,17.0,15491.0,9.13,776.0,60,Mortgage,Debt_Consolidation,Master,Single,0
106923,29,38286.0,16.0,24602.0,12.53,736.0,72,Rent,Debt_Consolidation,Master,Single,0
106924,54,29955.0,30.0,4955.0,17.3,685.0,36,Mortgage,Home_Improvement,Master,Single,0
106925,54,30784.0,5.0,25532.0,10.59,662.0,72,Rent,Education,Bachelor,Married,1
106926,55,135921.0,21.0,25093.0,7.92,680.0,60,Own,Home_Improvement,Bachelor,Single,0
106927,23,80938.0,11.0,2000.0,16.63,782.0,36,Rent,Home_Improvement,High_School,Divorced,0
106928,40,61348.0,28.0,29586.0,9.19,675.0,36,Mortgage,Debt_Consolidation,Bachelor,Single,0
106929,39,132882.0,12.0,15140.0,9.31,690.0,48,Rent,Debt_Consolidation,High_School,Single,0
106930,43,47600.0,3.0,11238.0,7.56,735.0,60,Rent,Education,Bachelor,Married,0
106931,57,56708.0,0.0,22430.0,8.72,577.0,48,Rent,Home_Improvement,Master,Married,0
106932,49,52007.0,7.0,17756.0,16.01,707.0,60,Mortgage,Debt_Consolidation,Master,Divorced,1
106933,26,120595.0,15.0,25733.0,8.49,647.0,48,Rent,Debt_Consolidation,High_School,Married,0
106934,33,66646.0,27.0,22145.0,13.8,649.0,60,Rent,Education,Bachelor,Single,0
106935,43,94187.0,8.0,29211.0,13.69,809.0,60,Rent,Business,PhD,Married,1
106936,64,68539.0,0.0,10987.0,14.11,674.0,60,Rent,Education,High_School,Single,0
106937,39,53651.0,30.0,16739.0,15.04,680.0,60,Mortgage,Debt_Consolidation,Master,Married,0
106938,49,197556.0,14.0,19589.0,15.83,674.0,36,Rent,Business,Bachelor,Married,0
106939,27,65297.0,19.0,10328.0,11.74,705.0,60,Mortgage,Debt_Consolidation,Bachelor,Divorced,1
106940,41,52294.0,13.0,17629.0,5.62,644.0,36,Rent,Debt_Consolidation,Bachelor,Married,0
106941,34,71989.0,26.0,10790.0,10.49,824.0,36,Rent,Business,Master,Divorced,0
106942,39,72838.0,15.0,5054.0,16.21,714.0,60,Mortgage,Debt_Consolidation,Bachelor,Single,0
106943,21,103280.0,12.0,28484.0,5.46,687.0,36,Rent,Business,Bachelor,Divorced,0
106944,40,94502.0,20.0,27861.0,12.47,720.0,36,Mortgage,Debt_Consolidation,Bachelor,Married,0
106945,21,107612.0,5.0,32049.0,9.85,713.0,60,Rent,Debt_Consolidation,High_School,Married,1
106946,54,119027.0,11.0,29283.0,4.87,671.0,60,Mortgage,Debt_Consolidation,Bachelor,Single,0
106947,63,41008.0,18.0,23127.0,9.8,,36,Own,Debt_Consolidation,Bachelor,Single,0
106948,46,47990.0,1.0,26744.0,7.3,753.0,36,Rent,Medical,High_School,Married,0
106949,45,35086.0,0.0,19709.0,8.68,640.0,60,Rent,Debt_Consolidation,Master,Married,1
106950,28,116238.0,24.0,10984.0,12.3,712.0,36,Own,Debt_Consolidation,Bachelor,Single,0
106951,40,61559.0,1.0,15680.0,10.23,616.0,36,Rent,Education,PhD,Married,1
106952,60,255432.0,16.0,35120.0,12.98,717.0,60,Rent,Business,Bachelor,Married,0
106953,60,118862.0,1.0,19690.0,13.72,681.0,60,Rent,Debt_Consolidation,Bachelor,Single,0
106954,49,93578.0,24.0,30624.0,9.8,734.0,48,Mortgage,Education,Master,Married,0
106955,51,69163.0,11.0,11283.0,14.9,752.0,36,Mortgage,Education,Bachelor,Married,0
106956,27,103687.0,11.0,18026.0,11.67,643.0,60,Own,Debt_Consolidation,Bachelor,Married,1
106957,45,63906.0,5.0,12317.0,10.38,704.0,36,Mortgage,Home_Improvement,High_School,Married,0
106958,65,69156.0,13.0,19758.0,4.0,706.0,60,Mortgage,Medical,Bachelor,Single,0
106959,29,56773.0,14.0,9441.0,14.18,646.0,60,Mortgage,Business,High_School,Married,0
106960,25,41457.0,5.0,9948.0,5.78,640.0,60,Rent,Debt_Consolidation,Bachelor,Married,1
106961,47,111247.0,14.0,17096.0,7.9,775.0,60,Mortgage,Debt_Consolidation,Bachelor,Married,0
106962,58,151519.0,0.0,3673.0,,746.0,60,Own,Debt_Consolidation,Bachelor,Single,0
106963,63,49188.0,26.0,22451.0,4.0,696.0,36,Rent,Medical,Bachelor,Married,0
106964,27,86198.0,15.0,14638.0,14.11,671.0,60,Rent,Business,Bachelor,Divorced,0
106965,29,41811.0,6.0,22732.0,9.93,675.0,48,Rent,Medical,Master,Married,1
106966,50,83413.0,17.0,31825.0,13.88,672.0,36,Mortgage,Debt_Consolidation,Bachelor,Divorced,1
106967,53,66073.0,29.0,6364.0,8.83,715.0,48,Rent,Business,High_School,Single,0
106968,35,58552.0,13.0,25440.0,6.74,727.0,48,Own,,Bachelor,Single,0
106969,42,51935.0,27.0,13689.0,12.31,670.0,48,Own,Debt_Consolidation,PhD,Single,0
106970,22,59721.0,30.0,17687.0,14.43,715.0,36,Rent,Home_Improvement,Bachelor,Married,1
106971,61,37305.0,30.0,18129.0,9.63,594.0,72,Rent,Home_Improvement,Bachelor,Single,0
106972,54,74572.0,30.0,14205.0,7.0,541.0,72,Rent,Home_Improvement,Bachelor,Married,0
106973,35,71128.0,13.0,34352.0,14.09,656.0,60,Rent,Debt_Consolidation,Bachelor,Single,1
106974,25,48721.0,30.0,11637.0,12.14,736.0,60,Mortgage,Education,High_School,Married,0
106975,53,80699.0,1.0,17244.0,10.98,702.0,36,Mortgage,Medical,Bachelor,Married,0
106976,23,48219.0,8.0,32968.0,10.28,651.0,36,Mortgage,Medical,Master,Single,0
106977,33,57997.0,19.0,14945.0,15.2,606.0,60,Rent,Debt_Consolidation,PhD,Divorced,1
106978,26,98907.0,30.0,31248.0,9.32,758.0,60,Mortgage,Debt_Consolidation,Master,Single,0
106979,37,79824.0,12.0,2000.0,12.73,749.0,60,Mortgage,Debt_Consolidation,High_School,Single,0
106980,33,91988.0,19.0,8311.0,7.86,759.0,36,Rent,Debt_Consolidation,Bachelor,Married,0
106981,64,31234.0,3.0,26280.0,8.74,705.0,36,Rent,Home_Improvement,PhD,Married,0
106982,32,39197.0,27.0,8818.0,12.75,716.0,60,Rent,Debt_Consolidation,Bachelor,Married,0
106983,34,29390.0,13.0,26114.0,8.54,631.0,36,Own,Debt_Consolidation,High_School,Single,0
106984,61,60302.0,30.0,14945.0,10.32,665.0,36,Mortgage,Education,High_School,Single,1
106985,41,83235.0,26.0,14850.0,8.29,689.0,48,Mortgage,Education,Bachelor,Single,0
106986,28,83985.0,27.0,8586.0,13.36,687.0,36,Own,Medical,Master,Single,0
106987,21,53141.0,14.0,21473.0,17.69,683.0,48,Mortgage,Medical,Master,Married,1
106988,26,55233.0,10.0,14999.0,4.0,644.0,60,Mortgage,Medical,Bachelor,Single,0
106989,42,69337.0,21.0,24618.0,13.96,565.0,60,Own,Debt_Consolidation,Master,Married,0
106990,51,77653.0,13.0,21609.0,9.63,580.0,60,Rent,Medical,High_School,Married,0
106991,60,88186.0,24.0,21398.0,13.8,690.0,60,Rent,Debt_Consolidation,High_School,Married,1
106992,33,52981.0,,16901.0,8.56,669.0,72,Mortgage,Medical,PhD,Single,0
106993,47,86725.0,28.0,19664.0,12.59,789.0,60,Rent,Debt_Consolidation,Bachelor,Single,1
106994,29,84110.0,23.0,15645.0,12.8,680.0,72,Rent,Debt_Consolidation,High_School,Divorced,0
106995,65,79720.0,19.0,16276.0,10.42,787.0,60,Own,Education,Master,Married,0
106996,59,100368.0,30.0,19522.0,13.43,643.0,72,Rent,Education,High_School,Married,1
106997,27,26794.0,7.0,21480.0,12.13,757.0,48,Rent,Debt_Consolidation,Master,Single,1
106998,21,30543.0,20.0,6042.0,13.21,653.0,36,Own,Education,Master,Single,0
106999,31,30003.0,20.0,20660.0,13.22,770.0,48,Own,Business,Master,Single,0
107000,39,73067.0,2.0,12949.0,12.84,674.0,36,Rent,Debt_Consolidation,High_School,Married,0
107001,48,36097.0,19.0,14473.0,7.6,679.0,72,Own,Business,Bachelor,Married,0
107002,29,92335.0,17.0,24870.0,8.09,665.0,60,Rent,Debt_Consolidation,Bachelor,Married,0
107003,42,121059.0,30.0,18820.0,16.57,587.0,72,Mortgage,Debt_Consolidation,Bachelor,Single,1
107004,31,60315.0,1.0,10342.0,9.24,668.0,48,Rent,Debt_Consolidation,Bachelor,Married,0
107005,58,40704.0,9.0,25349.0,9.87,720.0,36,Mortgage,Education,Bachelor,Divorced,0
107006,47,49427.0,4.0,16067.0,10.16,607.0,36,Own,Home_Improvement,Bachelor,Divorced,0
107007,52,70130.0,11.0,15040.0,12.86,662.0,36,Mortgage,Debt_Consolidation,Bachelor,Single,0
107008,62,120054.0,1.0,32927.0,9.94,712.0,60,Mortgage,Education,Bachelor,Married,1
107009,58,95430.0,13.0,16376.0,15.15,,48,Rent,Medical,Bachelor,Single,0
107010,51,73513.0,7.0,9092.0,18.26,699.0,36,Rent,Debt_Consolidation,Bachelor,Married,0
107011,21,42827.0,3.0,17027.0,13.63,642.0,48,Own,Debt_Consolidation,High_School,Single,0
107012,38,63512.0,2.0,17122.0,13.55,701.0,72,Rent,Debt_Consolidation,Master,Married,1
107013,39,45268.0,14.0,29458.0,11.55,677.0,48,Rent,Debt_Consolidation,High_School,Married,1
107014,23,39142.0,9.0,13207.0,12.16,640.0,48,Mortgage,Business,High_School,Married,0
107015,60,86852.0,3.0,10125.0,13.86,742.0,48,Mortgage,Home_Improvement,High_School,Divorced,0
107016,47,101689.0,5.0,13294.0,12.11,700.0,36,Rent,Debt_Consolidation,High_School,Married,0
107017,24,54654.0,30.0,8352.0,12.25,754.0,48,Rent,Home_Improvement,High_School,Single,0
107018,53,32633.0,29.0,14451.0,9.13,743.0,36,Mortgage,Home_Improvement,Bachelor,Married,0
107019,49,86863.0,13.0,25848.0,10.54,723.0,72,Rent,Debt_Consolidation,Master,Single,1
107020,54,58484.0,16.0,22356.0,10.36,765.0,60,,Debt_Consolidation,High_School,Single,1
107021,58,68678.0,10.0,14041.0,14.53,708.0,36,Mortgage,Business,Bachelor,Married,0
107022,64,84666.0,25.0,19124.0,10.6,696.0,60,Mortgage,Medical,High_School,Married,0
107023,24,61604.0,16.0,34042.0,8.14,681.0,48,Mortgage,Debt_Consolidation,Bachelor,Married,1
107024,64,60942.0,3.0,17775.0,9.77,602.0,48,Rent,Debt_Consolidation,Bachelor,Single,1
107025,36,95013.0,0.0,22858.0,15.36,742.0,48,Mortgage,Home_Improvement,High_School,Married,1
107026,59,72586.0,6.0,11169.0,10.58,707.0,36,Rent,Debt_Consolidation,Bachelor,Married,0
107027,27,76321.0,7.0,7062.0,13.5,677.0,60,Rent,Business,Master,Single,0
107028,47,54545.0,0.0,24758.0,16.39,692.0,60,Rent,Debt_Consolidation,Bachelor,Married,1
107029,22,97401.0,6.0,16347.0,6.22,712.0,72,Mortgage,Medical,Master,Single,0
107030,40,58254.0,10.0,25879.0,10.35,751.0,60,Rent,Business,Master,Single,1
107031,26,70122.0,21.0,9082.0,12.17,626.0,48,Mortgage,Home_Improvement,Bachelor,Married,0
107032,36,65142.0,1.0,16226.0,10.66,748.0,48,Own,Business,High_School,Married,0
107033,54,233446.0,12.0,26403.0,8.3,684.0,60,Rent,Home_Improvement,High_School,Married,0
107034,24,91412.0,4.0,17766.0,11.42,707.0,60,Mortgage,Home_Improvement,Bachelor,Single,1
107035,30,49316.0,6.0,10707.0,5.09,779.0,72,Mortgage,Medical,Master,Single,0
107036,59,73613.0,4.0,7625.0,7.67,627.0,60,Rent,Debt_Consolidation,PhD,Divorced,0
107037,48,44621.0,16.0,10748.0,13.95,704.0,60,Rent,Debt_Consolidation,Bachelor,Married,0
107038,25,107340.0,30.0,9796.0,13.66,655.0,36,Rent,Home_Improvement,Bachelor,Single,0
107039,59,78451.0,2.0,16182.0,8.94,717.0,36,Rent,Debt_Consolidation,Master,Single,0
107040,38,52229.0,12.0,33807.0,9.26,624.0,72,Mortgage,Medical,High_School,Married,1
107041,26,90179.0,10.0,13596.0,14.61,678.0,72,Own,Debt_Consolidation,Master,Single,0
107042,29,71744.0,10.0,11073.0,,702.0,60,Own,Debt_Consolidation,Bachelor,Single,0
107043,35,70046.0,27.0,18641.0,13.11,657.0,60,Mortgage,Debt_Consolidation,Bachelor,Divorced,0
107044,51,108283.0,18.0,8648.0,4.16,794.0,60,Rent,Business,Bachelor,Married,0
107045,22,88586.0,24.0,21838.0,16.79,724.0,48,Own,Education,Bachelor,Single,0
107046,37,127924.0,17.0,33090.0,8.52,615.0,36,Rent,Debt_Consolidation,Bachelor,Divorced,1
107047,56,114736.0,7.0,24567.0,,793.0,36,Own,Debt_Consolidation,Bachelor,Divorced,0
107048,49,78888.0,4.0,22524.0,17.97,620.0,36,Rent,Home_Improvement,Bachelor,Single,1
107049,61,98469.0,16.0,7971.0,4.0,704.0,36,Mortgage,Debt_Consolidation,Bachelor,Single,0
107050,34,40410.0,16.0,16970.0,8.58,713.0,60,Mortgage,Business,Bachelor,Married,0
107051,22,59177.0,8.0,24845.0,13.25,678.0,48,Mortgage,Medical,Master,Divorced,1
107052,44,78689.0,18.0,22699.0,5.92,670.0,36,Mortgage,Debt_Consolidation,High_School,Married,1
107053,29,57111.0,18.0,10679.0,11.4,612.0,36,Mortgage,Debt_Consolidation,Master,Divorced,0
107054,49,76628.0,18.0,15860.0,11.27,594.0,48,Rent,Debt_Consolidation,High_School,Single,0
107055,25,41005.0,12.0,23983.0,6.04,682.0,36,Own,Education,Bachelor,Married,0
107056,24,162087.0,14.0,14790.0,7.92,741.0,60,Own,Debt_Consolidation,Master,Married,0
107057,48,76542.0,10.0,6122.0,5.83,737.0,48,Own,Home_Improvement,Bachelor,Single,0
107058,47,106585.0,23.0,16800.0,17.51,696.0,36,Rent,Debt_Consolidation,Bachelor,Divorced,0
107059,27,26170.0,13.0,21393.0,7.05,629.0,48,Rent,Debt_Consolidation,Bachelor,Single,0
107060,24,46955.0,22.0,26379.0,13.65,708.0,48,Mortgage,Debt_Consolidation,Bachelor,Married,1
107061,50,30343.0,30.0,17006.0,9.36,758.0,60,Rent,Medical,High_School,Single,0
107062,60,58305.0,8.0,15443.0,13.19,630.0,48,Mortgage,Home_Improvement,Bachelor,Married,0
107063,47,43816.0,20.0,21493.0,15.09,673.0,60,Rent,Debt_Consolidation,High_School,Married,0
107064,61,100065.0,0.0,28010.0,12.91,715.0,60,Rent,Medical,PhD,Single,0
107065,21,60506.0,11.0,17062.0,12.49,698.0,60,Own,Home_Improvement,Bachelor,Divorced,1
107066,30,116230.0,3.0,11027.0,12.65,746.0,48,Mortgage,Business,High_School,Married,0
107067,46,54001.0,16.0,18473.0,8.6,687.0,60,Rent,Business,Master,Single,1
107068,42,109226.0,24.0,13286.0,14.64,621.0,36,Mortgage,Education,Master,Married,1
107069,35,89430.0,20.0,17441.0,11.38,666.0,36,Mortgage,Education,Master,Single,0
107070,56,195098.0,19.0,12146.0,8.05,712.0,36,Own,Business,Bachelor,Married,0
107071,62,127456.0,25.0,26910.0,7.69,676.0,60,Mortgage,Business,High_School,Divorced,0
107072,47,66996.0,27.0,15812.0,9.25,646.0,36,Mortgage,Business,High_School,Married,1
107073,34,56307.0,0.0,3301.0,6.44,703.0,36,Mortgage,Medical,Bachelor,Single,0
107074,41,158021.0,13.0,24787.0,,629.0,48,Mortgage,Debt_Consolidation,High_School,Divorced,1
107075,21,89587.0,5.0,45598.0,6.43,748.0,36,Rent,Debt_Consolidation,Bachelor,Single,1
107076,37,48438.0,21.0,20589.0,15.83,698.0,36,Mortgage,Debt_Consolidation,Master,Married,0
107077,55,27749.0,14.0,29242.0,15.05,653.0,60,Mortgage,Debt_Consolidation,Bachelor,Married,1
107078,47,30472.0,8.0,5711.0,15.35,628.0,60,Mortgage,Home_Improvement,Bachelor,Married,0
107079,30,111768.0,23.0,25245.0,8.61,742.0,48,Mortgage,Education,Bachelor,Married,0
107080,31,91620.0,17.0,24494.0,12.03,653.0,48,Mortgage,Business,Bachelor,Single,0
107081,28,57888.0,22.0,33815.0,14.5,717.0,36,Mortgage,Business,Bachelor,Married,1
107082,26,74426.0,3.0,20564.0,10.1,507.0,36,Rent,Home_Improvement,PhD,Single,0
107083,49,100903.0,15.0,25478.0,8.76,749.0,48,Rent,Medical,Bachelor,Single,1
107084,38,51823.0,5.0,13295.0,12.31,701.0,36,Mortgage,Medical,Bachelor,Single,0
107085,47,78434.0,10.0,18422.0,9.92,705.0,60,Mortgage,Business,Bachelor,Married,1
107086,52,30338.0,18.0,20864.0,11.56,743.0,72,Own,Debt_Consolidation,PhD,Married,0
107087,65,38738.0,14.0,15988.0,7.7,694.0,60,Own,Debt_Consolidation,Bachelor,Married,1
107088,39,128381.0,17.0,24737.0,17.74,805.0,60,Rent,Debt_Consolidation,Master,Single,1
107089,52,,3.0,34834.0,6.15,615.0,48,Mortgage,Debt_Consolidation,Bachelor,Married,1
107090,53,136062.0,7.0,37239.0,7.39,790.0,36,Mortgage,Home_Improvement,High_School,Married,1
107091,55,99445.0,0.0,30645.0,7.73,642.0,60,Mortgage,Medical,Bachelor,Married,1
107092,63,57175.0,12.0,15930.0,4.22,732.0,36,Rent,Home_Improvement,Bachelor,Married,0
107093,61,63405.0,29.0,2248.0,5.08,692.0,60,Rent,Education,Master,Divorced,0
107094,49,57799.0,1.0,21512.0,6.83,687.0,60,Rent,Business,Bachelor,Married,0
107095,59,25417.0,4.0,15184.0,16.66,680.0,48,Rent,Debt_Consolidation,Bachelor,Divorced,0
107096,52,22309.0,23.0,13681.0,4.51,756.0,60,Mortgage,Home_Improvement,High_School,Divorced,0
107097,61,100636.0,21.0,14362.0,17.53,693.0,60,Rent,Debt_Consolidation,Master,Single,0
107098,44,51914.0,4.0,19567.0,13.5,,36,Rent,Business,Master,Married,1
107099,33,50329.0,4.0,27564.0,7.97,662.0,36,Mortgage,Medical,Bachelor,Single,0
107100,37,68146.0,11.0,14660.0,16.29,647.0,36,Mortgage,Debt_Consolidation,Bachelor,Married,0
107101,29,67089.0,3.0,22239.0,12.71,,48,Own,Debt_Consolidation,High_School,Single,0
107102,62,38976.0,3.0,12110.0,14.29,714.0,48,Rent,Home_Improvement,High_School,Married,0
107103,32,50439.0,19.0,16384.0,5.28,735.0,60,Rent,Debt_Consolidation,Master,Divorced,0
107104,46,39047.0,2.0,39561.0,5.51,644.0,36,Own,Debt_Consolidation,High_School,Married,1
107105,54,84684.0,0.0,27005.0,9.07,697.0,48,Own,Debt_Consolidation,High_School,Married,0
107106,45,90551.0,10.0,24473.0,11.01,643.0,36,Mortgage,Medical,Bachelor,Divorced,1
107107,63,27916.0,24.0,22644.0,15.25,703.0,60,,Home_Improvement,Master,Married,1
107108,21,21368.0,10.0,35321.0,11.71,714.0,36,Mortgage,Business,Bachelor,Married,1
107109,23,43075.0,28.0,13065.0,12.1,616.0,72,Rent,Education,Master,Single,0
107110,51,81747.0,7.0,18512.0,11.87,590.0,60,Mortgage,Debt_Consolidation,Bachelor,Single,0
107111,64,103436.0,24.0,28770.0,7.17,623.0,36,Rent,Debt_Consolidation,Bachelor,Married,0
107112,26,140202.0,15.0,9903.0,19.63,578.0,48,Mortgage,Education,Master,Single,0
107113,51,55963.0,14.0,22617.0,8.26,664.0,60,Rent,Home_Improvement,Bachelor,Single,0
107114,38,46632.0,18.0,22443.0,14.77,713.0,60,Rent,Business,High_School,Single,1
107115,49,90353.0,3.0,19013.0,14.17,795.0,60,Own,Debt_Consolidation,High_School,Married,0
107116,35,91431.0,28.0,25856.0,7.74,676.0,48,Rent,Debt_Consolidation,Bachelor,Married,1
107117,52,91636.0,6.0,7430.0,10.89,650.0,36,Rent,Debt_Consolidation,Bachelor,Married,1
107118,55,30200.0,12.0,21856.0,9.52,764.0,36,Rent,Debt_Consolidation,Bachelor,Married,0
107119,24,62161.0,20.0,12686.0,15.12,678.0,48,Rent,Home_Improvement,Master,Divorced,0
107120,45,76520.0,20.0,11875.0,10.53,752.0,72,Rent,Business,Master,Married,0
107121,26,133192.0,27.0,25147.0,,701.0,60,Mortgage,Debt_Consolidation,Bachelor,Single,0
107122,43,156469.0,20.0,22938.0,,624.0,60,Own,Business,High_School,Single,0
107123,57,93581.0,17.0,9059.0,11.53,734.0,36,Rent,Debt_Consolidation,High_School,Single,0
107124,58,117794.0,17.0,3430.0,11.84,724.0,60,Rent,Debt_Consolidation,Bachelor,Married,0
107125,61,28507.0,30.0,15609.0,8.09,628.0,48,Rent,Home_Improvement,Bachelor,Single,0
107126,31,67687.0,27.0,27035.0,8.13,762.0,60,Rent,Home_Improvement,Bachelor,Married,1
107127,50,29657.0,17.0,17358.0,9.99,777.0,60,Rent,Debt_Consolidation,Bachelor,Married,0
107128,41,44205.0,17.0,6298.0,13.46,733.0,60,Mortgage,Home_Improvement,High_School,Single,0
107129,54,105937.0,27.0,3872.0,10.0,693.0,36,Own,Debt_Consolidation,Bachelor,Single,0
107130,62,50022.0,22.0,35203.0,16.77,704.0,60,Rent,Debt_Consolidation,Master,Married,1
107131,30,56684.0,24.0,16372.0,8.82,706.0,60,Rent,Debt_Consolidation,Bachelor,Divorced,0
107132,35,48779.0,20.0,24459.0,10.0,713.0,60,Rent,Debt_Consolidation,Master,Single,0
107133,31,62017.0,8.0,32082.0,12.37,685.0,48,Own,Education,Master,Single,1
107134,32,44780.0,0.0,24008.0,8.68,658.0,36,Rent,Home_Improvement,Bachelor,Married,1
107135,48,57118.0,6.0,34272.0,7.76,605.0,36,Rent,Home_Improvement,Master,Married,1
107136,59,81202.0,28.0,18365.0,11.9,614.0,48,Own,Education,High_School,Married,1
107137,51,64214.0,7.0,32472.0,10.28,774.0,60,Mortgage,Home_Improvement,Bachelor,Married,1
107138,40,104385.0,12.0,28165.0,10.88,677.0,48,Rent,Debt_Consolidation,Bachelor,Married,1
107139,49,70574.0,3.0,24295.0,7.12,696.0,60,Rent,Home_Improvement,Bachelor,Single,1
107140,21,85717.0,21.0,15067.0,10.42,708.0,36,Rent,Debt_Consolidation,High_School,Single,0
107141,60,36394.0,5.0,9338.0,9.82,732.0,36,Rent,Debt_Consolidation,Bachelor,Single,0
107142,37,67061.0,29.0,24622.0,4.0,833.0,60,Rent,Debt_Consolidation,High_School,Single,0
107143,41,108350.0,6.0,11259.0,7.08,678.0,36,Rent,Home_Improvement,High_School,Single,0
107144,34,26988.0,27.0,10857.0,9.85,722.0,72,Rent,Debt_Consolidation,High_School,Married,0
107145,26,129105.0,1.0,24818.0,6.16,652.0,36,Mortgage,Medical,High_School,Married,1
107146,39,63215.0,6.0,2000.0,9.62,764.0,48,Mortgage,Debt_Consolidation,High_School,Married,1
107147,53,78350.0,3.0,11109.0,9.88,736.0,60,Rent,Home_Improvement,Bachelor,Married,0
107148,33,48136.0,18.0,29475.0,10.52,654.0,36,Own,Debt_Consolidation,Bachelor,Married,0
107149,24,96603.0,17.0,21668.0,10.27,718.0,60,Mortgage,Debt_Consolidation,Master,Married,0
107150,53,31340.0,30.0,14733.0,11.31,605.0,48,Own,Debt_Consolidation,Bachelor,Married,0
107151,31,29778.0,29.0,25222.0,15.01,684.0,60,Rent,Debt_Consolidation,Bachelor,Single,0
107152,21,99378.0,24.0,13559.0,8.64,767.0,36,Rent,Debt_Consolidation,High_School,Married,0
107153,57,62261.0,6.0,13109.0,7.39,652.0,60,Rent,Debt_Consolidation,High_School,Single,0
107154,58,148293.0,20.0,33547.0,13.11,749.0,72,Mortgage,Debt_Consolidation,Master,Married,1
107155,64,74132.0,27.0,17266.0,12.8,669.0,60,Mortgage,Debt_Consolidation,Master,Married,0
107156,64,56044.0,4.0,5751.0,11.12,736.0,72,Rent,Education,Master,Married,0
107157,21,95464.0,8.0,19569.0,8.52,660.0,48,Mortgage,Home_Improvement,Bachelor,Divorced,0
107158,62,114171.0,17.0,17538.0,6.4,581.0,60,Mortgage,Debt_Consolidation,High_School,Single,1
107159,60,77388.0,16.0,18069.0,5.79,577.0,36,Rent,Home_Improvement,Master,Divorced,1
107160,32,176198.0,1.0,32681.0,10.7,688.0,48,Rent,Debt_Consolidation,Bachelor,Single,0
107161,63,51192.0,20.0,15281.0,5.8,765.0,72,Rent,Home_Improvement,Bachelor,Married,0
107162,50,43919.0,19.0,24769.0,12.38,706.0,60,Mortgage,Education,Bachelor,Married,1
107163,49,68374.0,9.0,19053.0,13.04,628.0,60,Mortgage,Home_Improvement,High_School,Single,0
107164,63,96392.0,18.0,8502.0,7.75,661.0,60,Own,Debt_Consolidation,Bachelor,Divorced,0
107165,63,53960.0,29.0,13560.0,8.69,626.0,36,Mortgage,Education,PhD,Single,0
107166,57,89714.0,22.0,25041.0,11.99,594.0,60,Rent,Home_Improvement,Bachelor,Married,1
107167,32,57403.0,19.0,21743.0,11.99,652.0,36,Own,Debt_Consolidation,High_School,Divorced,0
107168,55,73705.0,25.0,23625.0,12.89,686.0,36,Rent,Debt_Consolidation,Bachelor,Single,1
107169,35,117725.0,25.0,21518.0,12.31,660.0,60,Rent,Debt_Consolidation,Bachelor,Married,0
107170,61,49827.0,18.0,18050.0,4.42,697.0,60,Rent,Medical,Master,Married,0
107171,49,162823.0,9.0,23502.0,16.02,781.0,48,Mortgage,Debt_Consolidation,High_School,Married,0
107172,37,48445.0,9.0,40464.0,13.51,589.0,36,Rent,Debt_Consolidation,Master,Single,1
107173,38,53620.0,14.0,41268.0,7.51,630.0,60,Rent,Home_Improvement,PhD,Single,1
107174,60,50516.0,26.0,31343.0,10.95,803.0,36,Rent,Education,Bachelor,Single,1
107175,27,32208.0,26.0,22951.0,4.0,781.0,60,Rent,Debt_Consolidation,Bachelor,Married,0
107176,51,46471.0,1.0,16534.0,9.97,693.0,36,Mortgage,Education,Bachelor,Single,0
107177,41,106316.0,15.0,9905.0,14.09,739.0,60,Rent,Home_Improvement,Bachelor,Single,0
107178,52,60288.0,4.0,30527.0,8.9,712.0,72,Rent,Home_Improvement,High_School,Single,1
107179,59,23261.0,3.0,14056.0,15.87,698.0,36,Mortgage,Home_Improvement,Master,Single,0
107180,53,115881.0,2.0,32783.0,9.33,654.0,36,Rent,Education,High_School,Single,1
107181,51,32487.0,22.0,2000.0,10.56,655.0,36,Own,Medical,Master,Single,0
107182,31,37989.0,7.0,4989.0,11.81,699.0,48,Rent,Education,High_School,Single,0
107183,50,68507.0,18.0,25180.0,18.13,752.0,48,Rent,Education,Bachelor,Single,1
107184,29,61144.0,0.0,28982.0,5.51,696.0,60,Mortgage,Debt_Consolidation,Bachelor,Married,0
107185,46,62116.0,20.0,27930.0,13.36,659.0,72,Mortgage,Debt_Consolidation,Master,Married,1
107186,43,103130.0,25.0,29403.0,9.17,703.0,72,Rent,Home_Improvement,Master,Married,0
107187,28,58214.0,28.0,32803.0,4.68,797.0,72,Rent,Business,Bachelor,Married,0
107188,31,60041.0,20.0,39925.0,7.22,636.0,36,Mortgage,Education,High_School,Married,1
107189,26,45309.0,27.0,12016.0,12.3,683.0,60,Rent,Debt_Consolidation,High_School,Married,0
107190,65,106858.0,2.0,24602.0,4.28,638.0,36,Mortgage,Home_Improvement,High_School,Married,0
107191,52,49439.0,17.0,28404.0,10.99,643.0,60,Rent,Debt_Consolidation,Bachelor,Divorced,0
107192,50,111261.0,17.0,16965.0,9.71,592.0,36,Own,Debt_Consolidation,Master,Single,0
107193,38,68836.0,14.0,19640.0,8.72,810.0,36,Rent,Education,Master,Married,1
107194,45,34008.0,23.0,19171.0,11.17,695.0,60,Rent,Home_Improvement,Bachelor,Single,0
107195,49,118269.0,28.0,16189.0,13.29,583.0,36,Rent,Debt_Consolidation,Master,Married,0
107196,33,106707.0,18.0,23442.0,15.04,802.0,48,Rent,Education,High_School,Single,1
107197,49,80577.0,9.0,28744.0,11.94,684.0,60,Mortgage,Education,Bachelor,Single,1
107198,44,27982.0,19.0,15693.0,10.41,740.0,60,Own,Debt_Consolidation,High_School,Married,1
107199,31,75151.0,21.0,13070.0,11.03,758.0,60,Own,Business,Master,Married,0
107200,36,101747.0,2.0,22927.0,14.22,726.0,72,Rent,Debt_Consolidation,Master,Divorced,0
107201,34,117344.0,6.0,22304.0,9.67,742.0,36,,Debt_Consolidation,High_School,Married,0
107202,55,135592.0,19.0,19717.0,14.19,698.0,60,Mortgage,Debt_Consolidation,Bachelor,Single,1
107203,38,91035.0,10.0,9449.0,7.49,679.0,60,Rent,Debt_Consolidation,Bachelor,Married,0
107204,56,75204.0,8.0,26557.0,8.7,715.0,60,Own,Debt_Consolidation,Bachelor,Single,1
107205,54,75270.0,15.0,22598.0,11.32,737.0,60,Mortgage,Business,High_School,Divorced,0
107206,39,75151.0,8.0,16987.0,13.55,711.0,60,Mortgage,Debt_Consolidation,Bachelor,Single,0
107207,45,69805.0,11.0,16456.0,9.22,771.0,48,Own,Home_Improvement,High_School,Single,0
107208,44,114684.0,21.0,23190.0,4.0,688.0,36,Mortgage,Debt_Consolidation,Master,Divorced,0
107209,50,63964.0,3.0,25880.0,11.23,685.0,36,Mortgage,Debt_Consolidation,High_School,Married,1
107210,44,108741.0,16.0,26518.0,10.94,712.0,36,Rent,Debt_Consolidation,Bachelor,Single,0
107211,32,90736.0,30.0,5574.0,11.45,707.0,72,Rent,Debt_Consolidation,Bachelor,Single,0
107212,28,49719.0,5.0,21793.0,5.81,678.0,60,Rent,Business,Master,Married,1
107213,57,91102.0,26.0,26988.0,9.33,734.0,48,Rent,Home_Improvement,Bachelor,Divorced,0
107214,40,60029.0,29.0,12233.0,9.25,591.0,48,Mortgage,Home_Improvement,Bachelor,Married,1
107215,61,218194.0,9.0,24317.0,12.77,656.0,60,Rent,Home_Improvement,Bachelor,Divorced,0
107216,56,46369.0,12.0,24465.0,5.68,681.0,36,Mortgage,Debt_Consolidation,Bachelor,Married,0
107217,52,54539.0,8.0,16488.0,8.18,698.0,48,Rent,Home_Improvement,Master,Single,1
107218,49,84526.0,8.0,2000.0,9.57,687.0,36,Rent,Education,High_School,Single,0
107219,55,29385.0,5.0,14667.0,10.83,698.0,60,Rent,Business,Master,Single,1
107220,45,48484.0,30.0,31082.0,11.98,759.0,72,Mortgage,Home_Improvement,Bachelor,Married,0
107221,27,160433.0,22.0,7652.0,15.16,724.0,60,Mortgage,Medical,Bachelor,Married,0
107222,21,47660.0,18.0,32616.0,8.56,715.0,60,Own,Debt_Consolidation,High_School,Single,0
107223,64,61557.0,20.0,2000.0,14.41,654.0,36,Rent,Medical,Bachelor,Married,0
107224,28,61358.0,12.0,32484.0,10.15,687.0,36,Rent,Home_Improvement,Bachelor,Single,1
107225,45,44096.0,12.0,23463.0,13.67,767.0,60,Mortgage,Education,Bachelor,Married,0
107226,63,94918.0,11.0,18422.0,13.5,680.0,36,Rent,Education,Master,Divorced,1
107227,40,49195.0,10.0,30190.0,11.33,695.0,36,Mortgage,Education,Bachelor,Married,1
107228,41,39069.0,9.0,17439.0,4.0,679.0,36,Mortgage,Medical,PhD,Married,0
107229,61,50350.0,14.0,28598.0,8.85,823.0,60,Mortgage,Debt_Consolidation,Bachelor,Divorced,0
107230,44,59791.0,16.0,23307.0,9.75,800.0,72,Rent,Education,Bachelor,Single,0
107231,60,108759.0,21.0,4617.0,14.68,590.0,60,Own,Home_Improvement,Bachelor,Single,0
107232,21,30128.0,28.0,18204.0,5.74,622.0,60,Own,Debt_Consolidation,High_School,Single,0
107233,21,139815.0,1.0,21204.0,9.99,808.0,36,Mortgage,Medical,Master,Married,0
107234,64,59636.0,16.0,17980.0,7.27,596.0,60,Rent,Education,High_School,Married,1
107235,39,68965.0,14.0,31399.0,10.98,718.0,72,Mortgage,Medical,Bachelor,Married,0
107236,21,55871.0,13.0,38006.0,4.35,693.0,36,Rent,Business,Bachelor,Married,0
107237,43,55884.0,21.0,2000.0,10.28,693.0,36,Rent,Education,Master,Single,0
107238,41,88452.0,29.0,26941.0,9.26,615.0,36,Rent,Business,Bachelor,Married,1
107239,28,52383.0,27.0,11834.0,12.49,564.0,36,Own,Business,Bachelor,Married,1
107240,49,125209.0,22.0,15903.0,7.44,715.0,72,Rent,Home_Improvement,High_School,Single,0
107241,35,95228.0,29.0,34899.0,10.23,693.0,36,,Debt_Consolidation,High_School,Single,1
107242,61,171048.0,4.0,2000.0,11.05,702.0,36,Rent,Business,PhD,Divorced,0
107243,31,121049.0,0.0,17118.0,8.38,649.0,60,Rent,Home_Improvement,Bachelor,Single,0
107244,29,141732.0,29.0,2825.0,12.25,,72,Rent,Education,High_School,Married,0
107245,24,60639.0,13.0,17322.0,13.87,643.0,36,Mortgage,Debt_Consolidation,Bachelor,Single,1
107246,33,62414.0,19.0,17508.0,10.34,824.0,48,Mortgage,Debt_Consolidation,Bachelor,Single,0
107247,30,45374.0,21.0,22875.0,9.29,703.0,60,Rent,Debt_Consolidation,Master,Single,0
107248,44,33659.0,22.0,3296.0,11.38,698.0,48,Mortgage,Education,Bachelor,Divorced,0
107249,62,59180.0,4.0,13800.0,7.43,627.0,36,Rent,Home_Improvement,Bachelor,Married,0
107250,62,62670.0,19.0,5589.0,,698.0,60,Own,Debt_Consolidation,Master,Married,0
107251,61,59396.0,13.0,18633.0,9.89,,60,Mortgage,Debt_Consolidation,Master,Married,1
107252,37,216122.0,1.0,3950.0,14.0,695.0,60,Rent,Home_Improvement,Bachelor,Married,0
107253,34,104714.0,7.0,19894.0,10.34,771.0,36,Mortgage,Medical,Bachelor,Married,1
107254,46,64077.0,0.0,11110.0,10.61,725.0,60,Own,Debt_Consolidation,Bachelor,Married,0
107255,23,65781.0,29.0,25920.0,11.73,677.0,72,Rent,Debt_Consolidation,Bachelor,Single,1
107256,50,82499.0,30.0,22548.0,4.52,660.0,60,Rent,Debt_Consolidation,Bachelor,Divorced,0
107257,23,71849.0,19.0,10826.0,8.28,725.0,72,Mortgage,Debt_Consolidation,High_School,Divorced,0
107258,32,68374.0,0.0,20496.0,9.86,616.0,72,Own,Debt_Consolidation,Bachelor,Married,0
107259,37,63488.0,23.0,8732.0,11.98,726.0,60,Rent,Debt_Consolidation,Bachelor,Single,1
107260,25,72918.0,23.0,15805.0,10.37,702.0,48,Rent,Medical,Bachelor,Married,0
107261,38,164604.0,1.0,34307.0,12.12,619.0,48,Own,Debt_Consolidation,Bachelor,Married,1
107262,49,124197.0,18.0,24086.0,6.03,633.0,60,Own,Home_Improvement,Bachelor,Married,0
107263,50,79087.0,18.0,22340.0,7.72,685.0,60,Mortgage,Education,High_School,Single,0
107264,35,83902.0,24.0,20934.0,12.88,679.0,48,Rent,Debt_Consolidation,High_School,Married,0
107265,41,136034.0,,27722.0,9.11,656.0,60,Rent,Debt_Consolidation,Master,Married,1
107266,28,81442.0,15.0,25846.0,11.15,699.0,36,Mortgage,Medical,Master,Married,1
107267,56,57963.0,11.0,25880.0,5.34,710.0,36,Rent,Home_Improvement,Master,Divorced,1
107268,64,78326.0,11.0,13596.0,13.54,667.0,60,Rent,Medical,Bachelor,Married,0
107269,33,39881.0,21.0,2000.0,10.46,599.0,60,Rent,Medical,High_School,Single,0
107270,59,58964.0,27.0,16538.0,12.4,671.0,60,Mortgage,Education,Bachelor,Married,0
107271,35,81296.0,15.0,9239.0,4.0,750.0,60,Mortgage,Medical,Bachelor,Married,0
107272,29,76674.0,6.0,12420.0,14.4,673.0,48,Rent,Education,High_School,Married,1
107273,49,32947.0,11.0,23306.0,12.34,736.0,60,Rent,Home_Improvement,Bachelor,Single,1
107274,59,82304.0,4.0,19536.0,9.92,633.0,36,Rent,Medical,Master,Single,1
107275,38,77933.0,5.0,4487.0,9.07,690.0,60,Mortgage,Education,Master,Single,0
107276,65,42305.0,,5334.0,,781.0,48,Rent,Business,High_School,Single,0
107277,52,34269.0,11.0,24135.0,5.75,677.0,60,Mortgage,Debt_Consolidation,Bachelor,Married,0
107278,39,71241.0,28.0,14505.0,10.56,831.0,60,Rent,Debt_Consolidation,Master,Married,0
107279,40,74540.0,,9294.0,5.85,668.0,60,Mortgage,Business,High_School,Married,1
107280,62,97655.0,1.0,2000.0,9.63,755.0,36,Mortgage,Home_Improvement,PhD,Married,0
107281,54,54834.0,25.0,16888.0,8.95,850.0,60,Mortgage,Debt_Consolidation,High_School,Single,0
107282,21,48986.0,21.0,2000.0,7.21,746.0,36,Mortgage,Business,High_School,Divorced,0
107283,52,91158.0,28.0,30550.0,16.38,640.0,36,Mortgage,Medical,PhD,Single,1
107284,32,20337.0,29.0,25067.0,12.24,753.0,36,Mortgage,Education,High_School,Single,0
107285,32,53657.0,19.0,17408.0,13.02,723.0,36,Rent,Debt_Consolidation,High_School,Married,1
107286,22,55007.0,22.0,10023.0,4.43,707.0,60,Rent,Debt_Consolidation,Master,Married,0
107287,40,128995.0,25.0,22160.0,9.0,719.0,60,Mortgage,Home_Improvement,High_School,Married,0
107288,36,80799.0,21.0,26082.0,7.85,736.0,72,Mortgage,Debt_Consolidation,Bachelor,Single,0
107289,63,49435.0,19.0,23420.0,14.61,624.0,48,Rent,Business,Bachelor,Single,1
107290,40,51060.0,14.0,16008.0,7.18,695.0,60,Rent,Home_Improvement,Bachelor,Divorced,0
107291,30,47228.0,19.0,3408.0,12.04,650.0,60,Mortgage,Debt_Consolidation,PhD,Married,0
107292,22,65848.0,8.0,22257.0,15.44,683.0,48,Rent,Debt_Consolidation,Bachelor,Single,1
107293,59,99413.0,19.0,11602.0,12.59,599.0,60,Mortgage,Home_Improvement,PhD,Married,0
107294,53,60697.0,16.0,5198.0,12.4,697.0,36,Mortgage,Medical,High_School,Married,0
107295,59,34763.0,18.0,20010.0,5.71,701.0,72,Rent,Debt_Consolidation,Master,Single,0
107296,25,40188.0,22.0,26439.0,12.48,618.0,36,Rent,Medical,Bachelor,Married,0
107297,49,53924.0,27.0,22545.0,10.43,714.0,48,Mortgage,Debt_Consolidation,Bachelor,Divorced,0
107298,31,70403.0,16.0,12447.0,10.85,576.0,60,Mortgage,Home_Improvement,High_School,Divorced,0
107299,35,28998.0,27.0,2000.0,9.95,748.0,48,Rent,Debt_Consolidation,High_School,Married,0
107300,24,83676.0,5.0,29005.0,10.46,640.0,60,Rent,Debt_Consolidation,Bachelor,Married,1
107301,44,51369.0,27.0,23313.0,4.86,663.0,36,Rent,Education,Bachelor,Married,1
107302,35,52140.0,30.0,22205.0,8.51,624.0,36,Rent,Debt_Consolidation,High_School,Married,1
107303,48,50714.0,2.0,18283.0,10.2,669.0,60,Mortgage,Debt_Consolidation,Bachelor,Married,1
107304,42,54369.0,22.0,11178.0,9.87,762.0,36,Rent,Education,Master,Divorced,0
107305,33,70006.0,19.0,14951.0,11.24,581.0,48,Own,Home_Improvement,Master,Married,1
107306,41,58205.0,4.0,9814.0,13.1,675.0,36,Rent,Home_Improvement,Bachelor,Single,0
107307,22,56763.0,9.0,26961.0,8.63,695.0,60,Rent,Debt_Consolidation,Bachelor,Single,1
107308,51,59967.0,30.0,21723.0,12.9,667.0,60,Mortgage,Business,Bachelor,Single,0
107309,42,32386.0,18.0,2000.0,8.84,644.0,36,Mortgage,Education,Master,Single,0
107310,25,99387.0,5.0,23637.0,5.13,716.0,48,Rent,Medical,Bachelor,Married,0
107311,62,44440.0,12.0,15491.0,9.44,722.0,36,Own,Debt_Consolidation,Bachelor,Single,0
107312,61,117216.0,9.0,18805.0,9.45,752.0,72,Own,Home_Improvement,Bachelor,Married,0
107313,50,76488.0,20.0,17884.0,10.66,744.0,60,Rent,Education,Bachelor,Single,0
107314,58,32319.0,8.0,6443.0,12.72,656.0,60,Own,Debt_Consolidation,Bachelor,Single,0
107315,42,72509.0,19.0,34370.0,6.93,639.0,48,Rent,Business,Master,Married,1
107316,37,42796.0,17.0,43489.0,10.59,675.0,36,Rent,Debt_Consolidation,Bachelor,Married,1
107317,49,104540.0,5.0,10480.0,6.89,675.0,36,Own,Education,Bachelor,Married,1
107318,40,56901.0,0.0,19312.0,14.64,644.0,36,Rent,Home_Improvement,Bachelor,Married,0
107319,65,76819.0,28.0,15688.0,8.7,635.0,36,Rent,Debt_Consolidation,Bachelor,Single,0
107320,31,72205.0,6.0,18540.0,9.16,687.0,60,Mortgage,Education,Bachelor,Single,0
107321,54,70699.0,13.0,9179.0,14.66,755.0,36,Rent,Medical,Bachelor,Married,1
107322,43,82824.0,4.0,33982.0,12.53,683.0,36,Own,Debt_Consolidation,Bachelor,Divorced,1
107323,61,61738.0,11.0,20416.0,10.91,674.0,60,Mortgage,Debt_Consolidation,Master,Single,1
107324,59,51073.0,24.0,23455.0,10.66,651.0,36,Rent,Debt_Consolidation,Bachelor,Single,0
107325,52,102184.0,24.0,13914.0,6.91,701.0,36,Rent,Debt_Consolidation,Bachelor,Married,0
107326,39,34356.0,6.0,30894.0,10.37,624.0,36,Mortgage,Debt_Consolidation,Bachelor,Married,1
107327,49,65032.0,16.0,17591.0,12.38,727.0,36,Own,Debt_Consolidation,Bachelor,Single,0
107328,27,50655.0,21.0,23420.0,7.91,745.0,72,Mortgage,Home_Improvement,High_School,Married,0
107329,58,95403.0,13.0,17942.0,4.66,647.0,36,Mortgage,Debt_Consolidation,High_School,Married,0
107330,64,30085.0,22.0,22964.0,14.79,680.0,48,Rent,Debt_Consolidation,Master,Single,0
107331,37,36048.0,25.0,21663.0,12.17,716.0,36,Rent,Debt_Consolidation,High_School,Divorced,0
107332,35,31817.0,22.0,12172.0,4.0,719.0,48,Mortgage,Medical,Bachelor,Single,0
107333,24,99622.0,29.0,15393.0,10.32,740.0,60,Rent,Debt_Consolidation,Bachelor,Married,0
107334,26,72608.0,28.0,20038.0,9.6,612.0,60,Rent,Education,Bachelor,Married,0
107335,42,62119.0,1.0,36670.0,4.51,637.0,60,Rent,Debt_Consolidation,High_School,Single,1
107336,61,132261.0,4.0,18165.0,5.25,765.0,72,Rent,Business,High_School,Single,0
107337,26,82095.0,26.0,16291.0,14.04,,36,Rent,Education,Bachelor,Single,0
107338,33,121435.0,,28762.0,12.62,735.0,36,Rent,Debt_Consolidation,Bachelor,Single,1
107339,26,157598.0,19.0,22007.0,6.91,721.0,36,Rent,Home_Improvement,High_School,Married,0
107340,45,89590.0,29.0,17231.0,12.84,715.0,60,Rent,Education,Master,Married,0
107341,41,50753.0,11.0,11606.0,9.53,669.0,48,Own,Education,Bachelor,Divorced,0
107342,62,37622.0,16.0,2000.0,13.78,690.0,36,Mortgage,Debt_Consolidation,High_School,Married,0
107343,52,53211.0,0.0,13511.0,10.9,733.0,72,Rent,Education,Master,Married,0
107344,54,71429.0,1.0,33549.0,7.41,754.0,60,Mortgage,Medical,Bachelor,Married,0
107345,61,98426.0,14.0,18809.0,8.55,727.0,60,Rent,Debt_Consolidation,Bachelor,Married,0
107346,38,42709.0,3.0,19455.0,7.61,675.0,36,Rent,Debt_Consolidation,High_School,Married,0
107347,51,37626.0,17.0,16481.0,10.33,799.0,36,Rent,Business,PhD,Divorced,0
107348,40,59204.0,12.0,15222.0,5.62,651.0,60,Mortgage,Education,Master,Married,1
107349,53,89791.0,2.0,9510.0,10.44,692.0,36,Own,Medical,Bachelor,Single,0
107350,56,127408.0,,5701.0,7.41,695.0,60,Rent,Debt_Consolidation,Master,Married,0
107351,58,87107.0,12.0,27995.0,8.49,670.0,36,Mortgage,Debt_Consolidation,Bachelor,Single,1
107352,63,87876.0,0.0,14615.0,8.93,702.0,60,Rent,Education,Bachelor,Single,1
107353,37,46270.0,10.0,12241.0,8.03,850.0,36,Rent,Debt_Consolidation,High_School,Married,0
107354,27,69472.0,30.0,34486.0,13.44,773.0,36,Mortgage,Debt_Consolidation,Master,Single,1
107355,59,52295.0,14.0,2000.0,9.82,664.0,60,Rent,Debt_Consolidation,High_School,Married,0
107356,53,98729.0,0.0,27257.0,12.56,721.0,60,Rent,Debt_Consolidation,Bachelor,Single,0
107357,24,60474.0,19.0,16599.0,9.15,679.0,36,Mortgage,Education,High_School,Married,0
107358,35,162151.0,16.0,18365.0,13.97,758.0,48,Mortgage,Home_Improvement,High_School,Divorced,1
107359,57,90242.0,25.0,9749.0,9.06,669.0,60,Rent,Home_Improvement,High_School,Married,0
107360,32,41188.0,19.0,2000.0,4.18,724.0,60,Mortgage,Debt_Consolidation,Bachelor,Married,0
107361,23,39275.0,22.0,26038.0,6.01,613.0,60,Rent,Debt_Consolidation,Bachelor,Married,0
107362,25,64607.0,15.0,25223.0,4.0,723.0,60,Mortgage,Debt_Consolidation,Master,Married,0
107363,41,75086.0,4.0,18720.0,10.3,710.0,60,Rent,Debt_Consolidation,High_School,Single,0
107364,36,50468.0,12.0,7830.0,10.03,793.0,36,Mortgage,Education,Master,Married,0
107365,23,33136.0,17.0,21469.0,16.3,734.0,60,Rent,Education,Master,Married,1
107366,43,247070.0,29.0,9588.0,14.84,685.0,60,Rent,Debt_Consolidation,Bachelor,Married,0
107367,64,55000.0,13.0,25746.0,9.71,614.0,60,Rent,Debt_Consolidation,Bachelor,Married,0
107368,44,92934.0,20.0,17308.0,15.48,623.0,36,Mortgage,Debt_Consolidation,Bachelor,Single,0
107369,49,86397.0,11.0,9470.0,9.7,676.0,36,Rent,Debt_Consolidation,PhD,Single,0
107370,38,79199.0,12.0,6632.0,7.82,767.0,36,Mortgage,Business,PhD,Divorced,0
107371,35,35706.0,13.0,20326.0,9.17,776.0,36,Rent,Home_Improvement,Bachelor,Married,1
107372,35,36165.0,2.0,3011.0,5.65,618.0,48,Own,Home_Improvement,Bachelor,Married,0
107373,38,163889.0,16.0,16639.0,11.8,657.0,48,Rent,Home_Improvement,High_School,Married,0
107374,23,39257.0,7.0,15807.0,12.77,690.0,48,Rent,Business,Bachelor,Married,1
107375,30,38270.0,26.0,31615.0,10.47,684.0,60,Rent,Business,High_School,Single,1
107376,21,87965.0,29.0,15175.0,10.43,748.0,60,Mortgage,Debt_Consolidation,High_School,Single,0
107377,21,54019.0,7.0,25293.0,7.49,653.0,36,Rent,Home_Improvement,High_School,Single,0
107378,35,52812.0,7.0,10316.0,7.26,609.0,36,Rent,Debt_Consolidation,Bachelor,Married,0
107379,31,177886.0,12.0,12457.0,10.9,658.0,36,Rent,Debt_Consolidation,Master,Single,0
107380,29,40006.0,12.0,7046.0,13.33,654.0,60,Mortgage,Home_Improvement,Bachelor,Single,0
107381,42,59767.0,4.0,2000.0,9.81,731.0,72,Rent,Debt_Consolidation,Bachelor,Married,0
107382,30,219587.0,3.0,27628.0,12.23,785.0,48,Rent,Education,Master,Single,1
107383,34,85103.0,16.0,30045.0,8.67,700.0,36,Own,Medical,High_School,Divorced,0
107384,65,41014.0,19.0,2325.0,16.31,619.0,36,Own,Education,Master,Single,0
107385,50,144587.0,10.0,16330.0,10.22,677.0,60,Mortgage,Debt_Consolidation,Bachelor,Married,0
107386,42,61309.0,16.0,22371.0,11.2,765.0,60,Rent,Debt_Consolidation,Master,Single,0
107387,30,73789.0,15.0,2389.0,7.17,766.0,72,Rent,Debt_Consolidation,High_School,Divorced,0
107388,60,64420.0,1.0,11192.0,9.2,657.0,36,Rent,Debt_Consolidation,Bachelor,Single,0
107389,61,92294.0,11.0,10899.0,4.0,780.0,36,Rent,Home_Improvement,High_School,Single,0
107390,56,135418.0,30.0,27432.0,12.93,668.0,60,Mortgage,Debt_Consolidation,Master,Married,0
107391,37,55439.0,25.0,26498.0,9.28,770.0,48,Rent,Medical,Bachelor,Married,0
107392,33,53223.0,3.0,26511.0,12.29,812.0,60,Mortgage,Education,Bachelor,Married,1
107393,21,59622.0,5.0,30440.0,15.4,746.0,60,Mortgage,Debt_Consolidation,Bachelor,Single,1
107394,34,85596.0,5.0,21263.0,17.78,719.0,60,Rent,Debt_Consolidation,Master,Married,1
107395,37,81494.0,29.0,12292.0,15.4,705.0,48,Rent,,Bachelor,Married,1
107396,43,46765.0,25.0,2595.0,11.79,659.0,36,Mortgage,Education,High_School,Divorced,0
107397,51,70468.0,24.0,2000.0,10.82,628.0,48,Mortgage,Debt_Consolidation,Bachelor,Married,0
107398,62,50590.0,1.0,16415.0,9.29,622.0,48,Mortgage,Business,Bachelor,Single,0
107399,32,56545.0,14.0,17062.0,9.59,682.0,36,Rent,Debt_Consolidation,Master,Single,1
107400,49,37695.0,24.0,25332.0,7.85,650.0,60,Rent,Education,Master,Single,0
107401,50,59274.0,1.0,17085.0,7.0,607.0,48,Rent,Debt_Consolidation,PhD,Single,0
107402,61,86147.0,11.0,12798.0,10.82,618.0,60,Own,Education,High_School,Married,1
107403,41,41182.0,22.0,13600.0,6.61,651.0,60,Own,Medical,High_School,Married,0
107404,53,68763.0,4.0,16258.0,15.8,708.0,60,Mortgage,Education,High_School,Married,0
107405,32,40772.0,1.0,15372.0,,677.0,48,Rent,,Bachelor,Married,1
107406,49,41341.0,16.0,8165.0,8.66,686.0,48,Mortgage,Medical,Master,Married,0
107407,50,19758.0,10.0,18510.0,6.99,624.0,60,Rent,Debt_Consolidation,Bachelor,Divorced,0
107408,51,82520.0,10.0,25535.0,10.52,666.0,36,Rent,Business,Bachelor,Married,1
107409,49,45730.0,13.0,19251.0,10.39,720.0,60,Mortgage,Medical,High_School,Married,0
107410,44,77666.0,11.0,18229.0,15.25,783.0,60,Rent,Debt_Consolidation,Master,Married,1
107411,51,68320.0,4.0,6848.0,11.63,696.0,48,Rent,Debt_Consolidation,Master,Single,0
107412,32,52219.0,1.0,5298.0,9.35,648.0,60,Mortgage,Home_Improvement,Master,Single,0
107413,32,54982.0,4.0,2000.0,9.08,634.0,60,Mortgage,Home_Improvement,High_School,Single,0
107414,31,69372.0,29.0,24742.0,9.7,746.0,36,Mortgage,Debt_Consolidation,Master,Married,0
107415,59,,26.0,4080.0,10.74,706.0,36,Rent,Home_Improvement,Bachelor,Single,0
107416,46,78328.0,17.0,9334.0,9.04,824.0,36,Rent,Home_Improvement,Bachelor,Single,0
107417,62,82315.0,28.0,26499.0,15.38,724.0,60,Rent,Debt_Consolidation,High_School,Single,1
107418,44,28545.0,20.0,20747.0,6.12,613.0,36,Mortgage,Home_Improvement,High_School,Married,0
107419,25,62614.0,10.0,23551.0,8.12,664.0,36,Rent,Debt_Consolidation,Bachelor,Divorced,0
107420,30,125617.0,7.0,15339.0,11.11,758.0,60,Mortgage,Debt_Consolidation,Bachelor,Married,0
107421,32,37352.0,19.0,9626.0,16.15,595.0,36,Mortgage,Debt_Consolidation,Master,Married,1
107422,51,69309.0,23.0,11171.0,7.65,800.0,36,Mortgage,Debt_Consolidation,Bachelor,Single,0
107423,54,126414.0,30.0,9097.0,13.97,644.0,48,Own,Education,Master,Married,0
107424,40,80973.0,6.0,25530.0,6.44,721.0,72,Mortgage,Debt_Consolidation,Bachelor,Married,0
107425,59,66008.0,9.0,23942.0,17.88,731.0,72,Rent,Debt_Consolidation,High_School,Married,1
107426,46,35139.0,17.0,14892.0,12.07,778.0,60,Rent,Debt_Consolidation,Bachelor,Single,0
107427,33,49830.0,17.0,8747.0,15.87,685.0,48,Mortgage,Business,High_School,Divorced,0
107428,39,55392.0,1.0,18936.0,9.14,700.0,60,Mortgage,Home_Improvement,Master,Single,1
107429,44,49609.0,19.0,33256.0,8.92,672.0,60,Rent,Debt_Consolidation,High_School,Divorced,1
107430,47,69284.0,13.0,23680.0,7.4,703.0,60,Mortgage,Debt_Consolidation,High_School,Married,0
107431,54,132209.0,8.0,16800.0,14.01,627.0,60,Mortgage,Debt_Consolidation,PhD,Married,0
107432,36,57098.0,14.0,18914.0,10.05,657.0,60,Mortgage,Home_Improvement,Master,Single,0
107433,46,88473.0,19.0,17849.0,17.67,556.0,60,Rent,Business,Bachelor,Married,1
107434,21,67317.0,16.0,21868.0,9.64,703.0,36,Mortgage,Debt_Consolidation,Bachelor,Married,1
107435,24,40924.0,5.0,8557.0,6.57,691.0,60,Rent,Debt_Consolidation,Bachelor,Single,1
107436,26,96872.0,11.0,7194.0,12.59,677.0,48,Mortgage,Home_Improvement,Master,Married,0
107437,29,89903.0,23.0,27223.0,9.92,661.0,60,Mortgage,Debt_Consolidation,Bachelor,Divorced,0
107438,42,94116.0,26.0,38421.0,6.17,752.0,60,Rent,Debt_Consolidation,Bachelor,Married,0
107439,43,66929.0,26.0,18415.0,10.64,717.0,60,Rent,Debt_Consolidation,Master,Single,0
107440,26,54148.0,1.0,27733.0,10.2,717.0,48,,Debt_Consolidation,Bachelor,Single,1
107441,52,55062.0,6.0,11318.0,9.68,547.0,60,Rent,Home_Improvement,Bachelor,Single,0
107442,27,54314.0,14.0,24025.0,17.68,713.0,36,Mortgage,Home_Improvement,Bachelor,Married,1
107443,26,78353.0,30.0,24612.0,9.3,668.0,60,Mortgage,Debt_Consolidation,High_School,Married,1
107444,31,,25.0,34720.0,7.38,773.0,36,Mortgage,Medical,High_School,Single,1
107445,31,137682.0,18.0,26809.0,9.76,804.0,60,Rent,Medical,Master,Married,1
107446,35,144586.0,27.0,8030.0,6.69,635.0,60,Rent,Business,Master,Married,0
107447,34,70479.0,19.0,24827.0,13.43,678.0,60,Own,Home_Improvement,Bachelor,Single,0
107448,31,,11.0,9529.0,5.76,767.0,36,Mortgage,Debt_Consolidation,Master,Single,0
107449,51,46966.0,27.0,25094.0,17.23,714.0,36,Rent,Debt_Consolidation,Bachelor,Married,1
107450,36,72663.0,7.0,21114.0,5.64,756.0,36,Rent,Debt_Consolidation,Bachelor,Married,0
107451,27,82849.0,4.0,16361.0,10.98,680.0,60,Rent,Debt_Consolidation,High_School,Single,1
107452,62,55584.0,7.0,20949.0,9.91,684.0,36,Own,Debt_Consolidation,High_School,Single,0
107453,21,53053.0,4.0,27557.0,12.84,747.0,36,Mortgage,Debt_Consolidation,High_School,Married,1
107454,32,76440.0,9.0,19137.0,7.72,634.0,72,Rent,Debt_Consolidation,Bachelor,Single,0
107455,44,50860.0,1.0,15592.0,11.1,678.0,36,Rent,Debt_Consolidation,Bachelor,Married,1
107456,63,52136.0,29.0,6087.0,7.18,666.0,36,Mortgage,Home_Improvement,Bachelor,Single,0
107457,43,90402.0,19.0,4608.0,11.65,758.0,36,Rent,Debt_Consolidation,High_School,Married,0
107458,65,71436.0,1.0,14112.0,12.67,665.0,60,Mortgage,Home_Improvement,High_School,Single,0
107459,36,71082.0,29.0,15154.0,8.5,683.0,60,Mortgage,Debt_Consolidation,High_School,Married,0
107460,59,160177.0,2.0,34557.0,6.64,698.0,60,Mortgage,Debt_Consolidation,Master,Single,0
107461,34,82567.0,6.0,18596.0,9.72,684.0,60,Rent,Debt_Consolidation,Bachelor,Married,0
107462,29,29061.0,4.0,16074.0,9.88,634.0,72,Rent,Business,Bachelor,Single,1
107463,60,45954.0,24.0,31526.0,18.64,573.0,60,Mortgage,Debt_Consolidation,Bachelor,Single,1
107464,48,110791.0,24.0,15235.0,15.04,827.0,60,Own,Home_Improvement,Bachelor,Married,0
107465,48,54913.0,12.0,12009.0,15.14,662.0,60,Mortgage,Debt_Consolidation,Bachelor,Married,0
107466,43,110800.0,13.0,26582.0,13.81,647.0,60,Rent,Medical,Bachelor,Married,0
107467,46,49169.0,28.0,20653.0,9.48,657.0,48,Rent,Business,High_School,Divorced,0
107468,34,33026.0,9.0,12622.0,8.45,705.0,60,Mortgage,Home_Improvement,Bachelor,Single,0
107469,33,48741.0,0.0,27260.0,,739.0,60,Rent,Debt_Consolidation,Bachelor,Single,0
107470,38,62186.0,0.0,10636.0,11.15,644.0,60,Mortgage,Debt_Consolidation,Bachelor,Married,1
107471,48,100064.0,25.0,8445.0,6.24,727.0,60,Mortgage,Home_Improvement,PhD,Single,0
107472,48,32091.0,1.0,27625.0,11.06,672.0,36,Mortgage,Home_Improvement,Bachelor,Married,1
107473,63,98342.0,2.0,19197.0,16.04,640.0,36,Rent,Debt_Consolidation,High_School,Married,1
107474,33,53347.0,2.0,11919.0,10.35,766.0,48,Rent,Business,High_School,Single,0
107475,52,67207.0,28.0,30624.0,10.91,680.0,60,Rent,Home_Improvement,High_School,Single,1
107476,63,119331.0,10.0,9050.0,10.17,720.0,60,Rent,Business,PhD,Married,0
107477,45,40665.0,9.0,15045.0,11.12,775.0,60,Rent,Debt_Consolidation,Bachelor,Married,0
107478,38,36313.0,12.0,10989.0,9.51,724.0,60,Mortgage,Home_Improvement,High_School,Married,0
107479,36,80276.0,11.0,11443.0,9.81,680.0,60,Own,Debt_Consolidation,PhD,Married,0
107480,21,35691.0,5.0,31576.0,4.0,716.0,72,Rent,Education,Bachelor,Married,1
107481,50,127109.0,30.0,22537.0,11.29,738.0,36,Rent,Medical,Master,Divorced,0
107482,56,68586.0,12.0,22153.0,10.6,655.0,60,Mortgage,Debt_Consolidation,Master,Married,0
107483,30,58174.0,9.0,8431.0,6.32,633.0,60,Mortgage,Business,Bachelor,Married,0
107484,52,106764.0,4.0,19960.0,9.11,792.0,60,Rent,Debt_Consolidation,Bachelor,Single,0
107485,25,44588.0,29.0,21997.0,16.05,617.0,36,Mortgage,Education,Bachelor,Single,1
107486,25,45285.0,26.0,19318.0,15.12,718.0,48,Mortgage,Education,High_School,Divorced,1
107487,60,94047.0,8.0,15225.0,6.93,723.0,60,Mortgage,Home_Improvement,Bachelor,Married,0
107488,45,63563.0,11.0,30497.0,9.04,682.0,60,Mortgage,Business,Bachelor,Single,1
107489,52,50862.0,9.0,19917.0,16.1,641.0,36,Rent,Medical,Master,Divorced,1
107490,54,92242.0,5.0,21777.0,4.0,727.0,60,Rent,Education,Bachelor,Single,0
107491,51,206956.0,5.0,13708.0,8.69,615.0,72,Own,Debt_Consolidation,Bachelor,Single,0
107492,33,75993.0,8.0,2000.0,10.27,774.0,60,Mortgage,Home_Improvement,Bachelor,Single,0
107493,38,67778.0,28.0,26430.0,8.59,680.0,48,Rent,Home_Improvement,Bachelor,Married,1
107494,45,104112.0,29.0,14288.0,14.09,694.0,36,Rent,Education,Master,Married,0
107495,48,52894.0,16.0,27978.0,6.2,781.0,60,Mortgage,Debt_Consolidation,Bachelor,Married,0
107496,25,61719.0,27.0,15924.0,7.06,698.0,36,Rent,Debt_Consolidation,High_School,Married,0
107497,58,79906.0,30.0,32212.0,15.7,728.0,72,Rent,Medical,Bachelor,Divorced,1
107498,45,62165.0,24.0,10062.0,9.29,710.0,60,Rent,Home_Improvement,Bachelor,Divorced,0
107499,49,140036.0,19.0,20718.0,8.81,687.0,60,Rent,Education,Bachelor,Divorced,0
107500,50,66269.0,16.0,18120.0,13.66,678.0,60,Mortgage,Education,Bachelor,Divorced,0
107501,42,46027.0,10.0,29741.0,6.43,623.0,72,Rent,Debt_Consolidation,High_School,Divorced,1
107502,45,30939.0,2.0,11219.0,7.76,699.0,36,Rent,Business,Bachelor,Divorced,0
107503,22,73150.0,17.0,6037.0,6.68,628.0,36,Rent,Debt_Consolidation,High_School,Married,0
107504,64,107259.0,21.0,2000.0,10.54,723.0,36,Rent,Debt_Consolidation,Bachelor,Single,0
107505,49,43545.0,23.0,28891.0,6.51,833.0,60,Rent,Home_Improvement,Master,Divorced,0
107506,40,46369.0,25.0,2000.0,4.0,634.0,60,Mortgage,Debt_Consolidation,Bachelor,Divorced,0
107507,36,56237.0,16.0,14817.0,8.66,703.0,36,Rent,Debt_Consolidation,Bachelor,Single,1
107508,54,52205.0,7.0,39937.0,4.0,696.0,48,Mortgage,Debt_Consolidation,Bachelor,Divorced,0
107509,49,104739.0,8.0,9443.0,12.58,596.0,60,Rent,Debt_Consolidation,Bachelor,Single,0
107510,64,92984.0,25.0,24971.0,11.81,682.0,60,Mortgage,,Master,Single,1
107511,35,48072.0,0.0,24031.0,9.61,750.0,60,Rent,Debt_Consolidation,High_School,Single,0
107512,36,95391.0,10.0,4429.0,12.16,717.0,60,Rent,Education,Master,Single,0
107513,26,48248.0,30.0,5985.0,5.94,593.0,60,Rent,Home_Improvement,High_School,Single,1
107514,27,77467.0,17.0,23339.0,6.93,768.0,36,Rent,Debt_Consolidation,High_School,Married,0
107515,54,68267.0,25.0,10578.0,9.9,727.0,36,Rent,Business,Bachelor,Single,0
107516,61,40487.0,21.0,5231.0,14.91,608.0,48,Mortgage,Debt_Consolidation,Master,Married,0
107517,53,79324.0,0.0,10683.0,13.45,754.0,48,Mortgage,Debt_Consolidation,Bachelor,Single,0
107518,42,83860.0,5.0,14942.0,14.17,710.0,60,Rent,Business,High_School,Single,1
107519,38,52453.0,26.0,19206.0,14.1,628.0,60,Mortgage,Debt_Consolidation,Bachelor,Married,1
107520,48,43452.0,20.0,3521.0,12.43,642.0,36,Mortgage,Debt_Consolidation,Bachelor,Single,0
107521,33,90794.0,9.0,20050.0,10.85,707.0,60,Rent,Business,High_School,Single,0
107522,65,225260.0,0.0,28474.0,13.77,596.0,60,Rent,Debt_Consolidation,Bachelor,Single,0
107523,31,41518.0,5.0,12661.0,11.25,693.0,36,Rent,Home_Improvement,Bachelor,Divorced,1
107524,59,91551.0,19.0,28558.0,11.72,739.0,60,Rent,Business,Bachelor,Married,1
107525,26,34072.0,24.0,2000.0,10.81,682.0,60,Rent,Education,Master,Married,0
107526,32,40536.0,4.0,15707.0,10.65,587.0,36,Rent,Debt_Consolidation,PhD,Single,1
107527,62,25828.0,11.0,22886.0,10.33,737.0,36,Own,Home_Improvement,High_School,Married,0
107528,40,63339.0,29.0,15048.0,7.02,640.0,36,,Home_Improvement,Bachelor,Single,0
107529,31,41554.0,8.0,8940.0,,781.0,60,Mortgage,Debt_Consolidation,Bachelor,Single,1
107530,34,72803.0,11.0,21953.0,10.86,673.0,36,Rent,Home_Improvement,Bachelor,Divorced,0
107531,28,47781.0,30.0,22018.0,11.41,661.0,36,Rent,Business,Bachelor,Single,1
107532,27,124331.0,7.0,23118.0,11.92,722.0,60,Own,Home_Improvement,Bachelor,Single,0
107533,43,61611.0,17.0,4624.0,10.45,686.0,36,Rent,Business,Master,Single,0
107534,54,47298.0,7.0,6973.0,9.73,699.0,48,Mortgage,Business,Master,Married,0
107535,38,91525.0,20.0,18066.0,12.34,722.0,72,Own,Medical,Bachelor,Married,0
107536,34,48100.0,27.0,10713.0,15.68,695.0,48,Mortgage,Home_Improvement,Master,Single,0
107537,56,30098.0,3.0,7308.0,11.0,717.0,60,Mortgage,Education,Bachelor,Married,0
107538,23,138906.0,1.0,15464.0,7.4,719.0,60,Rent,Home_Improvement,Bachelor,Married,0
107539,55,59631.0,3.0,13316.0,14.0,708.0,48,Rent,Home_Improvement,Master,Single,1
107540,46,66922.0,8.0,27703.0,6.35,778.0,60,Rent,Education,Master,Single,0
107541,29,104121.0,8.0,4223.0,10.5,749.0,36,Rent,Debt_Consolidation,Bachelor,Single,0
107542,45,42895.0,6.0,21874.0,9.39,806.0,36,Own,Medical,PhD,Married,0
107543,53,79682.0,11.0,30348.0,16.09,676.0,48,Rent,Home_Improvement,Master,Single,1
107544,64,43874.0,12.0,16059.0,13.25,688.0,72,Rent,Business,Bachelor,Married,1
107545,49,25601.0,14.0,28874.0,11.81,682.0,48,Rent,Home_Improvement,High_School,Married,1
107546,29,46011.0,27.0,20036.0,8.85,712.0,36,Rent,Business,Master,Single,0
107547,41,32856.0,25.0,5470.0,7.49,677.0,36,Mortgage,Business,Bachelor,Single,0
107548,28,61069.0,13.0,4360.0,6.87,730.0,36,Rent,Debt_Consolidation,Bachelor,Married,0
107549,27,51320.0,15.0,21081.0,14.1,674.0,36,Rent,Home_Improvement,PhD,Married,0
107550,46,131167.0,6.0,17873.0,10.77,708.0,48,Mortgage,Education,Bachelor,Married,0
107551,25,43434.0,16.0,49315.0,10.23,723.0,60,Mortgage,Home_Improvement,High_School,Single,1
107552,21,86958.0,27.0,5804.0,18.67,740.0,36,Rent,Debt_Consolidation,Master,Single,0
107553,48,52802.0,25.0,4232.0,6.22,690.0,60,Rent,Debt_Consolidation,High_School,Single,0
107554,45,50772.0,14.0,2000.0,12.24,660.0,60,Rent,Debt_Consolidation,Master,Married,0
107555,32,95857.0,10.0,6389.0,11.98,689.0,36,Own,Debt_Consolidation,Master,Single,0
107556,27,36318.0,27.0,23439.0,8.88,682.0,60,Rent,Business,Bachelor,Married,0
107557,45,81777.0,5.0,19280.0,10.3,714.0,60,Own,Home_Improvement,Bachelor,Married,0
107558,60,99124.0,18.0,13415.0,6.18,702.0,48,Own,Home_Improvement,High_School,Married,0
107559,39,64470.0,23.0,16216.0,8.61,691.0,60,Mortgage,,High_School,Married,0
107560,61,27567.0,27.0,18109.0,4.0,679.0,60,Rent,Debt_Consolidation,High_School,Single,0
107561,25,76535.0,19.0,20992.0,14.34,620.0,36,Rent,Debt_Consolidation,Bachelor,Married,0
107562,55,65739.0,19.0,6147.0,12.8,712.0,36,Rent,Home_Improvement,Bachelor,Single,0
107563,43,108554.0,28.0,9457.0,4.11,629.0,48,Mortgage,Education,Master,Married,0
107564,41,112571.0,22.0,20196.0,4.91,656.0,72,Rent,Business,Bachelor,Married,1
107565,34,63553.0,17.0,15718.0,8.77,726.0,60,Rent,Debt_Consolidation,High_School,Single,0
107566,57,75413.0,18.0,22242.0,6.95,740.0,60,Mortgage,Debt_Consolidation,Master,Married,0
107567,37,60668.0,14.0,23057.0,4.0,669.0,36,Rent,Debt_Consolidation,Bachelor,Divorced,0
107568,36,74625.0,26.0,10668.0,5.61,618.0,60,Own,Medical,Bachelor,Divorced,0
107569,54,53799.0,4.0,25259.0,8.22,772.0,60,Mortgage,Home_Improvement,High_School,Single,0
107570,49,50170.0,13.0,21266.0,13.07,662.0,36,Own,Debt_Consolidation,Bachelor,Married,1
107571,38,103520.0,17.0,17864.0,10.86,704.0,36,Rent,Home_Improvement,Bachelor,Single,0
107572,23,55305.0,11.0,29453.0,8.75,683.0,36,Rent,Business,High_School,Married,1
107573,42,41326.0,0.0,14061.0,4.0,623.0,48,Mortgage,Debt_Consolidation,Bachelor,Single,0
107574,28,81256.0,4.0,32091.0,11.33,661.0,36,Mortgage,,Bachelor,Single,1
107575,52,31452.0,1.0,18069.0,8.57,675.0,36,Rent,,Master,Married,1
107576,64,86277.0,5.0,24969.0,6.85,737.0,72,Mortgage,Debt_Consolidation,Bachelor,Married,1
107577,42,50876.0,29.0,2692.0,10.74,604.0,60,Rent,Debt_Consolidation,High_School,Single,0
107578,28,116678.0,5.0,29758.0,12.59,715.0,36,Mortgage,Business,Bachelor,Married,0
107579,25,145213.0,3.0,15283.0,12.7,673.0,60,Rent,Debt_Consolidation,Bachelor,Married,0
107580,48,83545.0,25.0,23617.0,4.58,740.0,60,Rent,Home_Improvement,Bachelor,Married,0
107581,41,96394.0,4.0,28028.0,5.8,618.0,60,Mortgage,Home_Improvement,Master,Single,0
107582,31,92610.0,28.0,25579.0,8.72,638.0,36,Mortgage,Debt_Consolidation,High_School,Married,0
107583,21,50361.0,12.0,32116.0,14.51,731.0,36,Mortgage,Business,Bachelor,Single,0
107584,30,20448.0,12.0,24966.0,5.64,734.0,60,Rent,Education,Bachelor,Single,1
107585,48,28382.0,28.0,11223.0,13.58,643.0,60,Rent,Home_Improvement,High_School,Single,0
107586,61,41891.0,26.0,11020.0,10.14,685.0,60,Rent,Debt_Consolidation,Bachelor,Divorced,0
107587,43,67857.0,17.0,21426.0,9.1,686.0,72,Rent,Education,High_School,Married,1
107588,32,57631.0,20.0,22878.0,9.8,657.0,36,Own,Medical,Master,Single,0
107589,22,40811.0,30.0,6573.0,10.46,706.0,60,Rent,Debt_Consolidation,PhD,Married,0
107590,54,76928.0,15.0,16846.0,10.35,752.0,36,Mortgage,Home_Improvement,PhD,Single,0
107591,30,61449.0,28.0,18270.0,13.62,779.0,36,Rent,Debt_Consolidation,Bachelor,Single,0
107592,61,36088.0,23.0,24691.0,6.2,527.0,72,Rent,Debt_Consolidation,High_School,Single,1
107593,65,19533.0,30.0,11274.0,10.98,725.0,60,Mortgage,Debt_Consolidation,Bachelor,Single,1
107594,58,82000.0,30.0,8803.0,10.59,714.0,48,Mortgage,Debt_Consolidation,High_School,Divorced,0
107595,27,97936.0,26.0,17146.0,15.37,690.0,60,Mortgage,Debt_Consolidation,Bachelor,Married,1
107596,64,90005.0,27.0,14379.0,11.42,621.0,60,Own,Education,Bachelor,Married,0
107597,56,48055.0,23.0,16594.0,17.59,709.0,36,Mortgage,Debt_Consolidation,High_School,Single,0
107598,46,75202.0,22.0,11008.0,6.74,782.0,36,Mortgage,Debt_Consolidation,Bachelor,Married,0
107599,47,241201.0,20.0,17920.0,10.67,727.0,36,Mortgage,Debt_Consolidation,Master,Single,0
107600,32,53896.0,30.0,20548.0,14.08,647.0,60,Rent,Home_Improvement,Bachelor,Married,0
107601,24,54163.0,5.0,12050.0,7.2,741.0,36,Own,Debt_Consolidation,Bachelor,Married,0
107602,54,32629.0,27.0,12957.0,13.06,699.0,60,Mortgage,Business,Master,Single,0
107603,34,99588.0,0.0,9461.0,10.77,756.0,60,Own,Medical,Bachelor,Married,0
107604,36,31369.0,24.0,16230.0,11.64,663.0,36,Own,Debt_Consolidation,Master,Single,1
107605,38,105153.0,1.0,15628.0,8.5,776.0,72,Own,Debt_Consolidation,High_School,Single,0
107606,51,78848.0,30.0,21069.0,13.05,690.0,48,Mortgage,Business,Master,Single,0
107607,34,63069.0,5.0,2000.0,10.14,745.0,48,Rent,Home_Improvement,Bachelor,Married,0
107608,21,102733.0,29.0,16168.0,8.6,723.0,60,Rent,Debt_Consolidation,Bachelor,Married,0
107609,36,64295.0,2.0,2000.0,10.64,655.0,60,Rent,,Master,Single,0
107610,23,94712.0,1.0,19402.0,10.0,656.0,48,Rent,Debt_Consolidation,Master,Single,1
107611,27,,15.0,21175.0,12.6,682.0,60,Mortgage,Debt_Consolidation,PhD,Single,1
107612,61,60343.0,14.0,2000.0,11.87,719.0,48,Mortgage,Debt_Consolidation,Master,Divorced,0
107613,33,92279.0,6.0,17798.0,8.81,677.0,60,Rent,Home_Improvement,Bachelor,Married,0
107614,57,37823.0,8.0,4641.0,7.3,630.0,60,Mortgage,Medical,Bachelor,Divorced,1
107615,65,82515.0,3.0,36006.0,9.97,708.0,60,Mortgage,Education,Bachelor,Single,1
107616,63,35121.0,20.0,21580.0,7.27,676.0,48,Own,Home_Improvement,High_School,Single,1
107617,56,131342.0,21.0,23526.0,5.76,718.0,36,Rent,Home_Improvement,Bachelor,Married,0
107618,56,66645.0,0.0,20190.0,12.22,718.0,60,Rent,Business,Master,Married,0
107619,43,65075.0,20.0,16881.0,13.43,677.0,36,Own,Education,Master,Divorced,0
107620,34,68774.0,0.0,9317.0,9.59,695.0,48,Mortgage,Debt_Consolidation,Bachelor,Married,1
107621,32,71597.0,24.0,5124.0,10.3,766.0,36,Mortgage,Medical,Master,Married,0
107622,59,76216.0,12.0,27864.0,12.19,774.0,36,Own,Debt_Consolidation,Master,Married,1
107623,26,67528.0,2.0,15941.0,9.29,696.0,48,Rent,Debt_Consolidation,Bachelor,Married,0
107624,35,62014.0,6.0,23677.0,7.03,,60,Mortgage,Debt_Consolidation,Bachelor,Married,1
107625,21,76563.0,27.0,16038.0,13.87,728.0,36,Rent,Home_Improvement,Master,Single,0
107626,59,94963.0,9.0,8964.0,9.47,614.0,60,Mortgage,Education,Bachelor,Single,0
107627,31,46788.0,13.0,24347.0,12.68,706.0,60,Mortgage,Home_Improvement,Master,Married,1
107628,58,120085.0,10.0,14058.0,8.47,732.0,60,Rent,Debt_Consolidation,Bachelor,Single,0
107629,44,69317.0,13.0,26580.0,12.74,665.0,60,Rent,Business,High_School,Married,0
107630,41,43010.0,29.0,39058.0,8.92,695.0,60,Mortgage,Debt_Consolidation,Master,Divorced,1
107631,61,52299.0,16.0,10460.0,15.94,593.0,60,Mortgage,Business,Bachelor,Married,0
107632,31,64807.0,13.0,4592.0,6.91,652.0,60,Rent,Home_Improvement,Bachelor,Single,0
107633,40,79681.0,11.0,9258.0,10.98,675.0,60,Mortgage,Debt_Consolidation,Master,Single,0
107634,49,45806.0,1.0,18994.0,7.59,674.0,72,Rent,Debt_Consolidation,Bachelor,Married,1
107635,31,62713.0,25.0,24167.0,11.45,678.0,60,Mortgage,Home_Improvement,Bachelor,Single,0
107636,27,104283.0,2.0,18534.0,14.18,721.0,36,Mortgage,Education,High_School,Single,0
107637,39,63675.0,30.0,2000.0,9.17,631.0,36,Own,Home_Improvement,Bachelor,Single,0
107638,54,,10.0,25295.0,9.95,686.0,36,Mortgage,Debt_Consolidation,Bachelor,Married,1
107639,46,60013.0,27.0,45196.0,14.18,734.0,60,Rent,Debt_Consolidation,Bachelor,Divorced,1
107640,49,53697.0,5.0,16706.0,5.94,632.0,36,Rent,,Bachelor,Single,0
107641,36,32600.0,2.0,4181.0,13.02,667.0,60,Mortgage,Debt_Consolidation,Bachelor,Married,0
107642,35,71722.0,14.0,24288.0,9.37,786.0,36,Rent,Debt_Consolidation,Bachelor,Married,1
107643,58,35864.0,16.0,30475.0,9.12,706.0,60,Mortgage,Home_Improvement,Master,Single,1
107644,42,130261.0,5.0,13188.0,14.41,713.0,60,Mortgage,Medical,Master,Single,0
107645,36,43763.0,10.0,21606.0,12.34,790.0,36,Own,Medical,High_School,Married,1
107646,60,69643.0,25.0,19980.0,6.26,677.0,36,Mortgage,Debt_Consolidation,High_School,Married,1
107647,51,115530.0,28.0,21596.0,7.54,628.0,72,Mortgage,Education,Bachelor,Single,0
107648,64,107265.0,10.0,6456.0,13.93,753.0,36,Rent,Debt_Consolidation,Master,Single,0
107649,53,190943.0,10.0,22312.0,9.18,631.0,48,Mortgage,Debt_Consolidation,Master,Married,0
107650,23,29508.0,7.0,14782.0,10.7,764.0,60,Rent,Home_Improvement,Bachelor,Single,0
107651,50,112071.0,24.0,19213.0,7.97,679.0,60,Own,Medical,High_School,Married,0
107652,62,46805.0,29.0,36066.0,11.85,711.0,60,Mortgage,Business,Bachelor,Single,1
107653,65,50430.0,30.0,13177.0,9.78,688.0,60,Rent,Debt_Consolidation,Bachelor,Single,0
107654,34,46391.0,22.0,11020.0,7.55,649.0,36,Mortgage,Home_Improvement,Bachelor,Divorced,1
107655,31,43351.0,14.0,25270.0,8.64,675.0,36,Rent,Debt_Consolidation,Master,Married,1
107656,35,79322.0,2.0,15488.0,15.74,731.0,48,Own,Debt_Consolidation,High_School,Single,0
107657,27,57510.0,22.0,4802.0,12.06,769.0,48,Rent,Debt_Consolidation,Bachelor,Married,0
107658,54,46735.0,30.0,15707.0,11.22,641.0,60,Rent,Business,Bachelor,Married,0
107659,29,68381.0,30.0,6293.0,7.72,690.0,60,Own,Education,Master,Single,0
107660,42,97458.0,4.0,11427.0,12.64,695.0,72,Mortgage,Debt_Consolidation,High_School,Single,0
107661,23,53325.0,1.0,13663.0,8.21,590.0,72,Own,Debt_Consolidation,High_School,Single,0
107662,24,138936.0,24.0,27676.0,9.42,756.0,72,Mortgage,Education,Master,Married,0
107663,21,96206.0,7.0,22278.0,9.82,796.0,60,Rent,Education,Master,Married,1
107664,39,115487.0,10.0,11362.0,16.08,765.0,36,Mortgage,Home_Improvement,High_School,Married,0
107665,42,58780.0,15.0,31841.0,10.76,698.0,60,Mortgage,Home_Improvement,Bachelor,Married,1
107666,24,74913.0,16.0,19198.0,4.97,734.0,36,Rent,Business,High_School,Single,1
107667,51,56110.0,22.0,30072.0,9.59,654.0,36,Mortgage,Debt_Consolidation,Master,Married,0
107668,56,50463.0,30.0,13649.0,13.32,631.0,60,Rent,Debt_Consolidation,High_School,Single,0
107669,38,30889.0,28.0,16300.0,10.24,713.0,60,Mortgage,Business,Bachelor,Single,0
107670,37,76738.0,23.0,21974.0,11.55,663.0,48,Mortgage,Debt_Consolidation,High_School,Married,0
107671,24,95616.0,6.0,23673.0,10.72,655.0,36,Rent,Home_Improvement,Bachelor,Married,0
107672,27,69838.0,16.0,8068.0,11.73,670.0,48,Rent,Home_Improvement,Bachelor,Married,0
107673,26,83296.0,18.0,10149.0,10.51,711.0,36,Rent,Home_Improvement,Master,Single,0
107674,38,35888.0,4.0,18424.0,12.52,712.0,36,Mortgage,Debt_Consolidation,Bachelor,Married,0
107675,41,90810.0,9.0,30569.0,14.26,761.0,60,Own,Debt_Consolidation,Master,Single,1
107676,60,23194.0,29.0,6712.0,7.92,762.0,36,Mortgage,Education,Master,Single,0
107677,33,55375.0,28.0,15277.0,12.87,661.0,36,Rent,Business,High_School,Single,0
107678,58,95136.0,6.0,26753.0,4.37,618.0,60,Rent,Education,Bachelor,Single,1
107679,61,43262.0,2.0,25493.0,11.59,753.0,36,Rent,Home_Improvement,Bachelor,Single,1
107680,36,41733.0,20.0,15705.0,7.62,679.0,36,Rent,Home_Improvement,Bachelor,Single,0
107681,47,117761.0,30.0,21598.0,8.71,761.0,60,Mortgage,Debt_Consolidation,Master,Single,0
107682,45,108597.0,4.0,29863.0,13.93,662.0,48,Mortgage,Business,Bachelor,Married,1
107683,48,146982.0,25.0,9559.0,7.44,636.0,48,Rent,Debt_Consolidation,Bachelor,Married,0
107684,57,47754.0,9.0,25879.0,8.04,642.0,48,Rent,Debt_Consolidation,Bachelor,Married,1
107685,48,55082.0,0.0,28171.0,12.72,800.0,36,Mortgage,,,Single,1
107686,41,72540.0,30.0,2000.0,15.84,552.0,60,Mortgage,Debt_Consolidation,PhD,Married,0
107687,56,55092.0,8.0,25667.0,11.84,619.0,60,Rent,Debt_Consolidation,Bachelor,Single,1
107688,54,78513.0,3.0,16184.0,9.28,733.0,48,Rent,Medical,High_School,Married,0
107689,31,69342.0,29.0,30798.0,9.62,675.0,60,Rent,Business,Bachelor,Married,0
107690,22,45877.0,12.0,33379.0,7.86,698.0,36,Mortgage,Education,Bachelor,Married,1
107691,36,87634.0,27.0,16626.0,9.89,568.0,36,Rent,Medical,Bachelor,Married,0
107692,31,102054.0,20.0,21908.0,8.8,673.0,60,Mortgage,Home_Improvement,,Married,0
107693,40,53896.0,18.0,13570.0,8.9,637.0,60,Mortgage,Education,Master,Divorced,0
107694,38,34595.0,3.0,18443.0,11.14,636.0,60,Rent,Debt_Consolidation,High_School,Married,1
107695,27,85397.0,7.0,19073.0,8.17,632.0,72,Own,Debt_Consolidation,High_School,Married,0
107696,43,103041.0,0.0,28269.0,6.98,685.0,60,Rent,Medical,PhD,Single,0
107697,54,41956.0,7.0,13367.0,7.96,733.0,60,Rent,Business,Bachelor,Single,0
107698,41,73408.0,23.0,23201.0,7.98,679.0,60,Rent,Debt_Consolidation,Bachelor,Divorced,1
107699,43,66175.0,9.0,13650.0,12.23,714.0,36,Rent,Debt_Consolidation,Master,Single,0
107700,34,96699.0,18.0,2000.0,11.42,604.0,48,Mortgage,Education,Bachelor,Single,0
107701,42,49104.0,23.0,20118.0,4.94,781.0,60,Mortgage,Education,High_School,Married,0
107702,59,27036.0,3.0,7813.0,9.12,709.0,36,Mortgage,Home_Improvement,Bachelor,Married,0
107703,25,44406.0,25.0,15753.0,7.24,656.0,36,Mortgage,Education,Master,Single,0
107704,44,41511.0,9.0,12861.0,8.41,705.0,48,Mortgage,Business,High_School,Single,1
107705,21,85582.0,8.0,31276.0,10.87,761.0,60,Rent,Debt_Consolidation,Bachelor,Single,0
107706,61,68733.0,1.0,26954.0,13.37,733.0,36,Mortgage,Home_Improvement,Bachelor,Married,1
107707,42,41333.0,0.0,13592.0,,696.0,60,Mortgage,Home_Improvement,High_School,Single,0
107708,28,,14.0,18990.0,13.96,584.0,36,Mortgage,Education,Master,Married,0
107709,50,78824.0,28.0,16752.0,12.0,772.0,48,Mortgage,Home_Improvement,Bachelor,Single,0
107710,50,98173.0,20.0,16238.0,9.21,578.0,36,Mortgage,Education,High_School,Married,0
107711,48,98367.0,24.0,17272.0,15.14,752.0,36,Mortgage,Debt_Consolidation,Bachelor,Single,0
107712,32,94006.0,29.0,13645.0,11.64,682.0,60,Own,Business,High_School,Married,0
107713,30,24873.0,2.0,8489.0,11.85,702.0,36,Rent,Medical,Bachelor,Married,0
107714,65,87206.0,1.0,18786.0,7.32,607.0,36,Rent,Home_Improvement,Bachelor,Married,1
107715,64,66230.0,20.0,17818.0,7.33,606.0,36,Rent,Debt_Consolidation,Bachelor,Single,1
107716,23,93417.0,8.0,22091.0,11.93,709.0,48,Rent,Education,Bachelor,Single,0
107717,37,59114.0,16.0,14474.0,10.6,740.0,72,Own,Education,High_School,Married,0
107718,61,93484.0,2.0,22283.0,6.37,624.0,36,Rent,Home_Improvement,High_School,Married,0
107719,23,115088.0,25.0,14960.0,6.76,645.0,60,Rent,Debt_Consolidation,Master,Single,0
107720,58,57834.0,12.0,22608.0,8.15,693.0,60,Rent,Education,High_School,Single,0
107721,47,26351.0,4.0,13342.0,7.78,666.0,60,Rent,Debt_Consolidation,High_School,Single,0
107722,49,113368.0,3.0,2445.0,12.34,664.0,36,Mortgage,Home_Improvement,Bachelor,Married,0
107723,55,39239.0,19.0,20961.0,11.2,720.0,48,Rent,Education,Bachelor,Married,1
107724,53,83449.0,8.0,20692.0,9.39,712.0,48,Rent,Education,Master,Single,1
107725,46,40689.0,17.0,21107.0,10.89,665.0,36,Rent,Debt_Consolidation,Bachelor,Single,1
107726,59,62143.0,7.0,25606.0,10.89,673.0,36,Own,Debt_Consolidation,High_School,Married,1
107727,58,39257.0,30.0,17664.0,10.89,688.0,60,Mortgage,Medical,High_School,Single,0
107728,63,84265.0,1.0,9642.0,10.52,715.0,60,Mortgage,Debt_Consolidation,PhD,Married,1
107729,52,44152.0,14.0,13516.0,14.77,649.0,60,Own,Debt_Consolidation,Bachelor,Married,1
107730,39,56530.0,26.0,31596.0,13.56,832.0,48,Mortgage,Medical,Master,Married,0
107731,29,79887.0,29.0,21663.0,8.78,663.0,36,Mortgage,Debt_Consolidation,Master,Married,0
107732,32,59363.0,2.0,7749.0,7.68,726.0,36,Rent,Education,Bachelor,Married,0
107733,22,40070.0,27.0,22594.0,9.76,728.0,36,Own,Debt_Consolidation,Master,Married,0
107734,31,50805.0,19.0,18113.0,8.24,717.0,60,Rent,Debt_Consolidation,Bachelor,Single,0
107735,42,74506.0,18.0,33032.0,11.09,709.0,36,Own,Debt_Consolidation,Bachelor,Married,0
107736,57,27489.0,0.0,33307.0,9.46,702.0,36,Own,Debt_Consolidation,High_School,Married,1
107737,51,135029.0,25.0,27862.0,12.57,722.0,60,Rent,Medical,Bachelor,Married,0
107738,47,90524.0,13.0,16648.0,9.93,643.0,60,Rent,Business,PhD,Married,0
107739,42,130206.0,5.0,7127.0,6.94,680.0,72,Rent,Home_Improvement,Bachelor,Married,0
107740,55,61569.0,14.0,22473.0,9.93,661.0,36,Own,Education,PhD,Single,1
107741,24,86727.0,18.0,24078.0,15.45,734.0,36,Rent,Debt_Consolidation,Master,Single,1
107742,61,96845.0,1.0,17662.0,11.76,700.0,48,Mortgage,Education,High_School,Single,0
107743,54,112032.0,12.0,10478.0,7.55,672.0,60,Rent,Debt_Consolidation,PhD,Divorced,0
107744,61,95393.0,14.0,23515.0,10.59,749.0,60,Own,Business,PhD,Single,1
107745,21,71634.0,1.0,14857.0,4.0,770.0,36,Own,Home_Improvement,High_School,Divorced,0
107746,58,68367.0,27.0,17781.0,14.07,659.0,72,Own,Debt_Consolidation,High_School,Married,0
107747,53,113900.0,26.0,25859.0,9.69,603.0,60,Rent,Education,Bachelor,Married,0
107748,27,33283.0,25.0,25027.0,4.0,636.0,60,Mortgage,Medical,Bachelor,Married,0
107749,22,106465.0,22.0,24870.0,7.08,716.0,60,Mortgage,Education,Master,Married,0
107750,64,64756.0,18.0,6301.0,16.31,691.0,48,Rent,Home_Improvement,Master,Married,0
107751,22,49002.0,27.0,30592.0,4.84,658.0,60,Mortgage,Business,High_School,Married,0
107752,25,55241.0,5.0,29713.0,5.79,653.0,60,Mortgage,Debt_Consolidation,Bachelor,Divorced,1
107753,28,86685.0,23.0,16937.0,16.49,649.0,60,Rent,Business,Master,Single,1
107754,23,37062.0,16.0,4790.0,7.17,638.0,60,Rent,Education,Bachelor,Single,0
107755,60,142886.0,2.0,32233.0,9.9,666.0,36,Rent,Education,Bachelor,Married,0
107756,55,90975.0,9.0,18291.0,12.78,752.0,36,Mortgage,Home_Improvement,Bachelor,Married,1
107757,43,29180.0,4.0,10707.0,11.03,560.0,60,Rent,Home_Improvement,Master,Single,0
107758,56,77586.0,10.0,18317.0,12.41,748.0,48,Own,Home_Improvement,Bachelor,Single,1
107759,63,48811.0,5.0,21356.0,5.37,690.0,48,Mortgage,Medical,Bachelor,Single,0
107760,56,89231.0,30.0,18970.0,,718.0,60,Rent,Debt_Consolidation,High_School,Married,0
107761,62,46617.0,5.0,26095.0,9.46,720.0,60,Rent,Home_Improvement,High_School,Divorced,1
107762,43,84589.0,3.0,2000.0,14.04,611.0,36,Own,Debt_Consolidation,Bachelor,Single,0
107763,45,160770.0,30.0,14340.0,9.02,646.0,60,Mortgage,Debt_Consolidation,Bachelor,Single,0
107764,44,58576.0,30.0,2000.0,11.76,706.0,60,Mortgage,Education,Bachelor,Single,0
107765,50,88950.0,26.0,17605.0,15.01,762.0,60,Mortgage,Debt_Consolidation,Bachelor,Married,0
107766,64,94090.0,19.0,37828.0,,700.0,36,Rent,Education,High_School,Married,1
107767,61,69878.0,28.0,21103.0,9.3,765.0,48,Rent,Education,Bachelor,Married,1
107768,56,103575.0,11.0,14452.0,10.0,710.0,72,Mortgage,Business,Master,Single,0
107769,46,81793.0,10.0,8275.0,13.19,711.0,72,Mortgage,Education,Bachelor,Single,0
107770,54,48893.0,29.0,6804.0,10.88,689.0,60,Own,Medical,Bachelor,Married,0
107771,53,73231.0,11.0,15396.0,7.48,696.0,36,Mortgage,Business,Master,Married,0
107772,27,90710.0,23.0,19938.0,4.46,732.0,60,Mortgage,Education,Bachelor,Single,0
107773,45,55091.0,12.0,14478.0,12.38,639.0,36,Rent,Debt_Consolidation,Bachelor,Married,1
107774,40,115672.0,4.0,17277.0,10.73,695.0,60,Mortgage,Debt_Consolidation,Bachelor,Single,0
107775,57,40860.0,11.0,22568.0,13.76,600.0,72,Rent,Debt_Consolidation,High_School,Married,1
107776,61,67234.0,7.0,4315.0,16.2,699.0,36,Rent,Debt_Consolidation,Bachelor,Married,0
107777,61,60770.0,15.0,21444.0,10.15,743.0,36,Rent,Debt_Consolidation,Bachelor,Married,1
107778,42,76109.0,27.0,32904.0,8.37,660.0,48,Mortgage,Home_Improvement,Master,Single,0
107779,57,47244.0,7.0,38436.0,13.63,780.0,36,Mortgage,Medical,Master,Divorced,1
107780,45,42992.0,5.0,13896.0,10.96,694.0,60,Mortgage,Debt_Consolidation,Master,Married,0
107781,55,68845.0,10.0,23619.0,16.45,729.0,36,Mortgage,Education,Bachelor,Married,1
107782,51,39701.0,13.0,2000.0,5.35,576.0,48,Own,Medical,Master,Single,0
107783,59,90019.0,11.0,10224.0,12.0,690.0,36,Mortgage,Education,Master,Single,0
107784,60,54211.0,21.0,11758.0,9.9,621.0,36,Rent,Business,High_School,Single,0
107785,59,73852.0,24.0,18842.0,11.77,631.0,72,Own,Debt_Consolidation,Master,Married,0
107786,34,76758.0,5.0,13077.0,5.33,720.0,60,Rent,Debt_Consolidation,PhD,Single,1
107787,28,53438.0,16.0,7480.0,17.38,733.0,36,Mortgage,Medical,High_School,Married,0
107788,35,83492.0,15.0,13565.0,9.76,767.0,36,Rent,Debt_Consolidation,Bachelor,Married,0
107789,55,98474.0,20.0,39041.0,11.14,811.0,48,Rent,Debt_Consolidation,Bachelor,Single,1
107790,21,58022.0,3.0,14435.0,8.42,756.0,60,Mortgage,Business,Bachelor,Single,0
107791,49,87581.0,15.0,12116.0,5.95,683.0,60,Own,Debt_Consolidation,Master,Married,0
107792,23,41547.0,13.0,23410.0,10.45,672.0,60,Rent,Education,Master,Divorced,0
107793,46,176686.0,26.0,19827.0,13.83,693.0,60,Mortgage,Education,High_School,Married,1
107794,37,41260.0,12.0,9531.0,10.86,775.0,48,Rent,Medical,Bachelor,Single,0
107795,38,81209.0,15.0,2501.0,8.47,604.0,72,Mortgage,Home_Improvement,Bachelor,Single,0
107796,62,89942.0,19.0,18340.0,11.16,,72,Rent,Medical,Bachelor,Married,0
107797,53,68998.0,3.0,12047.0,9.75,694.0,60,Mortgage,Debt_Consolidation,High_School,Married,0
107798,28,30518.0,12.0,20299.0,11.44,676.0,72,Own,Education,Master,Married,1
107799,57,35086.0,15.0,21118.0,11.69,633.0,60,Mortgage,Medical,Master,Single,1
107800,36,91141.0,6.0,9329.0,15.8,654.0,60,Own,Education,Bachelor,Married,0
107801,22,88822.0,22.0,13055.0,9.87,646.0,36,Mortgage,Debt_Consolidation,Bachelor,Married,0
107802,26,69958.0,24.0,2000.0,10.22,690.0,36,Rent,Education,Bachelor,Married,0
107803,58,35150.0,19.0,27796.0,9.27,674.0,36,Mortgage,Debt_Consolidation,Bachelor,Single,0
107804,43,123679.0,27.0,23774.0,14.34,683.0,60,Rent,Debt_Consolidation,Bachelor,Married,0
107805,22,56497.0,1.0,9628.0,7.72,740.0,60,Rent,Debt_Consolidation,Bachelor,Married,0
107806,44,85276.0,8.0,21685.0,10.84,707.0,36,Rent,Education,PhD,Single,1
107807,61,74523.0,3.0,14872.0,8.15,662.0,36,Rent,Home_Improvement,Master,Divorced,1
107808,57,60211.0,23.0,2154.0,13.6,688.0,48,Own,Debt_Consolidation,Master,Married,0
107809,25,91586.0,30.0,15761.0,16.6,667.0,60,Rent,Education,High_School,Married,1
107810,47,84337.0,27.0,3905.0,14.55,691.0,36,Rent,Home_Improvement,Master,Single,0
107811,28,80147.0,8.0,2000.0,13.21,642.0,36,Mortgage,Debt_Consolidation,Bachelor,Single,0
107812,36,99817.0,9.0,15135.0,10.67,563.0,48,Rent,Home_Improvement,Master,Married,0
107813,31,43582.0,0.0,7388.0,12.96,648.0,36,Rent,Business,Master,Divorced,0
107814,43,55126.0,24.0,29574.0,7.67,674.0,60,Rent,Debt_Consolidation,Bachelor,Single,1
107815,34,71051.0,3.0,11604.0,5.08,756.0,60,Rent,Debt_Consolidation,Bachelor,Divorced,0
107816,60,37247.0,15.0,23892.0,9.65,750.0,36,Mortgage,Education,Master,Married,1
107817,46,95184.0,20.0,29791.0,12.55,746.0,60,Own,Home_Improvement,Bachelor,Married,1
107818,51,54147.0,12.0,2000.0,4.0,743.0,36,Rent,Medical,High_School,Single,0
107819,21,75274.0,29.0,7176.0,8.19,718.0,36,Rent,Medical,High_School,Single,0
107820,25,74823.0,24.0,20545.0,10.99,648.0,48,Rent,Home_Improvement,Bachelor,Married,1
107821,30,44178.0,20.0,8963.0,11.8,664.0,60,Own,Home_Improvement,Master,Single,0
107822,60,133148.0,25.0,19360.0,6.66,646.0,48,Mortgage,Debt_Consolidation,Bachelor,Married,0
107823,45,41657.0,19.0,20348.0,7.42,669.0,60,Rent,Education,High_School,Divorced,0
107824,21,103182.0,25.0,10440.0,11.96,578.0,60,Mortgage,Debt_Consolidation,Bachelor,Single,0
107825,64,80206.0,29.0,17806.0,10.68,745.0,48,Mortgage,Debt_Consolidation,Master,Married,0
107826,48,57037.0,18.0,21343.0,11.88,769.0,48,Rent,Medical,Master,Married,0
107827,50,63157.0,8.0,13880.0,12.94,575.0,36,Rent,Debt_Consolidation,Bachelor,Single,0
107828,36,38331.0,27.0,7251.0,5.67,755.0,60,Mortgage,Education,High_School,Single,0
107829,59,48867.0,26.0,16875.0,13.48,703.0,36,Rent,Debt_Consolidation,Bachelor,Married,1
107830,55,133027.0,27.0,16581.0,13.23,669.0,36,Rent,Business,Master,Single,0
107831,23,45187.0,0.0,16846.0,12.3,684.0,60,Rent,Debt_Consolidation,Bachelor,Married,0
107832,64,42481.0,19.0,19914.0,7.51,780.0,60,Rent,Home_Improvement,Bachelor,Married,0
107833,46,64015.0,20.0,26803.0,8.3,645.0,36,Mortgage,Home_Improvement,PhD,Single,1
107834,64,90957.0,13.0,33435.0,12.42,670.0,60,Rent,Debt_Consolidation,Bachelor,Divorced,1
107835,31,154266.0,22.0,2000.0,12.46,736.0,60,Mortgage,Business,High_School,Married,0
107836,22,82769.0,17.0,7937.0,12.73,725.0,60,Mortgage,Debt_Consolidation,Bachelor,Married,1
107837,57,52649.0,20.0,20900.0,10.42,766.0,48,Rent,Education,Bachelor,Married,0
107838,22,85614.0,25.0,14390.0,7.84,728.0,60,Mortgage,Medical,High_School,Single,0
107839,31,43747.0,3.0,24270.0,7.38,704.0,60,Mortgage,Education,Bachelor,Single,1
107840,29,51223.0,14.0,27610.0,14.04,797.0,60,Rent,Medical,High_School,Married,1
107841,30,57791.0,22.0,6734.0,10.73,698.0,48,Mortgage,Home_Improvement,High_School,Married,0
107842,56,44811.0,6.0,16281.0,14.25,632.0,36,Rent,Medical,Bachelor,Single,1
107843,41,43565.0,,17447.0,9.66,724.0,36,Mortgage,Debt_Consolidation,PhD,Married,0
107844,35,97570.0,2.0,20795.0,12.33,711.0,60,Mortgage,Business,High_School,Single,1
107845,30,116228.0,13.0,10688.0,8.84,685.0,60,Mortgage,Debt_Consolidation,PhD,Married,0
107846,58,53268.0,17.0,27616.0,10.33,690.0,60,Mortgage,Debt_Consolidation,Bachelor,Married,1
107847,42,99355.0,15.0,17888.0,13.44,697.0,36,Rent,Debt_Consolidation,Bachelor,Single,0
107848,24,70212.0,29.0,2000.0,10.29,670.0,48,Mortgage,Education,Bachelor,Divorced,0
107849,29,78128.0,17.0,12154.0,11.56,635.0,36,Own,Business,Master,Single,0
107850,29,80927.0,23.0,2000.0,8.21,653.0,60,Own,Education,Bachelor,Married,0
107851,63,86747.0,28.0,16690.0,11.89,688.0,36,Mortgage,Debt_Consolidation,Bachelor,Married,0
107852,56,47356.0,26.0,7831.0,8.96,756.0,36,Mortgage,Debt_Consolidation,High_School,Single,0
107853,36,75260.0,17.0,26189.0,10.94,771.0,60,Own,Business,PhD,Single,1
107854,53,30981.0,13.0,13972.0,6.69,680.0,60,Mortgage,Education,High_School,Married,0
107855,57,61606.0,12.0,13092.0,9.25,695.0,48,Rent,Debt_Consolidation,Bachelor,Married,0
107856,24,135579.0,15.0,10637.0,11.47,683.0,60,Rent,Medical,Bachelor,Single,0
107857,23,99094.0,7.0,18503.0,11.54,681.0,36,Rent,Debt_Consolidation,High_School,Married,0
107858,31,89159.0,26.0,26066.0,11.46,677.0,36,Rent,Debt_Consolidation,Bachelor,Married,1
107859,26,26714.0,7.0,28647.0,11.35,699.0,72,Rent,Home_Improvement,Bachelor,Married,1
107860,28,54353.0,18.0,19758.0,14.17,620.0,36,Rent,Debt_Consolidation,High_School,Single,1
107861,65,53513.0,7.0,36499.0,8.13,735.0,72,Rent,Debt_Consolidation,Master,Single,1
107862,25,50965.0,5.0,15025.0,10.74,690.0,60,Mortgage,,Bachelor,Single,0
107863,22,85764.0,11.0,26637.0,12.85,633.0,36,Rent,Business,Master,Married,1
107864,64,43029.0,2.0,39024.0,8.8,665.0,60,Rent,Debt_Consolidation,High_School,Married,1
107865,44,51778.0,20.0,14290.0,6.93,737.0,60,Rent,,Master,Married,0
107866,58,38322.0,11.0,32149.0,,664.0,60,Rent,Education,High_School,Divorced,1
107867,26,71927.0,12.0,38952.0,9.18,650.0,60,Mortgage,Debt_Consolidation,High_School,Married,1
107868,36,44620.0,30.0,11364.0,14.15,660.0,36,Rent,Business,Bachelor,Single,0
107869,49,115712.0,18.0,30212.0,10.28,685.0,36,Mortgage,Debt_Consolidation,High_School,Married,0
107870,22,55690.0,26.0,7158.0,10.49,715.0,60,Rent,Medical,High_School,Married,0
107871,35,100799.0,13.0,8016.0,7.84,774.0,72,Rent,Home_Improvement,Master,Married,0
107872,56,56393.0,9.0,19047.0,5.06,675.0,72,Rent,Education,High_School,Single,0
107873,32,63691.0,28.0,34251.0,12.77,619.0,36,Rent,Debt_Consolidation,High_School,Single,1
107874,58,49905.0,11.0,42184.0,10.91,695.0,60,Rent,Education,Bachelor,Single,1
107875,49,34003.0,9.0,10127.0,12.39,701.0,48,Rent,Education,High_School,Single,0
107876,31,43088.0,26.0,2000.0,13.33,604.0,60,Rent,Debt_Consolidation,Bachelor,Single,0
107877,21,77397.0,19.0,23762.0,15.25,701.0,36,Mortgage,Debt_Consolidation,Bachelor,Single,1
107878,46,59088.0,18.0,13520.0,8.32,695.0,60,Rent,Debt_Consolidation,High_School,Single,0
107879,22,36920.0,,12887.0,11.5,806.0,60,Rent,Medical,Bachelor,Single,0
107880,60,95355.0,9.0,23051.0,13.43,746.0,36,Mortgage,Debt_Consolidation,PhD,Married,1
107881,33,71800.0,6.0,25777.0,11.15,597.0,48,Mortgage,Home_Improvement,Master,Divorced,1
107882,38,66991.0,18.0,23696.0,11.26,777.0,36,Mortgage,Business,Master,Married,0
107883,58,49607.0,1.0,38849.0,12.22,629.0,72,Rent,Debt_Consolidation,Master,Single,1
107884,51,41966.0,18.0,21362.0,11.1,712.0,60,Mortgage,Debt_Consolidation,,Married,0
107885,29,32623.0,16.0,16936.0,5.23,654.0,36,Mortgage,Home_Improvement,High_School,Married,1
107886,62,81566.0,8.0,28885.0,13.83,600.0,72,Rent,Debt_Consolidation,Bachelor,Married,1
107887,57,88540.0,6.0,24462.0,9.32,692.0,60,Own,Debt_Consolidation,Master,Married,0
107888,64,42647.0,13.0,19564.0,11.7,698.0,36,Rent,Debt_Consolidation,Bachelor,Single,0
107889,40,72679.0,6.0,32404.0,14.16,672.0,60,Rent,Home_Improvement,High_School,Single,1
107890,63,67177.0,10.0,26282.0,6.12,762.0,36,Own,Home_Improvement,Bachelor,Single,1
107891,27,65971.0,9.0,15482.0,15.3,698.0,60,Own,Medical,Bachelor,Married,1
107892,58,39720.0,23.0,22825.0,8.57,614.0,36,Rent,Medical,Bachelor,Married,1
107893,56,27067.0,13.0,22321.0,6.52,713.0,72,Mortgage,Debt_Consolidation,High_School,Single,1
107894,58,86510.0,12.0,4006.0,12.86,643.0,72,Own,Home_Improvement,Bachelor,Divorced,0
107895,52,34898.0,20.0,10366.0,14.46,727.0,60,Own,Debt_Consolidation,High_School,Single,1
107896,50,34980.0,13.0,26960.0,9.66,746.0,48,Rent,Debt_Consolidation,Master,Single,0
107897,29,74368.0,2.0,20356.0,7.29,611.0,36,Mortgage,,Bachelor,Divorced,1
107898,62,60291.0,6.0,12691.0,17.44,647.0,48,Rent,Debt_Consolidation,Bachelor,Married,0
107899,39,47582.0,2.0,15042.0,8.22,651.0,36,Mortgage,Debt_Consolidation,High_School,Married,0
107900,46,36544.0,4.0,17135.0,11.62,757.0,48,Mortgage,Business,Bachelor,Single,0
107901,47,47613.0,24.0,39048.0,10.24,551.0,72,Mortgage,Medical,Master,Married,1
107902,30,80835.0,27.0,18539.0,10.84,736.0,48,Mortgage,Business,Bachelor,Married,0
107903,38,75959.0,11.0,14879.0,9.26,656.0,36,Mortgage,Debt_Consolidation,Master,Single,0
107904,25,177560.0,10.0,29877.0,8.92,612.0,36,Rent,Education,Master,Single,1
107905,64,108951.0,4.0,11661.0,8.1,695.0,60,Rent,Debt_Consolidation,High_School,Single,0
107906,65,62784.0,29.0,20089.0,5.54,743.0,36,Mortgage,Education,Bachelor,Married,0
107907,29,50668.0,26.0,27019.0,11.03,703.0,60,Rent,Education,Bachelor,Married,0
107908,40,82538.0,27.0,11777.0,13.08,715.0,48,Mortgage,Debt_Consolidation,Bachelor,Single,0
107909,45,113894.0,5.0,2000.0,4.74,676.0,72,Rent,,Master,Married,0
107910,30,58030.0,30.0,2000.0,6.42,707.0,60,Own,Business,Bachelor,Married,0
107911,48,90281.0,3.0,2248.0,8.93,668.0,36,Mortgage,Debt_Consolidation,Master,Single,0
107912,42,42182.0,6.0,34187.0,7.12,651.0,60,Mortgage,Debt_Consolidation,Master,Married,1
107913,47,71351.0,18.0,6414.0,4.97,725.0,60,Rent,Business,Bachelor,Single,0
107914,42,45193.0,12.0,22208.0,10.32,696.0,36,Rent,Home_Improvement,Bachelor,Married,0
107915,40,61906.0,11.0,20957.0,14.22,673.0,60,Rent,Home_Improvement,Bachelor,Single,0
107916,32,40289.0,6.0,13891.0,11.4,679.0,48,Rent,Home_Improvement,Bachelor,Married,0
107917,63,,6.0,16474.0,9.74,770.0,60,Mortgage,Debt_Consolidation,Master,Divorced,1
107918,59,110045.0,5.0,26283.0,8.41,612.0,48,Mortgage,Home_Improvement,Bachelor,Married,0
107919,59,35782.0,20.0,13349.0,10.38,590.0,36,Mortgage,Debt_Consolidation,Bachelor,Married,0
107920,54,51442.0,15.0,22812.0,9.63,661.0,60,Rent,Education,Bachelor,Single,0
107921,45,59712.0,26.0,21835.0,17.49,715.0,60,Rent,Debt_Consolidation,Bachelor,Married,1
107922,54,81547.0,18.0,27536.0,15.6,706.0,60,Rent,Debt_Consolidation,,Married,0
107923,46,26294.0,12.0,17930.0,8.58,613.0,60,Rent,Home_Improvement,Bachelor,Single,0
107924,22,60083.0,17.0,30036.0,10.81,694.0,36,Rent,Medical,Bachelor,Married,1
107925,63,20045.0,19.0,18925.0,10.49,651.0,36,Mortgage,Home_Improvement,Bachelor,Married,0
107926,44,71589.0,18.0,18922.0,,760.0,60,Rent,Debt_Consolidation,High_School,Married,1
107927,65,90669.0,18.0,34265.0,9.64,723.0,36,Mortgage,Home_Improvement,Master,Divorced,0
107928,54,143042.0,0.0,23607.0,15.24,797.0,60,Rent,Home_Improvement,High_School,Divorced,1
107929,62,65522.0,16.0,26942.0,5.74,585.0,36,Mortgage,Education,High_School,Single,1
107930,38,82608.0,3.0,7546.0,10.91,699.0,36,Rent,Debt_Consolidation,High_School,Married,0
107931,47,68663.0,24.0,2000.0,15.13,680.0,60,Mortgage,Debt_Consolidation,Bachelor,Single,0
107932,42,47243.0,17.0,6525.0,12.93,627.0,36,Mortgage,Home_Improvement,Bachelor,Single,0
107933,62,43860.0,22.0,26103.0,12.21,693.0,36,Rent,Medical,Master,Married,1
107934,34,35996.0,27.0,32849.0,8.92,785.0,60,,Debt_Consolidation,High_School,Single,1
107935,23,40326.0,19.0,18630.0,11.65,715.0,36,Own,Business,Master,Married,1
107936,27,115072.0,29.0,5281.0,9.92,611.0,60,Mortgage,Home_Improvement,High_School,Single,0
107937,31,69849.0,25.0,23739.0,8.66,815.0,36,Rent,Education,Master,Married,0
107938,60,57816.0,4.0,17439.0,12.24,738.0,36,Mortgage,Debt_Consolidation,Master,Single,1
107939,39,,17.0,12797.0,10.62,653.0,60,Mortgage,Home_Improvement,Bachelor,Married,1
107940,55,128250.0,17.0,13642.0,14.66,806.0,36,Rent,Education,Bachelor,Single,0
107941,46,80782.0,7.0,21217.0,9.58,713.0,72,Mortgage,Debt_Consolidation,Master,Married,0
107942,40,40819.0,4.0,8472.0,13.0,696.0,72,Mortgage,Medical,PhD,Single,0
107943,34,50165.0,7.0,37115.0,11.26,,48,Mortgage,Medical,Bachelor,Single,1
107944,39,92171.0,20.0,6286.0,5.86,804.0,72,Own,Debt_Consolidation,High_School,Single,0
107945,62,129540.0,14.0,16206.0,9.85,671.0,60,,Debt_Consolidation,High_School,Married,0
107946,56,46313.0,23.0,27305.0,10.01,,60,Rent,Education,High_School,Married,0
107947,61,65070.0,8.0,2699.0,13.64,660.0,48,Rent,Home_Improvement,Bachelor,Single,0
107948,37,45593.0,1.0,22722.0,7.51,725.0,72,Mortgage,Debt_Consolidation,Master,Single,0
107949,33,56066.0,0.0,17500.0,12.86,677.0,36,Rent,Medical,Bachelor,Single,1
107950,60,37816.0,9.0,23088.0,11.35,717.0,60,Mortgage,Home_Improvement,PhD,Single,1
107951,34,57730.0,1.0,20647.0,15.97,791.0,60,Mortgage,Education,Master,Married,0
107952,54,180638.0,16.0,13969.0,14.11,658.0,36,Mortgage,Debt_Consolidation,PhD,Single,0
107953,40,109419.0,7.0,31094.0,11.97,705.0,36,Rent,Debt_Consolidation,Bachelor,Married,0
107954,51,140149.0,27.0,32266.0,11.29,638.0,60,Rent,Debt_Consolidation,PhD,Single,0
107955,50,54371.0,20.0,21904.0,13.34,715.0,36,Rent,Debt_Consolidation,Bachelor,Single,0
107956,46,71907.0,15.0,11838.0,9.98,682.0,36,Own,Debt_Consolidation,Bachelor,Single,0
107957,34,112621.0,30.0,16198.0,15.3,652.0,60,Rent,Medical,Bachelor,Married,0
107958,46,125236.0,9.0,13119.0,8.69,700.0,60,Own,Debt_Consolidation,Master,Married,0
107959,62,61568.0,3.0,11637.0,9.35,666.0,60,Rent,Debt_Consolidation,Bachelor,Single,0
107960,41,70194.0,7.0,11966.0,14.15,790.0,48,Mortgage,Education,High_School,Married,0
107961,35,83960.0,11.0,18518.0,15.36,708.0,60,Mortgage,Education,Bachelor,Single,0
107962,53,57623.0,4.0,10865.0,15.02,700.0,60,Own,Debt_Consolidation,Master,Single,0
107963,40,95233.0,,6552.0,14.96,714.0,36,Rent,Home_Improvement,PhD,Married,0
107964,65,37652.0,23.0,19349.0,6.54,638.0,60,Rent,Debt_Consolidation,Bachelor,Single,1
107965,26,52391.0,1.0,14553.0,4.0,723.0,36,Own,Debt_Consolidation,Master,Single,0
107966,46,127460.0,25.0,32899.0,9.28,773.0,60,Rent,Debt_Consolidation,Bachelor,Married,0
107967,29,39607.0,30.0,24062.0,11.37,609.0,60,Own,Business,Master,Married,0
107968,58,52151.0,22.0,19232.0,14.85,644.0,36,Mortgage,Debt_Consolidation,High_School,Married,1
107969,43,59760.0,6.0,15214.0,9.88,711.0,48,Rent,Debt_Consolidation,Master,Single,1
107970,62,96595.0,26.0,10376.0,9.94,685.0,60,Mortgage,Debt_Consolidation,Master,Single,0
107971,48,106195.0,20.0,20149.0,11.57,662.0,60,Rent,Debt_Consolidation,High_School,Single,0
107972,48,33543.0,4.0,20027.0,14.57,625.0,36,Rent,Business,Bachelor,Single,1
107973,31,46018.0,15.0,18450.0,4.0,717.0,60,Rent,Home_Improvement,Bachelor,Married,0
107974,36,46939.0,17.0,20521.0,15.68,628.0,72,Rent,Home_Improvement,Master,Married,1
107975,32,95050.0,28.0,22072.0,14.12,715.0,48,Rent,Education,Bachelor,Single,1
107976,50,38128.0,5.0,21684.0,9.36,705.0,60,Rent,Business,Bachelor,Divorced,1
107977,22,111147.0,27.0,7992.0,10.17,605.0,36,Mortgage,Debt_Consolidation,Bachelor,Single,0
107978,50,115306.0,16.0,25656.0,8.71,657.0,72,Mortgage,Debt_Consolidation,,Married,0
107979,42,101183.0,29.0,27792.0,10.66,659.0,36,Mortgage,Home_Improvement,Bachelor,Married,0
107980,25,121726.0,3.0,34863.0,12.06,705.0,60,Rent,Debt_Consolidation,Bachelor,Divorced,0
107981,61,41443.0,5.0,16783.0,8.44,624.0,72,Own,Business,High_School,Single,0
107982,51,69773.0,4.0,17179.0,11.43,,36,Rent,Debt_Consolidation,Bachelor,Married,1
107983,59,84327.0,25.0,29137.0,11.8,635.0,36,Mortgage,Debt_Consolidation,Master,Single,0
107984,56,99404.0,0.0,10003.0,7.14,680.0,72,Mortgage,Debt_Consolidation,High_School,Divorced,0
107985,35,50849.0,2.0,10474.0,9.54,750.0,60,,Education,Bachelor,Single,0
107986,26,96241.0,7.0,10883.0,8.96,578.0,36,Rent,Debt_Consolidation,Master,Single,0
107987,46,56266.0,14.0,7049.0,8.91,635.0,36,Rent,Debt_Consolidation,Master,Single,0
107988,42,120958.0,4.0,20258.0,14.15,682.0,36,Rent,Debt_Consolidation,High_School,Divorced,0
107989,54,126539.0,4.0,14169.0,5.46,678.0,36,Rent,Debt_Consolidation,Bachelor,Married,1
107990,54,80991.0,29.0,20764.0,4.0,,72,Own,Debt_Consolidation,Bachelor,Divorced,0
107991,24,76401.0,0.0,24921.0,13.91,595.0,60,Mortgage,Debt_Consolidation,Bachelor,Married,0
107992,52,71913.0,16.0,21070.0,11.44,633.0,60,,Debt_Consolidation,Master,Single,0
107993,29,27585.0,6.0,25935.0,8.54,654.0,36,Rent,Debt_Consolidation,Master,Single,0
107994,48,65603.0,25.0,27168.0,18.73,624.0,48,Rent,Home_Improvement,Master,Married,1
107995,55,39038.0,25.0,20474.0,10.7,735.0,36,Mortgage,Debt_Consolidation,Bachelor,Single,0
107996,48,91717.0,7.0,24380.0,12.08,737.0,60,Mortgage,Debt_Consolidation,Master,Single,0
107997,33,34554.0,21.0,29461.0,7.44,676.0,60,Rent,Education,Bachelor,Married,1
107998,22,32037.0,28.0,7974.0,8.98,661.0,36,Mortgage,Home_Improvement,Master,Married,0
107999,43,34495.0,22.0,22381.0,10.34,705.0,48,Rent,Home_Improvement,,Married,0
108000,60,99707.0,12.0,10936.0,9.15,698.0,36,Rent,Debt_Consolidation,Bachelor,Divorced,0
